general-projectname,general-readlength,general-runname,general-samplename,subsample-rawreads,subsample-subsampledreads,fastqc-meanreadqualityR1,fastqc-pct-adapter,fastqc-pct-deduplicated,fastqc-pct-dimer,fastqc-pct-gc,fastqc-sequencelength,fastqc-totalsequences,fastqspeciesscreen-pct-Adapters,fastqspeciesscreen-pct-Chloroplast,fastqspeciesscreen-pct-Mitochondria,fastqspeciesscreen-pct-NoHit,fastqspeciesscreen-pct-PhiX,fastqspeciesscreen-pct-Vectors,fastqspeciesscreen-pct-ecoli,fastqspeciesscreen-pct-human,fastqspeciesscreen-pct-mouse,fastqspeciesscreen-pct-rRNA,fastp
Yu3_Project_002,101,201111_A00223_0449_BHWCWNDRXX,1,3287972,3287972,36.1,0.34,42.04,0.15,42,101,2000000,0,20.32,0,76.57,0,0,0,0.02,0.16,2.93,2974544
Yu3_Project_002,101,201111_A00223_0449_BHWCWNDRXX,100,5303933,5303933,34.4,0.18,56.62,0.14,40,101,2000000,0,11.07,0,85.19,0,0,0,0.08,0.03,3.63,5300338
Yu3_Project_002,101,201111_A00223_0449_BHWCWNDRXX,100A,2975486,2975486,36,0.13,47.1,0.07,41,101,2000000,0,8.52,0,89.06,0,0,0,0.17,0.08,2.17,3515349
Yu3_Project_002,101,201111_A00223_0449_BHWCWNDRXX,101A,3517141,3517141,35,0.16,51.25,0.11,41,101,2000000,0,5.35,0,91.99,0,0,0,0.04,0.12,2.5,2663493
Yu3_Project_002,101,201111_A00223_0449_BHWCWNDRXX,102A,2664465,2664465,36,0.16,48.5,0.08,41,101,2000000,0,8.66,0,89,0.01,0,0,0.01,0.14,2.18,3177766
Yu3_Project_002,101,201111_A00223_0449_BHWCWNDRXX,103A,3179029,3179029,35.6,0.16,48.14,0.07,41,101,2000000,0,14.89,0,82.35,0,0,0,0.19,0.05,2.52,4541814
Yu3_Project_002,101,201111_A00223_0449_BHWCWNDRXX,104,4543759,4543759,35.8,0.15,53.48,0.08,40,101,2000000,0,10.12,0,86.61,0,0,0,0.09,0.04,3.14,3973954
Yu3_Project_002,101,201111_A00223_0449_BHWCWNDRXX,107,3981169,3981169,36,0.28,51.07,0.16,41,101,2000000,0,14.43,0,82.3,0,0,0,0.11,0.06,3.1,5383653
Yu3_Project_002,101,201111_A00223_0449_BHWCWNDRXX,108,5386289,5386289,33.9,0.01,56.13,0,40,101,2000000,0,12.7,0,83.7,0,0,0,0.12,0.04,3.44,4111678
Yu3_Project_002,101,201111_A00223_0449_BHWCWNDRXX,10A,4113672,4113672,35.2,0.19,48.45,0.11,41,101,2000000,0.02,12.12,0,84.74,0,0,0,0.1,0.02,3,4879011
Yu3_Project_002,101,201111_A00223_0449_BHWCWNDRXX,111,4880432,4880432,35.9,0.08,52.19,0.04,40,101,2000000,0,11.73,0,84.22,0,0,0,0.12,0.09,3.84,4193706
Yu3_Project_002,101,201111_A00223_0449_BHWCWNDRXX,112,5073226,5073226,35.8,0.11,51.07,0.06,40,101,2000000,0,12.7,0,84.12,0,0,0,0.16,0.08,2.94,5071667
Yu3_Project_002,101,201111_A00223_0449_BHWCWNDRXX,112A,4195265,4195265,35.9,0.12,48.43,0.06,41,101,2000000,0,9.28,0,88.66,0,0,0,0.03,0.13,1.9,5124299
Yu3_Project_002,101,201111_A00223_0449_BHWCWNDRXX,113,5127442,5127442,34,0.02,58.04,0.01,40,101,2000000,0,7.21,0,90.13,0,0,0,0.08,0.03,2.55,4856453
Yu3_Project_002,101,201111_A00223_0449_BHWCWNDRXX,115,4858333,4858333,34.7,0.07,54.09,0.03,40,101,2000000,0,12.5,0,84.03,0,0,0,0.1,0.06,3.31,4450964
Yu3_Project_002,101,201111_A00223_0449_BHWCWNDRXX,116,4452311,4452311,35.9,0.05,50.08,0.02,40,101,2000000,0,10.99,0,85.46,0,0,0,0.15,0.05,3.35,4861159
Yu3_Project_002,101,201111_A00223_0449_BHWCWNDRXX,117,4862776,4862776,35.4,0.18,53.8,0.16,40,101,2000000,0.01,8.87,0,87.9,0,0,0,0.02,0.13,3.07,4667364
Yu3_Project_002,101,201111_A00223_0449_BHWCWNDRXX,118,4668822,4668822,35.8,0.1,51.23,0.06,40,101,2000000,0,13.4,0,83.1,0,0,0,0.11,0.07,3.32,3829681
Yu3_Project_002,101,201111_A00223_0449_BHWCWNDRXX,119A,3832222,3832222,34.7,0.21,47.79,0.11,41,101,2000000,0,14.1,0,83.73,0,0,0.02,0.07,0.01,2.07,4747862
Yu3_Project_002,101,201111_A00223_0449_BHWCWNDRXX,12,2672161,2672161,36,0.14,44.7,0.06,42,101,2000000,0,15.53,0,80.78,0,0,0,0.12,0.07,3.5,4805685
Yu3_Project_002,101,201111_A00223_0449_BHWCWNDRXX,121,4750377,4750377,35.5,0.14,52.83,0.07,40,101,2000000,0,9.79,0,86.23,0,0,0,0.12,0.06,3.8,4674417
Yu3_Project_002,101,201111_A00223_0449_BHWCWNDRXX,123,4809634,4809634,34.6,0.05,55.12,0.02,40,101,2000000,0,8.35,0,87.72,0.01,0,0,0.15,0.03,3.74,3872187
Yu3_Project_002,101,201111_A00223_0449_BHWCWNDRXX,124,4677367,4677367,34.6,0.17,55.41,0.11,40,101,2000000,0,13.71,0,83.59,0,0,0,0.05,0.02,2.63,3880350
Yu3_Project_002,101,201111_A00223_0449_BHWCWNDRXX,125,3873950,3873950,35.9,0.07,50.28,0.02,40,101,2000000,0,10.97,0,85.15,0,0,0,0.07,0.07,3.74,4532131
Yu3_Project_002,101,201111_A00223_0449_BHWCWNDRXX,126,3882380,3882380,35.8,0.45,52.9,0.42,40,101,2000000,0,11.83,0,84.62,0,0,0,0.02,0.12,3.41,5748317
Yu3_Project_002,101,201111_A00223_0449_BHWCWNDRXX,128,4533954,4533954,35.9,0.2,50.21,0.13,40,101,2000000,0,17.31,0,80.05,0,0,0,0.15,0.02,2.47,2671330
Yu3_Project_002,101,201111_A00223_0449_BHWCWNDRXX,129,5755946,5755946,35.6,0.2,53.95,0.11,40,101,2000000,0,12.48,0,85.19,0,0,0,0.01,0.11,2.21,4437071
Yu3_Project_002,101,201111_A00223_0449_BHWCWNDRXX,13,6308180,6308180,33.7,0.03,49.9,0.01,41,101,2000000,0,15.63,0,81.74,0,0,0.01,0.13,0.03,2.46,4711349
Yu3_Project_002,101,201111_A00223_0449_BHWCWNDRXX,130,4438467,4438467,36,0.17,51.25,0.1,40,101,2000000,0,15.28,0,81.56,0,0,0,0.01,0.12,3.03,4963848
Yu3_Project_002,101,201111_A00223_0449_BHWCWNDRXX,131,4734951,4734951,35.6,0.61,53.88,0.61,40,101,2000000,0,11.72,0,85.09,0,0,0,0.01,0.11,3.07,5051964
Yu3_Project_002,101,201111_A00223_0449_BHWCWNDRXX,133,4966859,4966859,34.9,0.05,51.67,0.02,40,101,2000000,0,13.86,0,83.13,0,0,0,0.03,0.23,2.75,4141101
Yu3_Project_002,101,201111_A00223_0449_BHWCWNDRXX,134,5053928,5053928,34.9,0.12,54.59,0.06,40,101,2000000,0,11,0,86.4,0,0,0,0.2,0.05,2.35,3468605
Yu3_Project_002,101,201111_A00223_0449_BHWCWNDRXX,135,4142624,4142624,35.9,0.09,51.95,0.04,40,101,2000000,0,13.27,0,83.77,0,0,0,0.24,0.05,2.67,4651156
Yu3_Project_002,101,201111_A00223_0449_BHWCWNDRXX,138,4657382,4657382,35.9,0.19,52.33,0.12,40,101,2000000,0,11.15,0,86.3,0,0,0,0.15,0.04,2.36,6303586
Yu3_Project_002,101,201111_A00223_0449_BHWCWNDRXX,138B,3469997,3469997,35.9,0.19,48.31,0.12,41,101,2000000,0,12.23,0,85.1,0,0,0,0.15,0.03,2.49,4881805
Yu3_Project_002,101,201111_A00223_0449_BHWCWNDRXX,14,7437113,7437113,35.6,0.14,53.09,0.06,40,101,2000000,0,8.94,0,87.6,0,0,0,0.19,0.09,3.18,5968338
Yu3_Project_002,101,201111_A00223_0449_BHWCWNDRXX,140,4883477,4883477,35.8,0.15,52.35,0.07,40,101,2000000,0,13.45,0,83.08,0,0,0,0.09,0.02,3.36,5069383
Yu3_Project_002,101,201111_A00223_0449_BHWCWNDRXX,141,5970782,5970782,36,0.22,52.5,0.13,41,101,2000000,0,7.84,0,87.95,0,0,0,0.12,0.05,4.04,4786340
Yu3_Project_002,101,201111_A00223_0449_BHWCWNDRXX,143,5071486,5071486,36,0.15,55.93,0.1,40,101,2000000,0,7.31,0,89.25,0,0,0,0.21,0.12,3.11,7410537
Yu3_Project_002,101,201111_A00223_0449_BHWCWNDRXX,144,4788052,4788052,36,0.25,52.4,0.19,40,101,2000000,0,10.09,0,86.27,0,0,0,0.05,0.16,3.43,5279696
Yu3_Project_002,101,201111_A00223_0449_BHWCWNDRXX,145,7420973,7420973,32.7,0,61.68,0,40,101,2000000,0,8.5,0,88.18,0,0,0,0.11,0.01,3.2,4542936
Yu3_Project_002,101,201111_A00223_0449_BHWCWNDRXX,146,5282106,5282106,35.1,0.15,55.99,0.1,39,101,2000000,0,9.54,0,88.08,0,0,0,0.14,0.04,2.2,5300569
Yu3_Project_002,101,201111_A00223_0449_BHWCWNDRXX,147,4544664,4544664,36,0.08,52.28,0.04,40,101,2000000,0,10.74,0,86.4,0,0,0,0.08,0.08,2.7,7434484
Yu3_Project_002,101,201111_A00223_0449_BHWCWNDRXX,149,5302652,5302652,36,0.18,52.96,0.11,40,101,2000000,0,11.54,0,85.89,0.01,0,0,0.12,0.02,2.42,5132314
Yu3_Project_002,101,201111_A00223_0449_BHWCWNDRXX,15,8019144,8019144,35.5,0.15,52.96,0.05,40,101,2000000,0,10.46,0,86.77,0.01,0,0,0.18,0.06,2.52,4839367
Yu3_Project_002,101,201111_A00223_0449_BHWCWNDRXX,150,5134563,5134563,36,0.16,54.32,0.08,40,101,2000000,0,9.44,0,87.36,0,0,0,0.17,0.04,2.99,4016157
Yu3_Project_002,101,201111_A00223_0449_BHWCWNDRXX,151,4849767,4849767,35.9,0.29,55,0.21,40,101,2000000,0,10.08,0,87.47,0,0,0,0.02,0.1,2.33,4355011
Yu3_Project_002,101,201111_A00223_0449_BHWCWNDRXX,152,4021082,4021082,36,0.15,56.9,0.09,39,101,2000000,0,8.95,0,87.7,0,0,0,0.21,0.08,3.06,4732666
Yu3_Project_002,101,201111_A00223_0449_BHWCWNDRXX,153,4356618,4356618,35.8,0.19,53.92,0.12,40,101,2000000,0,11.28,0,85.48,0,0,0,0.12,0.05,3.07,4420630
Yu3_Project_002,101,201111_A00223_0449_BHWCWNDRXX,155,4735505,4735505,35,0.12,53.16,0.09,40,101,2000000,0,15.84,0,81.51,0,0,0,0.14,0.08,2.43,4045949
Yu3_Project_002,101,201111_A00223_0449_BHWCWNDRXX,156,4437302,4437302,34.9,0.46,55.82,0.44,40,101,2000000,0,12.17,0,84.76,0,0,0,0.1,0.07,2.9,3781141
Yu3_Project_002,101,201111_A00223_0449_BHWCWNDRXX,157,4047508,4047508,35.8,0.21,54.54,0.19,39,101,2000000,0,9.44,0,88.24,0,0,0,0.14,0.02,2.16,4005338
Yu3_Project_002,101,201111_A00223_0449_BHWCWNDRXX,158,3806576,3806576,35.8,0.81,53.28,0.81,40,101,2000000,0,10.76,0,85.59,0,0,0,0.02,0.18,3.45,8012548
Yu3_Project_002,101,201111_A00223_0449_BHWCWNDRXX,15B,4006637,4006637,35.9,0.1,45.03,0.06,40,101,2000000,0.01,15.13,0,82.23,0,0,0,0.03,0.16,2.44,3886813
Yu3_Project_002,101,201111_A00223_0449_BHWCWNDRXX,16,5937413,5937413,35.4,0.1,55.52,0.05,39,101,2000000,0,7.19,0,89.88,0,0,0,0.13,0.06,2.74,4720444
Yu3_Project_002,101,201111_A00223_0449_BHWCWNDRXX,160,3867244,3867244,35.9,0.21,50.14,0.14,41,101,2000000,0,12.75,0,83.12,0,0,0,0.17,0.05,3.91,3376653
Yu3_Project_002,101,201111_A00223_0449_BHWCWNDRXX,1608.02,3888698,3888698,35.9,0.17,48.14,0.11,41,101,2000000,0,10.87,0,86.34,0,0,0,0.11,0.03,2.65,5016450
Yu3_Project_002,101,201111_A00223_0449_BHWCWNDRXX,1608.05,4722105,4722105,36,0.08,46.38,0.05,40,101,2000000,0,10.24,0,87.04,0,0,0,0.03,0.12,2.57,3294817
Yu3_Project_002,101,201111_A00223_0449_BHWCWNDRXX,1608.14,3377900,3377900,35.9,0.12,43.73,0.06,41,101,2000000,0,11.06,0,84.91,0,0,0,0.01,0.08,3.94,3507213
Yu3_Project_002,101,201111_A00223_0449_BHWCWNDRXX,1608.15,5018437,5018437,35.9,0.14,47.08,0.09,40,101,2000000,0,8.21,0,89.2,0,0,0,0.04,0.14,2.41,3130227
Yu3_Project_002,101,201111_A00223_0449_BHWCWNDRXX,1608.19,3296195,3296195,36,0.22,45.27,0.15,42,101,2000000,0,8.77,0,88.81,0,0,0,0.12,0.01,2.29,3865820
Yu3_Project_002,101,201111_A00223_0449_BHWCWNDRXX,1608.23,3508418,3508418,36,0.11,45.73,0.07,41,101,2000000,0,5.99,0,90.5,0,0,0,0.2,0.06,3.25,2677124
Yu3_Project_002,101,201111_A00223_0449_BHWCWNDRXX,1608.24,3131793,3131793,35.2,0.12,50.59,0.05,41,101,2000000,0,9.25,0,88.69,0,0,0.01,0.16,0.04,1.85,4640614
Yu3_Project_002,101,201111_A00223_0449_BHWCWNDRXX,161,5194799,5194799,35.9,0.24,53.32,0.19,40,101,2000000,0,9.87,0.02,86.27,0,0,0,0.1,0.04,3.7,3444557
Yu3_Project_002,101,201111_A00223_0449_BHWCWNDRXX,1613.02,2678010,2678010,36,0.11,45.23,0.05,41,101,2000000,0,12.9,0,84.62,0,0,0.01,0.13,0.02,2.32,2792479
Yu3_Project_002,101,201111_A00223_0449_BHWCWNDRXX,1613.08,4642938,4642938,35.9,0.2,45.91,0.15,41,101,2000000,0,10.83,0,86.09,0,0,0,0.08,0.16,2.84,3391107
Yu3_Project_002,101,201111_A00223_0449_BHWCWNDRXX,1613.1,3447197,3447197,34.8,0.11,50.56,0.05,41,101,2000000,0,7.78,0,89.2,0,0,0,0.21,0.07,2.74,3055148
Yu3_Project_002,101,201111_A00223_0449_BHWCWNDRXX,1613.11,2793658,2793658,36,0.17,45.68,0.1,41,101,2000000,0,11.76,0,84.44,0,0,0,0.07,0.24,3.49,3388260
Yu3_Project_002,101,201111_A00223_0449_BHWCWNDRXX,1613.12,3392244,3392244,35.9,0.09,45.35,0.05,41,101,2000000,0,9.35,0,87.35,0,0,0,0.03,0.13,3.14,3052637
Yu3_Project_002,101,201111_A00223_0449_BHWCWNDRXX,1613.2,3056406,3056406,35.3,0.11,46.8,0.06,40,101,2000000,0,10.52,0,86.41,0,0,0,0.05,0.12,2.9,3035916
Yu3_Project_002,101,201111_A00223_0449_BHWCWNDRXX,1613.21,3390406,3390406,34.5,0.1,52.6,0.04,41,101,2000000,0,9.7,0,87.41,0,0,0,0.15,0.06,2.68,2785481
Yu3_Project_002,101,201111_A00223_0449_BHWCWNDRXX,1613.22,3053683,3053683,35.9,0.09,43.71,0.04,41,101,2000000,0,10.92,0,84.89,0,0,0,0,0.14,4.05,2498849
Yu3_Project_002,101,201111_A00223_0449_BHWCWNDRXX,1613.23,3036851,3036851,35.9,0.11,46.13,0.05,41,101,2000000,0,12.49,0,85.04,0,0,0,0.18,0.03,2.26,5192802
Yu3_Project_002,101,201111_A00223_0449_BHWCWNDRXX,1613.29,2499677,2499677,36,0.17,45.97,0.11,41,101,2000000,0,12.32,0,84.53,0,0,0,0.01,0.13,3.01,2789153
Yu3_Project_002,101,201111_A00223_0449_BHWCWNDRXX,1613.29.H07,2786279,2786279,36,0.16,42.9,0.08,41,101,2000000,0.01,15.11,0,81.78,0,0,0,0.14,0.06,2.9,4177887
Yu3_Project_002,101,201111_A00223_0449_BHWCWNDRXX,1622.12B,2790394,2790394,36,0.14,46.03,0.08,42,101,2000000,0,10.43,0,86.79,0,0,0,0,0.11,2.67,4186329
Yu3_Project_002,101,201111_A00223_0449_BHWCWNDRXX,163,4179344,4179344,36,0.12,53.34,0.07,40,101,2000000,0,10.27,0,87.21,0,0,0,0.11,0.05,2.36,3256870
Yu3_Project_002,101,201111_A00223_0449_BHWCWNDRXX,164,4188342,4188342,35.8,0.32,55.28,0.29,40,101,2000000,0,8.05,0,87.59,0,0,0,0.16,0.03,4.17,4637258
Yu3_Project_002,101,201111_A00223_0449_BHWCWNDRXX,166,4640980,4640980,34.3,0.15,58.28,0.14,40,101,2000000,0,11.3,0,85.77,0,0,0,0.03,0.16,2.74,4771777
Yu3_Project_002,101,201111_A00223_0449_BHWCWNDRXX,166B,3258409,3258409,35.4,0.17,49.68,0.09,41,101,2000000,0,7.94,0,89,0,0,0.01,0.07,0.1,2.88,5695646
Yu3_Project_002,101,201111_A00223_0449_BHWCWNDRXX,168,4774497,4774497,34.6,0.23,56.33,0.2,40,101,2000000,0,14.16,0,82.91,0,0,0,0.15,0.03,2.75,5935071
Yu3_Project_002,101,201111_A00223_0449_BHWCWNDRXX,169,5697419,5697419,35.8,0.11,52.9,0.05,40,101,2000000,0,8.52,0,88.11,0,0,0,0.12,0.09,3.16,3045916
Yu3_Project_002,101,201111_A00223_0449_BHWCWNDRXX,17,3347879,3347879,35,0.16,46.79,0.1,41,101,2000000,0,13.04,0,82.95,0,0,0,0.18,0.05,3.78,4440845
Yu3_Project_002,101,201111_A00223_0449_BHWCWNDRXX,170,4458769,4458769,35.6,0.48,55.03,0.47,40,101,2000000,0,9.82,0,87.67,0,0,0,0.02,0.14,2.35,3478970
Yu3_Project_002,101,201111_A00223_0449_BHWCWNDRXX,170B,3047015,3047015,36,0.17,47.29,0.09,41,101,2000000,0,10.45,0,86.61,0,0,0,0.05,0.17,2.72,4481071
Yu3_Project_002,101,201111_A00223_0449_BHWCWNDRXX,172,4482830,4482830,35.8,0.22,54.34,0.17,40,101,2000000,0,9.08,0,87.97,0,0,0,0.09,0.02,2.84,5578067
Yu3_Project_002,101,201111_A00223_0449_BHWCWNDRXX,172A,3480953,3480953,35.2,0.14,48.01,0.08,41,101,2000000,0,10.33,0,87.28,0,0,0,0.14,0.03,2.22,4959794
Yu3_Project_002,101,201111_A00223_0449_BHWCWNDRXX,173,5585495,5585495,35.8,0.17,56.85,0.11,40,101,2000000,0,4.95,0,92.73,0,0,0,0,0.35,1.97,4812739
Yu3_Project_002,101,201111_A00223_0449_BHWCWNDRXX,175,4961349,4961349,35.9,0.15,52.29,0.09,40,101,2000000,0,13.59,0,83.62,0,0,0,0.07,0.05,2.67,4546754
Yu3_Project_002,101,201111_A00223_0449_BHWCWNDRXX,176,4814370,4814370,35.7,0.1,51.27,0.05,40,101,2000000,0,11.45,0,85.78,0,0,0,0.02,0.14,2.61,3346078
Yu3_Project_002,101,201111_A00223_0449_BHWCWNDRXX,178,4549207,4549207,34.9,0.08,56.2,0.05,40,101,2000000,0,8.07,0,88.84,0,0,0,0.18,0.03,2.88,2989647
Yu3_Project_002,101,201111_A00223_0449_BHWCWNDRXX,18,5331124,5331124,35.8,0.13,53.23,0.07,40,101,2000000,0.01,7.95,0,89.09,0,0,0,0.11,0.03,2.81,4760168
Yu3_Project_002,101,201111_A00223_0449_BHWCWNDRXX,180B,2990858,2990858,36,0.21,47.73,0.13,41,101,2000000,0,9.32,0,87.36,0,0,0,0.04,0.15,3.13,4388283
Yu3_Project_002,101,201111_A00223_0449_BHWCWNDRXX,183,4762080,4762080,35.2,0.14,54.32,0.08,40,101,2000000,0,11.41,0,85.19,0,0,0,0.15,0.05,3.2,3147588
Yu3_Project_002,101,201111_A00223_0449_BHWCWNDRXX,184,4389749,4389749,35.7,0.07,53.09,0.03,40,101,2000000,0,10.44,0,86.07,0,0,0,0.01,0.22,3.26,3887332
Yu3_Project_002,101,201111_A00223_0449_BHWCWNDRXX,185B,3148561,3148561,36,0.22,46.01,0.18,41,101,2000000,0,8.42,0,87.86,0,0,0,0.1,0.02,3.6,4512745
Yu3_Project_002,101,201111_A00223_0449_BHWCWNDRXX,186,3888961,3888961,35.8,0.3,54.1,0.24,41,101,2000000,0,10.41,0,85.83,0,0,0,0.29,0.16,3.31,6168489
Yu3_Project_002,101,201111_A00223_0449_BHWCWNDRXX,187,4513987,4513987,36,0.07,51.49,0.03,40,101,2000000,0,12.58,0,84.53,0,0,0,0.14,0.06,2.69,3739229
Yu3_Project_002,101,201111_A00223_0449_BHWCWNDRXX,188,6171395,6171395,35.9,0.06,51.79,0.03,40,101,2000000,0,10.36,0,86.87,0,0,0,0.1,0,2.67,5329047
Yu3_Project_002,101,201111_A00223_0449_BHWCWNDRXX,189,3740625,3740625,36,0.24,53.78,0.17,40,101,2000000,0,10.5,0,86.12,0,0,0,0.19,0.04,3.15,4372119
Yu3_Project_002,101,201111_A00223_0449_BHWCWNDRXX,19,6317864,6317864,35.9,0.1,52.71,0.05,39,101,2000000,0,9.22,0,88.56,0,0,0,0.12,0.01,2.09,4771086
Yu3_Project_002,101,201111_A00223_0449_BHWCWNDRXX,190,4374486,4374486,34.9,0.19,57.05,0.15,40,101,2000000,0,7.06,0,89.56,0,0,0,0.15,0.1,3.13,4626742
Yu3_Project_002,101,201111_A00223_0449_BHWCWNDRXX,191,4774491,4774491,34.6,0.08,56.75,0.06,40,101,2000000,0,7.81,0,88.82,0.01,0,0,0.05,0.05,3.26,4489401
Yu3_Project_002,101,201111_A00223_0449_BHWCWNDRXX,193,4629413,4629413,34.5,0.11,55.59,0.06,41,101,2000000,0,8.01,0,87.24,0,0,0,0.16,0.02,4.57,4098880
Yu3_Project_002,101,201111_A00223_0449_BHWCWNDRXX,194,4491217,4491217,35.7,0.11,53.14,0.07,41,101,2000000,0,4.58,0,88.69,0,0,0,0.1,0.08,6.55,4429483
Yu3_Project_002,101,201111_A00223_0449_BHWCWNDRXX,195,4100531,4100531,35.8,0.27,49.25,0.19,41,101,2000000,0,16.87,0,79.43,0.01,0,0,0.26,0.07,3.36,4102666
Yu3_Project_002,101,201111_A00223_0449_BHWCWNDRXX,196,4431403,4431403,35.6,0.19,50.71,0.1,41,101,2000000,0,10.04,0,85.69,0,0,0,0.02,0.11,4.14,4836535
Yu3_Project_002,101,201111_A00223_0449_BHWCWNDRXX,198,4104025,4104025,36,0.15,48.89,0.08,41,101,2000000,0,11.66,0,84.02,0,0,0,0.15,0.02,4.15,6315447
Yu3_Project_002,101,201111_A00223_0449_BHWCWNDRXX,199,4838306,4838306,35.9,0.21,50.09,0.14,40,101,2000000,0.01,14.19,0,82.79,0,0,0,0.11,0.04,2.86,3286951
Yu3_Project_002,101,201111_A00223_0449_BHWCWNDRXX,2,3125752,3125752,33.5,0.02,50.26,0.01,41,101,2000000,0,14.95,0,81.68,0,0,0,0.03,0.12,3.22,3577018
Yu3_Project_002,101,201111_A00223_0449_BHWCWNDRXX,20,6174934,6174934,35.9,0.23,52.98,0.15,40,101,2000000,0,7.91,0,88.47,0,0,0,0.15,0.01,3.46,4089455
Yu3_Project_002,101,201111_A00223_0449_BHWCWNDRXX,200,4106394,4106394,35.3,0.51,53.53,0.49,40,101,2000000,0.02,13.29,0,83.77,0,0.01,0,0.05,0.13,2.73,3493726
Yu3_Project_002,101,201111_A00223_0449_BHWCWNDRXX,200B,3579192,3579192,34.7,0.17,48.87,0.11,42,101,2000000,0,9.09,0,88.23,0,0,0,0.03,0.1,2.55,4117002
Yu3_Project_002,101,201111_A00223_0449_BHWCWNDRXX,201,4118553,4118553,35.8,0.35,51.99,0.29,40,101,2000000,0.03,11.73,0,84.91,0,0,0,0.09,0.04,3.2,3061566
Yu3_Project_002,101,201111_A00223_0449_BHWCWNDRXX,201A,3495008,3495008,36,0.1,47.46,0.06,40,101,2000000,0,7.86,0,90.35,0,0,0,0.02,0.14,1.63,3337034
Yu3_Project_002,101,201111_A00223_0449_BHWCWNDRXX,202B,3062599,3062599,35.9,0.13,48.4,0.08,40,101,2000000,0,5.72,0,92.24,0,0,0.01,0.01,0.11,1.91,2838753
Yu3_Project_002,101,201111_A00223_0449_BHWCWNDRXX,203A,3338905,3338905,34.7,0.18,50.52,0.14,41,101,2000000,0,6.92,0,89.4,0,0,0,0.04,0.15,3.49,2978799
Yu3_Project_002,101,201111_A00223_0449_BHWCWNDRXX,203B,2839800,2839800,36,0.12,47.93,0.07,42,101,2000000,0,3.5,0,91.16,0,0,0,0.03,0.15,5.16,4207843
Yu3_Project_002,101,201111_A00223_0449_BHWCWNDRXX,204,4216362,4216362,35.9,0.26,52.72,0.2,40,101,2000000,0.01,13.79,0,83.58,0,0,0,0.23,0.03,2.36,162640
Yu3_Project_002,101,201111_A00223_0449_BHWCWNDRXX,204B,2980441,2980441,35.1,0.25,49.58,0.19,41,101,2000000,0,11.67,0,84.92,0,0,0.01,0.12,0.01,3.27,3760194
Yu3_Project_002,101,201111_A00223_0449_BHWCWNDRXX,205A,395214,395214,31.2,64.59,13.23,74.5,58,101,395214,0,0.3,0,39,0.03,0,0,1.23,0.26,59.18,3119625
Yu3_Project_002,101,201111_A00223_0449_BHWCWNDRXX,206,3762962,3762962,33.9,0.03,58.25,0.01,40,101,2000000,0,7.41,0,89.59,0,0,0,0.06,0.04,2.9,3175861
Yu3_Project_002,101,201111_A00223_0449_BHWCWNDRXX,207,3964904,3964904,35.9,0.31,50.65,0.23,40,101,2000000,0,12.05,0,84.48,0,0,0,0.02,0.07,3.38,3956151
Yu3_Project_002,101,201111_A00223_0449_BHWCWNDRXX,207A,3120603,3120603,35.9,0.18,47.71,0.13,40,101,2000000,0,6.36,0,90.12,0,0,0,0.09,0.04,3.39,3195691
Yu3_Project_002,101,201111_A00223_0449_BHWCWNDRXX,207B,3177009,3177009,35.6,0.06,46.59,0.02,41,101,2000000,0,8.34,0,87.5,0,0,0,0.02,0.12,4.02,4204721
Yu3_Project_002,101,201111_A00223_0449_BHWCWNDRXX,208,4218623,4218623,35.8,0.42,53.91,0.35,40,101,2000000,0,10.41,0,86.65,0,0,0,0.08,0.06,2.8,2864474
Yu3_Project_002,101,201111_A00223_0449_BHWCWNDRXX,208B,3196829,3196829,36,0.07,47.56,0.03,41,101,2000000,0,8.29,0,88.74,0,0,0,0.01,0.13,2.83,6172832
Yu3_Project_002,101,201111_A00223_0449_BHWCWNDRXX,209B,2865262,2865262,35.9,0.07,45.42,0.02,41,101,2000000,0,14.17,0,82.67,0,0,0,0.18,0.07,2.91,3406524
Yu3_Project_002,101,201111_A00223_0449_BHWCWNDRXX,210,4658450,4658450,36,0.23,49.32,0.15,40,101,2000000,0,10.97,0,85.38,0,0,0,0.03,0.17,3.45,4657095
Yu3_Project_002,101,201111_A00223_0449_BHWCWNDRXX,210A,3407603,3407603,35.5,0.07,47.55,0.03,40,101,2000000,0,14.27,0,84.14,0,0,0,0.04,0.11,1.44,2736784
Yu3_Project_002,101,201111_A00223_0449_BHWCWNDRXX,211,4204603,4204603,36,0.31,49.14,0.26,40,101,2000000,0,13.81,0,83.09,0.01,0,0,0.1,0.03,2.96,4203134
Yu3_Project_002,101,201111_A00223_0449_BHWCWNDRXX,211A,2737873,2737873,36,0.07,49.05,0.03,41,101,2000000,0,7.1,0,90.09,0,0,0,0.04,0.1,2.67,3564643
Yu3_Project_002,101,201111_A00223_0449_BHWCWNDRXX,212,5219762,5219762,35.3,0.21,49.14,0.15,40,101,2000000,0,13.99,0,83.2,0,0,0,0.05,0.14,2.62,3357853
Yu3_Project_002,101,201111_A00223_0449_BHWCWNDRXX,212A,3565916,3565916,35.1,0.03,46.56,0.01,41,101,2000000,0,7.73,0,88.4,0,0,0.01,0.05,0.16,3.65,5217534
Yu3_Project_002,101,201111_A00223_0449_BHWCWNDRXX,212B,3359060,3359060,35.9,0.11,44.89,0.06,42,101,2000000,0,5.76,0,90.56,0,0,0,0.15,0.05,3.48,4288230
Yu3_Project_002,101,201111_A00223_0449_BHWCWNDRXX,213,4289762,4289762,36,0.14,49.24,0.06,41,101,2000000,0,8.54,0,85.48,0,0,0,0.14,0.08,5.76,4191111
Yu3_Project_002,101,201111_A00223_0449_BHWCWNDRXX,214,4204087,4204087,36,0.4,52.89,0.35,40,101,2000000,0,8.09,0,88.9,0,0,0,0.06,0.02,2.93,4255115
Yu3_Project_002,101,201111_A00223_0449_BHWCWNDRXX,215,4257741,4257741,34.9,0.12,54.33,0.1,40,101,2000000,0,9.11,0,87.58,0,0,0,0,0.16,3.15,4216701
Yu3_Project_002,101,201111_A00223_0449_BHWCWNDRXX,217,4228133,4228133,36,0.35,53.41,0.3,40,101,2000000,0,9.53,0,87.85,0,0,0,0.12,0.02,2.48,140974
Yu3_Project_002,101,201111_A00223_0449_BHWCWNDRXX,218,141079,141079,35.9,0.86,16.32,0.96,43,101,141079,0,4.97,0,93.13,0.02,0,0,0.27,0.07,1.54,3714329
Yu3_Project_002,101,201111_A00223_0449_BHWCWNDRXX,219,3715378,3715378,36,0.26,50.28,0.21,40,101,2000000,0,10.99,0,86.1,0,0,0,0.11,0.03,2.77,4063376
Yu3_Project_002,101,201111_A00223_0449_BHWCWNDRXX,22,5504322,5504322,35.8,0.15,53.36,0.07,40,101,2000000,0,8.68,0,87.94,0,0,0,0.07,0.14,3.17,2997077
Yu3_Project_002,101,201111_A00223_0449_BHWCWNDRXX,220,4064799,4064799,36,0.19,50.09,0.12,40,101,2000000,0,12.1,0,84.75,0,0,0,0.15,0,3,4000883
Yu3_Project_002,101,201111_A00223_0449_BHWCWNDRXX,221B,2997886,2997886,36,0.13,44.97,0.09,41,101,2000000,0,11.52,0,85.49,0,0,0,0.04,0.18,2.77,3826169
Yu3_Project_002,101,201111_A00223_0449_BHWCWNDRXX,223,4035376,4035376,35.1,1.04,51.9,1.07,41,101,2000000,0,15.93,0,80.53,0,0,0,0.2,0.05,3.29,3970618
Yu3_Project_002,101,201111_A00223_0449_BHWCWNDRXX,224,3859742,3859742,35.9,1.03,49.41,1.06,40,101,2000000,0,17.17,0,79.64,0,0,0,0,0.08,3.11,3457077
Yu3_Project_002,101,201111_A00223_0449_BHWCWNDRXX,225,3986725,3986725,35.9,0.5,50.3,0.47,40,101,2000000,0,14.72,0,82.37,0,0,0,0.06,0.21,2.64,3752051
Yu3_Project_002,101,201111_A00223_0449_BHWCWNDRXX,226,3460134,3460134,33.9,0.05,56.96,0.04,40,101,2000000,0,10.22,0,87.04,0,0,0,0.04,0.21,2.49,3556042
Yu3_Project_002,101,201111_A00223_0449_BHWCWNDRXX,227,3770090,3770090,36,0.61,50.81,0.61,40,101,2000000,0,11.17,0,85.47,0,0,0,0.02,0.11,3.23,5502340
Yu3_Project_002,101,201111_A00223_0449_BHWCWNDRXX,229,3571797,3571797,35.9,0.56,50.48,0.52,40,101,2000000,0,12.98,0,84.41,0,0,0,0.01,0.17,2.43,3094690
Yu3_Project_002,101,201111_A00223_0449_BHWCWNDRXX,23,5924547,5924547,33.7,0.03,56.4,0.01,40,101,2000000,0,14.12,0,83.54,0,0,0,0.07,0.04,2.23,3735378
Yu3_Project_002,101,201111_A00223_0449_BHWCWNDRXX,230,3095662,3095662,36,0.26,38.28,0.18,42,101,2000000,0,20.03,0,75.75,0,0,0,0.12,0.04,4.06,3868465
Yu3_Project_002,101,201111_A00223_0449_BHWCWNDRXX,231,3736733,3736733,36,0.14,49.6,0.09,40,101,2000000,0,14.34,0,82.38,0,0,0,0.11,0.05,3.12,3313164
Yu3_Project_002,101,201111_A00223_0449_BHWCWNDRXX,232,3870109,3870109,35.7,0.22,48.26,0.16,41,101,2000000,0,16.54,0,80.62,0,0,0,0.12,0.05,2.67,4112590
Yu3_Project_002,101,201111_A00223_0449_BHWCWNDRXX,233,3326409,3326409,35.9,0.48,52.11,0.48,40,101,2000000,0,11.84,0,85.33,0,0,0,0.06,0.07,2.7,4048791
Yu3_Project_002,101,201111_A00223_0449_BHWCWNDRXX,234,4128785,4128785,35.9,0.47,54.52,0.45,40,101,2000000,0,10.61,0,86.47,0,0,0,0.12,0.02,2.78,3281593
Yu3_Project_002,101,201111_A00223_0449_BHWCWNDRXX,235,4050938,4050938,34.5,0.06,54.34,0.03,40,101,2000000,0,10.06,0,86.3,0,0,0,0.04,0.17,3.43,3417042
Yu3_Project_002,101,201111_A00223_0449_BHWCWNDRXX,236,3418112,3418112,36,0.12,51.87,0.07,40,101,2000000,0,8.83,0,88.44,0,0,0,0.12,0.03,2.58,3932980
Yu3_Project_002,101,201111_A00223_0449_BHWCWNDRXX,236B,3284034,3284034,34.6,0.11,49.32,0.07,41,101,2000000,0,4.48,0,92.67,0,0,0,0.06,0.18,2.61,4431834
Yu3_Project_002,101,201111_A00223_0449_BHWCWNDRXX,238,3934160,3934160,36,0.22,51.87,0.16,40,101,2000000,0,13.53,0,83.45,0,0,0,0.11,0.04,2.87,5920579
Yu3_Project_002,101,201111_A00223_0449_BHWCWNDRXX,239,4433038,4433038,36,0.11,47.74,0.07,40,101,2000000,0,17.19,0,80.04,0,0.01,0,0.12,0.06,2.58,3641526
Yu3_Project_002,101,201111_A00223_0449_BHWCWNDRXX,24,6129885,6129885,35.9,0.14,51.23,0.06,40,101,2000000,0,7.97,0,88.1,0,0,0,0.13,0.08,3.72,3319873
Yu3_Project_002,101,201111_A00223_0449_BHWCWNDRXX,240,3642974,3642974,36,0.07,49.6,0.03,40,101,2000000,0,13.48,0,82.95,0,0,0,0.17,0.07,3.33,3910174
Yu3_Project_002,101,201111_A00223_0449_BHWCWNDRXX,241,3911401,3911401,35.8,0.09,49.71,0.04,40,101,2000000,0,14.9,0,82.36,0,0,0,0,0.12,2.62,2732807
Yu3_Project_002,101,201111_A00223_0449_BHWCWNDRXX,241A,3321221,3321221,35.9,0.11,45.91,0.05,41,101,2000000,0,9.16,0,87.37,0,0,0,0.02,0.16,3.29,3599941
Yu3_Project_002,101,201111_A00223_0449_BHWCWNDRXX,242,3601491,3601491,36,0.38,52.27,0.37,40,101,2000000,0,13.84,0,83.31,0,0,0,0.02,0.16,2.67,3817983
Yu3_Project_002,101,201111_A00223_0449_BHWCWNDRXX,242A,2733843,2733843,35.9,0.14,47.25,0.09,41,101,2000000,0,9.69,0,87.67,0,0,0.01,0.1,0.02,2.51,4152781
Yu3_Project_002,101,201111_A00223_0449_BHWCWNDRXX,243,3819057,3819057,36,0.27,52.77,0.26,40,101,2000000,0,10.57,0,86.27,0,0,0,0.11,0.01,3.04,3454518
Yu3_Project_002,101,201111_A00223_0449_BHWCWNDRXX,244,4155183,4155183,35.1,0.15,54.27,0.14,40,101,2000000,0,12.65,0,84.03,0,0,0,0.14,0.04,3.14,4224801
Yu3_Project_002,101,201111_A00223_0449_BHWCWNDRXX,245,3455506,3455506,36,0.11,53.54,0.07,40,101,2000000,0,7.6,0,89.04,0,0,0,0.15,0.03,3.18,3811858
Yu3_Project_002,101,201111_A00223_0449_BHWCWNDRXX,247,4226199,4226199,36,0.23,53.79,0.2,40,101,2000000,0,7.54,0,88.73,0,0,0,0.21,0.04,3.48,3796838
Yu3_Project_002,101,201111_A00223_0449_BHWCWNDRXX,248,3812903,3812903,36,0.17,51.65,0.09,40,101,2000000,0.01,12.38,0,84.06,0,0,0,0.18,0.03,3.34,6127811
Yu3_Project_002,101,201111_A00223_0449_BHWCWNDRXX,249,3798152,3798152,36,0.11,51.05,0.05,40,101,2000000,0.01,11.13,0,85.93,0,0,0,0.06,0.02,2.85,3755052
Yu3_Project_002,101,201111_A00223_0449_BHWCWNDRXX,25,5913761,5913761,35.6,0.1,50.11,0.03,40,101,2000000,0,9.97,0,86.41,0,0,0,0.07,0.03,3.52,3585929
Yu3_Project_002,101,201111_A00223_0449_BHWCWNDRXX,250,3756899,3756899,35.2,0.13,51.88,0.06,41,101,2000000,0,12.36,0,84.03,0,0,0,0,0.11,3.5,3844726
Yu3_Project_002,101,201111_A00223_0449_BHWCWNDRXX,251,3587345,3587345,35.9,0.34,53.52,0.3,40,101,2000000,0,11.51,0,85.56,0,0,0,0.16,0.07,2.7,3270102
Yu3_Project_002,101,201111_A00223_0449_BHWCWNDRXX,252,3846098,3846098,35.9,0.55,52.58,0.53,40,101,2000000,0.02,10.71,0,84.45,0,0,0,0.16,0.05,4.61,3482765
Yu3_Project_002,101,201111_A00223_0449_BHWCWNDRXX,253,3272295,3272295,34.6,0.05,53.96,0.02,40,101,2000000,0,9.76,0,87.48,0,0,0,0.1,0.03,2.63,3600164
Yu3_Project_002,101,201111_A00223_0449_BHWCWNDRXX,255,3483944,3483944,36,0.23,51.3,0.17,40,101,2000000,0,13.63,0,83.1,0,0,0,0.14,0.03,3.1,3605554
Yu3_Project_002,101,201111_A00223_0449_BHWCWNDRXX,257,3605652,3605652,35.9,0.22,55.57,0.13,40,101,2000000,0,6.28,0,90.73,0,0,0,0.03,0.15,2.81,4232806
Yu3_Project_002,101,201111_A00223_0449_BHWCWNDRXX,258,4234374,4234374,35.9,0.16,51.32,0.13,40,101,2000000,0,12.7,0,83.38,0,0,0,0.15,0.02,3.75,5911742
Yu3_Project_002,101,201111_A00223_0449_BHWCWNDRXX,258.A07,3606456,3606456,36,0.13,46.35,0.05,41,101,2000000,0,16.44,0,79.86,0,0,0,0.12,0.07,3.51,293989
Yu3_Project_002,101,201111_A00223_0449_BHWCWNDRXX,26,4557356,4557356,36,0.12,50.03,0.03,41,101,2000000,0,15.12,0,81.23,0,0,0,0.13,0.06,3.46,3478660
Yu3_Project_002,101,201111_A00223_0449_BHWCWNDRXX,262,493867,493867,33.9,45.13,15.77,52.08,53,101,493867,0,0.88,0,57.54,0.01,0.88,0,0.37,0.06,40.26,3025884
Yu3_Project_002,101,201111_A00223_0449_BHWCWNDRXX,263,3480107,3480107,35.3,0.2,49.96,0.14,40,101,2000000,0,16.58,0,80.99,0,0,0,0.11,0.06,2.26,3245297
Yu3_Project_002,101,201111_A00223_0449_BHWCWNDRXX,264,3026861,3026861,36,0.2,47.98,0.11,40,101,2000000,0,15.03,0,82.24,0.01,0,0,0.07,0.03,2.62,3439983
Yu3_Project_002,101,201111_A00223_0449_BHWCWNDRXX,265,3246283,3246283,36,0.51,49.06,0.45,40,101,2000000,0,17.48,0,79.26,0,0.01,0,0.12,0.02,3.11,2936237
Yu3_Project_002,101,201111_A00223_0449_BHWCWNDRXX,266,3442349,3442349,34.5,0.07,55.05,0.05,40,101,2000000,0,11.72,0,85.91,0,0,0,0.02,0.11,2.24,3362952
Yu3_Project_002,101,201111_A00223_0449_BHWCWNDRXX,267,2937207,2937207,36,0.24,51.04,0.17,41,101,2000000,0,11.93,0,84.67,0,0,0,0.01,0.12,3.27,5268010
Yu3_Project_002,101,201111_A00223_0449_BHWCWNDRXX,268,3371180,3371180,35.9,0.37,49.61,0.27,41,101,2000000,0,10.68,0,86.08,0,0,0,0.22,0.01,3.01,4555528
Yu3_Project_002,101,201111_A00223_0449_BHWCWNDRXX,269,5269485,5269485,35.9,0.13,50.68,0.07,40,101,2000000,0,14.18,0,83.11,0,0,0,0.09,0.03,2.59,5011602
Yu3_Project_002,101,201111_A00223_0449_BHWCWNDRXX,27,2838428,2838428,36,0.18,42.13,0.13,41,101,2000000,0,14.76,0,82.05,0,0,0,0.12,0.06,3.01,4868558
Yu3_Project_002,101,201111_A00223_0449_BHWCWNDRXX,271,5013404,5013404,35.9,0.11,51.68,0.05,40,101,2000000,0,11.64,0,85.53,0,0,0,0.12,0.04,2.67,4710960
Yu3_Project_002,101,201111_A00223_0449_BHWCWNDRXX,272,4870968,4870968,35.2,0.27,52.82,0.23,40,101,2000000,0,15.45,0,82.07,0,0,0,0.04,0.18,2.26,4780579
Yu3_Project_002,101,201111_A00223_0449_BHWCWNDRXX,273,4712742,4712742,35.8,0.31,51.52,0.27,40,101,2000000,0,13.89,0,82.98,0,0.01,0,0.11,0.06,2.95,3882074
Yu3_Project_002,101,201111_A00223_0449_BHWCWNDRXX,274,4797969,4797969,35.8,0.45,51.01,0.42,40,101,2000000,0,15.14,0,82.28,0,0.01,0,0.14,0.03,2.4,2837306
Yu3_Project_002,101,201111_A00223_0449_BHWCWNDRXX,275,3884728,3884728,34.6,0.1,56.18,0.07,40,101,2000000,0,12.01,0,85.34,0,0,0,0.06,0.24,2.35,4475282
Yu3_Project_002,101,201111_A00223_0449_BHWCWNDRXX,28,294084,294084,32.9,63.34,13.24,73.21,58,101,294084,0,0.23,0,39.65,0.06,0,0,1.16,0.15,58.75,4641423
Yu3_Project_002,101,201111_A00223_0449_BHWCWNDRXX,280,4476944,4476944,35.9,0.28,52.61,0.24,40,101,2000000,0,9.75,0,87.11,0,0.02,0,0.11,0.05,2.96,3985650
Yu3_Project_002,101,201111_A00223_0449_BHWCWNDRXX,282,4658260,4658260,35.7,0.46,53.05,0.42,40,101,2000000,0,9.54,0,86.65,0.01,0.02,0,0.03,0.24,3.51,3389350
Yu3_Project_002,101,201111_A00223_0449_BHWCWNDRXX,284,3986810,3986810,36,0.13,51.04,0.07,40,101,2000000,0,11.39,0,86.18,0,0,0,0.07,0.03,2.33,3946287
Yu3_Project_002,101,201111_A00223_0449_BHWCWNDRXX,285,3390531,3390531,36,0.28,52.13,0.22,40,101,2000000,0,10.05,0,86.15,0,0,0,0.03,0.14,3.63,3191426
Yu3_Project_002,101,201111_A00223_0449_BHWCWNDRXX,286,3947680,3947680,35.8,0.34,50.99,0.31,40,101,2000000,0,11.56,0,84.86,0,0,0,0.05,0.19,3.34,3840472
Yu3_Project_002,101,201111_A00223_0449_BHWCWNDRXX,287,3214011,3214011,36,0.89,51.81,0.91,40,101,2000000,0,13.45,0,83.02,0,0,0,0.15,0.09,3.29,127897
Yu3_Project_002,101,201111_A00223_0449_BHWCWNDRXX,288,3865496,3865496,36,0.81,52.27,0.83,40,101,2000000,0,10.27,0,86.65,0,0,0,0.01,0.11,2.96,3603388
Yu3_Project_002,101,201111_A00223_0449_BHWCWNDRXX,29,6818109,6818109,35.9,0.14,51.97,0.09,40,101,2000000,0,8.05,0,88.33,0,0,0,0.04,0.01,3.57,3063616
Yu3_Project_002,101,201111_A00223_0449_BHWCWNDRXX,291,3605262,3605262,35,0.07,52.06,0.05,40,101,2000000,0,10.09,0,85.78,0,0,0,0.13,0.03,3.97,4436686
Yu3_Project_002,101,201111_A00223_0449_BHWCWNDRXX,295,3064531,3064531,36,0.22,50.57,0.16,40,101,2000000,0,14.13,0,82.92,0,0,0,0.1,0.03,2.82,3510191
Yu3_Project_002,101,201111_A00223_0449_BHWCWNDRXX,296,4444602,4444602,35.1,0.24,53.02,0.18,40,101,2000000,0,10.74,0,86.19,0,0,0,0.2,0.05,2.82,3244374
Yu3_Project_002,101,201111_A00223_0449_BHWCWNDRXX,297,3511162,3511162,36,0.12,52.28,0.06,40,101,2000000,0,10.34,0,86.96,0.01,0,0,0.03,0.15,2.51,3131555
Yu3_Project_002,101,201111_A00223_0449_BHWCWNDRXX,298,3245495,3245495,36,0.17,52.06,0.12,40,101,2000000,0,9.8,0,87.08,0,0,0,0.15,0.05,2.92,6815357
Yu3_Project_002,101,201111_A00223_0449_BHWCWNDRXX,299,3132851,3132851,35.7,0.67,50.54,0.69,41,101,2000000,0,12.98,0,82.79,0,0,0,0.1,0.07,4.06,3123011
Yu3_Project_002,101,201111_A00223_0449_BHWCWNDRXX,3,2893802,2893802,36,0.3,44.99,0.09,41,101,2000000,0,14.32,0,82.41,0.01,0,0,0.02,0.11,3.13,2660084
Yu3_Project_002,101,201111_A00223_0449_BHWCWNDRXX,30,5282927,5282927,35.9,0.2,52.73,0.11,40,101,2000000,0,9.45,0,87.36,0,0,0,0.19,0.05,2.95,2629547
Yu3_Project_002,101,201111_A00223_0449_BHWCWNDRXX,300,2661027,2661027,36,0.15,52.88,0.09,40,101,2000000,0,9.06,0,87.8,0,0,0,0.03,0.2,2.91,2604493
Yu3_Project_002,101,201111_A00223_0449_BHWCWNDRXX,302,2645085,2645085,36,0.74,51.9,0.74,40,101,2000000,0,8.74,0,87.85,0,0.01,0,0.1,0.03,3.27,2718411
Yu3_Project_002,101,201111_A00223_0449_BHWCWNDRXX,303,2605969,2605969,35.2,0.19,55.06,0.18,40,101,2000000,0,9.62,0,87.54,0,0,0,0.15,0.08,2.61,2858688
Yu3_Project_002,101,201111_A00223_0449_BHWCWNDRXX,304,2719374,2719374,36,0.3,53.04,0.27,40,101,2000000,0,9.75,0,86.83,0,0,0,0.07,0.16,3.19,4555494
Yu3_Project_002,101,201111_A00223_0449_BHWCWNDRXX,305,2869281,2869281,36,0.47,51.36,0.42,40,101,2000000,0,13.55,0,83.55,0,0,0,0.17,0.05,2.68,4658427
Yu3_Project_002,101,201111_A00223_0449_BHWCWNDRXX,306,4556700,4556700,36,0.17,51.18,0.1,40,101,2000000,0,13.16,0,84.42,0,0,0,0.07,0.17,2.18,4410587
Yu3_Project_002,101,201111_A00223_0449_BHWCWNDRXX,307,4660030,4660030,36,0.27,51.25,0.21,40,101,2000000,0,14.1,0,83.27,0,0,0,0.12,0.06,2.45,4800604
Yu3_Project_002,101,201111_A00223_0449_BHWCWNDRXX,308,4422880,4422880,35.2,0.34,54.74,0.3,40,101,2000000,0,10.87,0,85.98,0,0,0,0.02,0.2,2.93,5276188
Yu3_Project_002,101,201111_A00223_0449_BHWCWNDRXX,309,4829936,4829936,35.7,0.75,51.99,0.72,41,101,2000000,0,11.55,0,84.21,0,0,0,0.21,0.09,3.94,4467426
Yu3_Project_002,101,201111_A00223_0449_BHWCWNDRXX,311,4514288,4514288,35.8,1.27,54.44,1.33,40,101,2000000,0,10.66,0,85.75,0,0,0,0.04,0.19,3.36,3734456
Yu3_Project_002,101,201111_A00223_0449_BHWCWNDRXX,312,3737799,3737799,33.8,0.04,60.05,0.03,40,101,2000000,0,9.77,0,87.15,0,0,0,0.05,0.16,2.87,4213689
Yu3_Project_002,101,201111_A00223_0449_BHWCWNDRXX,314,4215143,4215143,35.9,0.33,52.26,0.26,40,101,2000000,0,9.68,0,87.07,0,0,0,0.06,0.11,3.08,4521679
Yu3_Project_002,101,201111_A00223_0449_BHWCWNDRXX,315,4532458,4532458,35.9,0.34,50.23,0.26,40,101,2000000,0,11.56,0,85.17,0,0,0,0.05,0.14,3.08,4835537
Yu3_Project_002,101,201111_A00223_0449_BHWCWNDRXX,316,4836679,4836679,36,0.13,50.54,0.06,40,101,2000000,0,14.51,0,83.02,0,0,0,0.02,0.17,2.28,5282760
Yu3_Project_002,101,201111_A00223_0449_BHWCWNDRXX,318,5284333,5284333,36,0.17,50.65,0.1,40,101,2000000,0,14.55,0,82.92,0,0,0,0.2,0.03,2.3,4670034
Yu3_Project_002,101,201111_A00223_0449_BHWCWNDRXX,319,4702345,4702345,34.9,0.85,54.93,0.87,40,101,2000000,0,15.53,0,81.63,0,0,0,0.16,0.05,2.63,5182599
Yu3_Project_002,101,201111_A00223_0449_BHWCWNDRXX,32,328199,328199,29.5,64.32,13.49,74.48,58,101,328199,0,0.14,0,40.46,0.02,0,0,1.28,0.36,57.74,5132196
Yu3_Project_002,101,201111_A00223_0449_BHWCWNDRXX,320,5210353,5210353,35.7,0.67,51.41,0.64,41,101,2000000,0,12.87,0,83.79,0,0,0,0.03,0.15,3.16,4148465
Yu3_Project_002,101,201111_A00223_0449_BHWCWNDRXX,321,5152452,5152452,35.8,0.5,53.01,0.46,40,101,2000000,0,12.98,0,84.25,0,0,0,0.07,0.05,2.65,4667395
Yu3_Project_002,101,201111_A00223_0449_BHWCWNDRXX,322,4150975,4150975,34.3,0.05,54.32,0.02,40,101,2000000,0,11.92,0,85.07,0,0,0,0.12,0.06,2.83,4902406
Yu3_Project_002,101,201111_A00223_0449_BHWCWNDRXX,324,4668800,4668800,35.9,0.26,49.99,0.2,40,101,2000000,0,14.47,0,82.3,0,0,0,0.03,0.17,3.03,4270666
Yu3_Project_002,101,201111_A00223_0449_BHWCWNDRXX,325,4911898,4911898,35.8,0.27,52,0.2,40,101,2000000,0,10.96,0,85.93,0,0,0,0.18,0.02,2.91,3630191
Yu3_Project_002,101,201111_A00223_0449_BHWCWNDRXX,326,4272301,4272301,35.8,0.11,49.65,0.03,40,101,2000000,0,12.51,0,84.7,0,0,0,0.12,0.08,2.59,3634303
Yu3_Project_002,101,201111_A00223_0449_BHWCWNDRXX,327,3631473,3631473,35.9,0.11,50.9,0.04,40,101,2000000,0,10.82,0,85.62,0,0,0,0.09,0.06,3.41,140080
Yu3_Project_002,101,201111_A00223_0449_BHWCWNDRXX,32B,3635443,3635443,35.9,0.12,43.65,0.07,41,101,2000000,0.01,10.26,0,86.29,0,0,0,0.11,0.06,3.27,4282234
Yu3_Project_002,101,201111_A00223_0449_BHWCWNDRXX,33,220718,220718,33,63.86,16.02,74.2,58,101,220718,0,0.28,0,42.9,0.1,0,0.01,1.06,0.09,55.56,3952225
Yu3_Project_002,101,201111_A00223_0449_BHWCWNDRXX,330,4283945,4283945,35.7,0.12,49.19,0.06,40,101,2000000,0,16.85,0,80.79,0,0,0,0.16,0.03,2.17,4219777
Yu3_Project_002,101,201111_A00223_0449_BHWCWNDRXX,331,4221140,4221140,35.9,0.24,52.37,0.18,40,101,2000000,0,14.26,0,82.65,0,0,0,0.17,0.04,2.88,3811484
Yu3_Project_002,101,201111_A00223_0449_BHWCWNDRXX,3310,3953721,3953721,35.8,0.11,49.33,0.04,40,101,2000000,0,14.32,0,82.82,0,0,0,0.11,0.04,2.71,4669060
Yu3_Project_002,101,201111_A00223_0449_BHWCWNDRXX,333,3812807,3812807,35.7,0.15,49.53,0.07,40,101,2000000,0,13.53,0,83.76,0,0,0,0.12,0.01,2.58,3909344
Yu3_Project_002,101,201111_A00223_0449_BHWCWNDRXX,334,4671177,4671177,35.6,0.17,51.61,0.1,40,101,2000000,0,11.35,0,85.29,0.01,0,0,0.12,0.03,3.2,3105125
Yu3_Project_002,101,201111_A00223_0449_BHWCWNDRXX,335,3910562,3910562,35.9,0.2,48.58,0.1,41,101,2000000,0,15.81,0,80.96,0,0,0,0.02,0.06,3.15,4275959
Yu3_Project_002,101,201111_A00223_0449_BHWCWNDRXX,337,3106127,3106127,36,0.24,51.19,0.18,40,101,2000000,0,12.24,0,84.59,0,0,0,0.11,0.04,3.02,3948711
Yu3_Project_002,101,201111_A00223_0449_BHWCWNDRXX,338,4277641,4277641,35.5,0.19,51.64,0.12,40,101,2000000,0,11.63,0,85.4,0,0,0,0.1,0.03,2.84,102328
Yu3_Project_002,101,201111_A00223_0449_BHWCWNDRXX,339,3950211,3950211,35.7,0.24,49.76,0.16,41,101,2000000,0,11.85,0,84.93,0,0,0,0.1,0.07,3.05,3658498
Yu3_Project_002,101,201111_A00223_0449_BHWCWNDRXX,34,4292362,4292362,34.3,0.04,50.3,0.01,41,101,2000000,0,10.12,0,86.13,0,0,0,0.02,0.11,3.62,3755578
Yu3_Project_002,101,201111_A00223_0449_BHWCWNDRXX,342,3659693,3659693,36,0.14,47.53,0.06,40,101,2000000,0,12.29,0,84.42,0,0,0,0.12,0.03,3.14,3767541
Yu3_Project_002,101,201111_A00223_0449_BHWCWNDRXX,343,3762052,3762052,35.4,0.24,52.37,0.16,40,101,2000000,0,12.08,0,85.66,0,0,0,0.14,0.02,2.1,4290426
Yu3_Project_002,101,201111_A00223_0449_BHWCWNDRXX,344,3768686,3768686,35.9,0.16,50.41,0.08,40,101,2000000,0,10.79,0,85.95,0,0,0,0,0.12,3.14,3919096
Yu3_Project_002,101,201111_A00223_0449_BHWCWNDRXX,35,2277436,2277436,35.9,1.02,46.17,0.28,42,101,2000000,0,14.1,0,82.87,0,0,0,0.08,0.01,2.94,3427223
Yu3_Project_002,101,201111_A00223_0449_BHWCWNDRXX,350,3920432,3920432,35.9,0.22,49.22,0.15,41,101,2000000,0,12.07,0,83.83,0,0,0,0.1,0.03,3.97,2598995
Yu3_Project_002,101,201111_A00223_0449_BHWCWNDRXX,351,3428273,3428273,35.9,0.12,47.2,0.04,41,101,2000000,0,15.02,0,81.14,0,0,0,0.1,0.02,3.72,3347477
Yu3_Project_002,101,201111_A00223_0449_BHWCWNDRXX,353,2599714,2599714,36,0.15,48.58,0.09,41,101,2000000,0,13.87,0,82.51,0,0,0,0.18,0.04,3.4,3723031
Yu3_Project_002,101,201111_A00223_0449_BHWCWNDRXX,354,3348499,3348499,35.8,0.23,50.41,0.17,40,101,2000000,0,10.78,0,86.53,0,0,0,0.02,0.12,2.55,3003565
Yu3_Project_002,101,201111_A00223_0449_BHWCWNDRXX,355,3724217,3724217,35.6,0.12,48.24,0.06,40,101,2000000,0,10.82,0,86.77,0,0,0,0.04,0.13,2.24,3818206
Yu3_Project_002,101,201111_A00223_0449_BHWCWNDRXX,356,3004444,3004444,36,0.16,48.83,0.11,40,101,2000000,0,12.64,0,84.3,0.01,0,0,0.11,0.04,2.9,3052123
Yu3_Project_002,101,201111_A00223_0449_BHWCWNDRXX,357,3820036,3820036,34.1,0.03,55.06,0.01,40,101,2000000,0,10.66,0,85.29,0,0,0,0.21,0.06,3.78,2271203
Yu3_Project_002,101,201111_A00223_0449_BHWCWNDRXX,358,3052947,3052947,36,0.14,48.7,0.09,40,101,2000000,0,11.73,0,85.49,0,0,0,0.03,0.16,2.59,3667697
Yu3_Project_002,101,201111_A00223_0449_BHWCWNDRXX,36,2779741,2779741,35.6,1.88,38.65,1.64,42,101,2000000,0,16.31,0,79.17,0,0,0,0.14,0.01,4.37,3897839
Yu3_Project_002,101,201111_A00223_0449_BHWCWNDRXX,360,3668990,3668990,35.7,0.2,49.92,0.14,41,101,2000000,0,12.98,0,83.85,0,0,0,0.03,0.14,3,2702425
Yu3_Project_002,101,201111_A00223_0449_BHWCWNDRXX,361,3898952,3898952,35.9,0.13,49.98,0.06,40,101,2000000,0,10.85,0,86,0,0,0,0.02,0.18,2.95,3681965
Yu3_Project_002,101,201111_A00223_0449_BHWCWNDRXX,362,2703171,2703171,36,0.19,48.09,0.09,41,101,2000000,0,12.39,0,84.41,0,0,0,0.03,0.14,3.03,3195911
Yu3_Project_002,101,201111_A00223_0449_BHWCWNDRXX,363,3683361,3683361,35.4,0.16,49.66,0.09,41,101,2000000,0,8.94,0,87.63,0,0,0,0.09,0.01,3.33,3272027
Yu3_Project_002,101,201111_A00223_0449_BHWCWNDRXX,364,3196832,3196832,36,0.19,50.07,0.12,40,101,2000000,0,12.67,0,83.88,0,0,0,0.14,0.02,3.29,3456126
Yu3_Project_002,101,201111_A00223_0449_BHWCWNDRXX,366,3272977,3272977,36,0.26,50.7,0.21,40,101,2000000,0,10.24,0,86.29,0,0,0,0.01,0.11,3.35,3421192
Yu3_Project_002,101,201111_A00223_0449_BHWCWNDRXX,367,3461005,3461005,35.5,0.2,53.06,0.12,40,101,2000000,0,10.51,0,86.73,0,0.01,0,0.09,0.03,2.63,3502650
Yu3_Project_002,101,201111_A00223_0449_BHWCWNDRXX,368,3422139,3422139,36,0.16,50.17,0.08,40,101,2000000,0,13.51,0,83.56,0,0,0,0.1,0.05,2.78,2742481
Yu3_Project_002,101,201111_A00223_0449_BHWCWNDRXX,369,3507093,3507093,35.9,0.18,53.86,0.12,40,101,2000000,0,6.96,0,90.59,0,0,0,0.04,0.18,2.23,3220058
Yu3_Project_002,101,201111_A00223_0449_BHWCWNDRXX,37,2383408,2383408,34.6,2.18,45.66,0.65,43,101,2000000,0,15.27,0,82.1,0,0,0,0.1,0.03,2.5,2628892
Yu3_Project_002,101,201111_A00223_0449_BHWCWNDRXX,370,3221439,3221439,36,0.22,51.23,0.14,40,101,2000000,0,11.56,0,85.37,0,0,0,0.16,0.05,2.86,3452452
Yu3_Project_002,101,201111_A00223_0449_BHWCWNDRXX,371,2629770,2629770,36,0.13,50.54,0.05,40,101,2000000,0,11.88,0,85.3,0,0,0,0.2,0.05,2.57,3242418
Yu3_Project_002,101,201111_A00223_0449_BHWCWNDRXX,372,3453848,3453848,35.6,0.17,52.39,0.11,40,101,2000000,0,9.85,0,87.03,0,0,0,0.11,0.02,2.99,3002834
Yu3_Project_002,101,201111_A00223_0449_BHWCWNDRXX,373,3243659,3243659,36,0.22,49.55,0.14,40,101,2000000,0,13.44,0,83.51,0,0,0,0.05,0.1,2.9,3435949
Yu3_Project_002,101,201111_A00223_0449_BHWCWNDRXX,374,3003847,3003847,36,0.18,50.63,0.12,40,101,2000000,0,12.92,0,84.97,0,0,0,0.11,0.06,1.94,2856339
Yu3_Project_002,101,201111_A00223_0449_BHWCWNDRXX,375,3445939,3445939,35.5,0.38,52.03,0.31,40,101,2000000,0,12.23,0,84.72,0,0,0,0.09,0.04,2.92,3273525
Yu3_Project_002,101,201111_A00223_0449_BHWCWNDRXX,376,2860898,2860898,36,0.25,49.61,0.15,40,101,2000000,0,12.15,0,84.61,0.01,0,0,0.01,0.16,3.06,3760721
Yu3_Project_002,101,201111_A00223_0449_BHWCWNDRXX,378,3274845,3274845,36,0.39,49.71,0.33,40,101,2000000,0,14.37,0,83.17,0,0,0,0.11,0.04,2.31,2369603
Yu3_Project_002,101,201111_A00223_0449_BHWCWNDRXX,379,3763544,3763544,33.6,0.02,57.77,0.01,40,101,2000000,0,11.81,0,85.29,0,0,0,0.09,0,2.81,2577027
Yu3_Project_002,101,201111_A00223_0449_BHWCWNDRXX,38,3399993,3399993,35.9,0.12,42.86,0.07,41,101,2000000,0,12.79,0,83.41,0,0,0,0.01,0.08,3.71,3120294
Yu3_Project_002,101,201111_A00223_0449_BHWCWNDRXX,380,2577899,2577899,36,0.13,49.5,0.06,40,101,2000000,0,11.76,0,85.76,0,0,0,0.18,0.06,2.24,2954091
Yu3_Project_002,101,201111_A00223_0449_BHWCWNDRXX,381,3121966,3121966,35.6,0.15,50.24,0.06,41,101,2000000,0,10.56,0,85.86,0,0,0,0.01,0.11,3.46,2818010
Yu3_Project_002,101,201111_A00223_0449_BHWCWNDRXX,382,2955208,2955208,36,0.12,50.8,0.06,40,101,2000000,0,11.64,0,85.36,0,0,0,0.09,0.04,2.87,3675291
Yu3_Project_002,101,201111_A00223_0449_BHWCWNDRXX,383,2818997,2818997,36,0.13,50.33,0.07,40,101,2000000,0,11.41,0,86.39,0,0,0,0.11,0.04,2.05,2787935
Yu3_Project_002,101,201111_A00223_0449_BHWCWNDRXX,384,3677631,3677631,34.8,0.12,53.14,0.05,40,101,2000000,0,10.92,0,85.82,0,0,0,0.04,0.17,3.05,3383763
Yu3_Project_002,101,201111_A00223_0449_BHWCWNDRXX,385,2788894,2788894,36,0.44,51.35,0.4,41,101,2000000,0,10.02,0,86.14,0,0,0,0.13,0.08,3.63,4344757
Yu3_Project_002,101,201111_A00223_0449_BHWCWNDRXX,386,3385488,3385488,35.9,0.33,51.68,0.26,41,101,2000000,0,10.27,0,86.35,0,0,0,0.01,0.13,3.24,3682687
Yu3_Project_002,101,201111_A00223_0449_BHWCWNDRXX,387,4346587,4346587,36,0.14,50.42,0.05,41,101,2000000,0,11.48,0,85.34,0,0,0,0.17,0.06,2.95,3398489
Yu3_Project_002,101,201111_A00223_0449_BHWCWNDRXX,389,3683741,3683741,36,0.12,50.86,0.05,40,101,2000000,0,8.87,0,88.46,0,0,0,0,0.17,2.5,4544414
Yu3_Project_002,101,201111_A00223_0449_BHWCWNDRXX,39,2780840,2780840,36,0.32,43.25,0.23,41,101,2000000,0,14.29,0,82.27,0,0,0,0.15,0.04,3.25,3706052
Yu3_Project_002,101,201111_A00223_0449_BHWCWNDRXX,390,4546113,4546113,35.5,0.17,48.48,0.08,40,101,2000000,0,14.4,0,82.52,0,0,0,0.14,0.06,2.88,3761676
Yu3_Project_002,101,201111_A00223_0449_BHWCWNDRXX,391,3707171,3707171,36,0.13,50.93,0.06,40,101,2000000,0,10.23,0,86.24,0,0,0,0.14,0.05,3.34,3652981
Yu3_Project_002,101,201111_A00223_0449_BHWCWNDRXX,392,3762817,3762817,36,0.13,49.45,0.05,41,101,2000000,0,10.63,0,85.29,0,0,0,0.11,0.02,3.95,3783795
Yu3_Project_002,101,201111_A00223_0449_BHWCWNDRXX,393,3656934,3656934,35.5,0.18,51.87,0.08,40,101,2000000,0,10.44,0,86.67,0,0,0,0.08,0.04,2.77,2779920
Yu3_Project_002,101,201111_A00223_0449_BHWCWNDRXX,397,3784857,3784857,36,0.16,50.58,0.08,40,101,2000000,0,10.01,0,86.73,0,0,0,0.14,0.01,3.11,2890270
Yu3_Project_002,101,201111_A00223_0449_BHWCWNDRXX,4,2906847,2906847,35.8,0.25,47.01,0.1,42,101,2000000,0,12.35,0,84.35,0,0,0,0.02,0.12,3.16,4119377
Yu3_Project_002,101,201111_A00223_0449_BHWCWNDRXX,40,3568064,3568064,34.9,0.29,46.92,0.27,40,101,2000000,0,10.54,0,86.38,0,0,0,0.02,0.14,2.92,4178325
Yu3_Project_002,101,201111_A00223_0449_BHWCWNDRXX,400,4120717,4120717,35.9,0.17,50.19,0.09,40,101,2000000,0,10.26,0,86.16,0,0,0,0.18,0.05,3.35,3114925
Yu3_Project_002,101,201111_A00223_0449_BHWCWNDRXX,401,4179638,4179638,35.9,0.12,49.25,0.05,40,101,2000000,0,12.32,0,84.69,0,0,0,0.11,0.01,2.87,4252657
Yu3_Project_002,101,201111_A00223_0449_BHWCWNDRXX,402,3115767,3115767,36,0.12,50.85,0.06,40,101,2000000,0,8.9,0,86.86,0,0,0,0.02,0.24,3.98,4125938
Yu3_Project_002,101,201111_A00223_0449_BHWCWNDRXX,404,4254637,4254637,35.2,0.22,49.18,0.14,41,101,2000000,0.01,13.98,0,82.46,0,0,0,0.03,0.14,3.38,3653120
Yu3_Project_002,101,201111_A00223_0449_BHWCWNDRXX,405,4127270,4127270,35.7,0.1,49.46,0.04,40,101,2000000,0,10.66,0,86.17,0,0,0,0.02,0.15,3,4182756
Yu3_Project_002,101,201111_A00223_0449_BHWCWNDRXX,406,3654190,3654190,36,0.38,49.31,0.34,40,101,2000000,0,15.13,0,82.15,0,0,0,0.02,0.08,2.62,3681736
Yu3_Project_002,101,201111_A00223_0449_BHWCWNDRXX,408,4184541,4184541,35.3,0.44,52.28,0.39,41,101,2000000,0.02,9.44,0,87.03,0,0,0,0.05,0.19,3.27,3566216
Yu3_Project_002,101,201111_A00223_0449_BHWCWNDRXX,409,3682770,3682770,36,0.28,48.42,0.22,40,101,2000000,0.01,13.83,0,83.09,0,0,0,0.28,0.03,2.76,4547991
Yu3_Project_002,101,201111_A00223_0449_BHWCWNDRXX,41,3202377,3202377,35.9,0.14,43.71,0.1,41,101,2000000,0,10.54,0,86.11,0,0,0,0.01,0.18,3.16,4150116
Yu3_Project_002,101,201111_A00223_0449_BHWCWNDRXX,410,4549498,4549498,35.9,0.3,49.07,0.24,41,101,2000000,0,14.42,0,80.27,0,0,0,2.49,0.04,2.78,3477097
Yu3_Project_002,101,201111_A00223_0449_BHWCWNDRXX,411,4151336,4151336,36,0.16,47.94,0.09,40,101,2000000,0,14.64,0,82.61,0,0,0,0.05,0.03,2.67,4272429
Yu3_Project_002,101,201111_A00223_0449_BHWCWNDRXX,413,3478127,3478127,35.9,0.15,48.99,0.06,41,101,2000000,0,13.23,0,83.36,0,0,0,0.16,0.02,3.23,3822208
Yu3_Project_002,101,201111_A00223_0449_BHWCWNDRXX,414,4274114,4274114,35.3,0.3,54.09,0.26,40,101,2000000,0,9.18,0,87.69,0,0,0,0.12,0.02,2.99,3201415
Yu3_Project_002,101,201111_A00223_0449_BHWCWNDRXX,416,3823449,3823449,35.8,0.14,50.91,0.08,40,101,2000000,0,12.57,0,85.09,0,0,0,0.26,0.06,2.02,3946692
Yu3_Project_002,101,201111_A00223_0449_BHWCWNDRXX,42,3766471,3766471,35.4,0.14,45.18,0.09,41,101,2000000,0,11.51,0,85.33,0,0,0,0.04,0.17,2.95,3746189
Yu3_Project_002,101,201111_A00223_0449_BHWCWNDRXX,420,3947988,3947988,35.7,0.13,50.1,0.06,41,101,2000000,0,10.97,0,84.5,0,0,0,0.01,0.16,4.36,4053308
Yu3_Project_002,101,201111_A00223_0449_BHWCWNDRXX,421,3747841,3747841,35.3,0.2,53.32,0.11,40,101,2000000,0,10.96,0,85.97,0,0,0,0.11,0.03,2.93,4098562
Yu3_Project_002,101,201111_A00223_0449_BHWCWNDRXX,422,4059856,4059856,35.7,0.23,52.2,0.14,41,101,2000000,0,9.56,0,87.44,0,0,0,0.17,0.04,2.79,4413155
Yu3_Project_002,101,201111_A00223_0449_BHWCWNDRXX,423,4100071,4100071,35.8,0.24,49.41,0.15,41,101,2000000,0,13.43,0,82.26,0,0,0,0.25,0.04,4.02,3030937
Yu3_Project_002,101,201111_A00223_0449_BHWCWNDRXX,425,4414640,4414640,36,0.19,51.49,0.13,40,101,2000000,0,11.48,0,85.2,0,0,0,0.18,0.06,3.08,4490222
Yu3_Project_002,101,201111_A00223_0449_BHWCWNDRXX,427,3031924,3031924,36,0.23,49.91,0.18,40,101,2000000,0,13.92,0,82.64,0,0,0,0.27,0.07,3.1,3765192
Yu3_Project_002,101,201111_A00223_0449_BHWCWNDRXX,428,4491976,4491976,35.9,0.36,45.5,0.3,41,101,2000000,0,17.47,0,79.1,0,0,0,0.14,0.09,3.2,3948976
Yu3_Project_002,101,201111_A00223_0449_BHWCWNDRXX,43,3388585,3388585,35.9,0.12,43.06,0.07,41,101,2000000,0,11.03,0,85.49,0,0,0,0.21,0.06,3.21,4678876
Yu3_Project_002,101,201111_A00223_0449_BHWCWNDRXX,432,3950554,3950554,36,0.35,49.84,0.31,40,101,2000000,0,14.78,0,83.08,0,0,0,0.28,0.03,1.83,4271462
Yu3_Project_002,101,201111_A00223_0449_BHWCWNDRXX,435,4680392,4680392,36,0.24,47.45,0.18,40,101,2000000,0,17.75,0,79.04,0,0,0,0.13,0.03,3.05,4352072
Yu3_Project_002,101,201111_A00223_0449_BHWCWNDRXX,436,4273243,4273243,35.9,0.44,51.15,0.4,41,101,2000000,0,9.19,0,87.36,0,0,0,0.32,0.04,3.09,4542716
Yu3_Project_002,101,201111_A00223_0449_BHWCWNDRXX,437,4365940,4365940,35.9,0.41,53.56,0.35,41,101,2000000,0,9.62,0,86.91,0,0,0,0.19,0.06,3.22,3681161
Yu3_Project_002,101,201111_A00223_0449_BHWCWNDRXX,438,4544445,4544445,36,0.21,50.85,0.14,40,101,2000000,0,11.32,0,85.35,0,0,0,0.13,0.02,3.18,3387483
Yu3_Project_002,101,201111_A00223_0449_BHWCWNDRXX,439,3682480,3682480,35.9,0.17,50.38,0.11,40,101,2000000,0,14.66,0,83.02,0,0,0,0.1,0.06,2.16,2485984
Yu3_Project_002,101,201111_A00223_0449_BHWCWNDRXX,44,1535813,1535813,36,0.16,49.04,0.09,41,101,1535813,0,13.28,0,83.61,0,0,0,0.02,0.12,2.97,3360808
Yu3_Project_002,101,201111_A00223_0449_BHWCWNDRXX,440,2486883,2486883,36,0.18,49.73,0.11,41,101,2000000,0,11.29,0,85.02,0,0,0,0.21,0.03,3.45,2745880
Yu3_Project_002,101,201111_A00223_0449_BHWCWNDRXX,441,3362362,3362362,35.6,0.18,47.9,0.1,40,101,2000000,0,15.2,0,82.11,0,0,0,0.23,0.02,2.44,2930487
Yu3_Project_002,101,201111_A00223_0449_BHWCWNDRXX,442,2746841,2746841,36,0.24,50.48,0.18,40,101,2000000,0,12.66,0,84.68,0,0,0,0.01,0.1,2.55,3103801
Yu3_Project_002,101,201111_A00223_0449_BHWCWNDRXX,446,2931447,2931447,36,0.19,48.71,0.12,41,101,2000000,0,12.95,0,82.66,0,0,0,0.12,0.03,4.24,3140443
Yu3_Project_002,101,201111_A00223_0449_BHWCWNDRXX,447,3105413,3105413,35.5,0.32,52.07,0.25,41,101,2000000,0,9.38,0,87.02,0,0,0,0.05,0.28,3.27,1535409
Yu3_Project_002,101,201111_A00223_0449_BHWCWNDRXX,449,3141605,3141605,36,0.19,49.55,0.1,41,101,2000000,0,15.99,0,80.92,0,0,0,0.25,0.07,2.77,2920485
Yu3_Project_002,101,201111_A00223_0449_BHWCWNDRXX,45,3233479,3233479,35.9,0.14,42.48,0.09,41,101,2000000,0,13.88,0,82.6,0,0,0,0.02,0.08,3.42,3247540
Yu3_Project_002,101,201111_A00223_0449_BHWCWNDRXX,450,2921578,2921578,35.9,0.23,51.47,0.16,40,101,2000000,0,11.57,0,84.97,0,0,0,0.13,0.06,3.27,2535478
Yu3_Project_002,101,201111_A00223_0449_BHWCWNDRXX,451,3248797,3248797,36,0.35,51.15,0.29,40,101,2000000,0,11.48,0,85.1,0,0,0,0.07,0.02,3.33,3554642
Yu3_Project_002,101,201111_A00223_0449_BHWCWNDRXX,452,2536372,2536372,36,0.2,50.15,0.14,40,101,2000000,0,13.75,0,81.94,0,0,0,0.04,0.14,4.13,3106286
Yu3_Project_002,101,201111_A00223_0449_BHWCWNDRXX,453,3556423,3556423,35.4,0.35,49.7,0.28,41,101,2000000,0,12.5,0,83.13,0,0,0,0.18,0.01,4.18,2851093
Yu3_Project_002,101,201111_A00223_0449_BHWCWNDRXX,454,3107493,3107493,36,0.22,49.53,0.16,40,101,2000000,0,13.13,0,83.67,0,0,0,0.14,0.03,3.03,3364268
Yu3_Project_002,101,201111_A00223_0449_BHWCWNDRXX,456,2852176,2852176,36,0.22,49.62,0.15,40,101,2000000,0,14.73,0,82.31,0,0,0,0.27,0.05,2.64,2676549
Yu3_Project_002,101,201111_A00223_0449_BHWCWNDRXX,457,3366105,3366105,35.2,0.24,51.74,0.15,40,101,2000000,0,14.16,0,83.3,0,0,0,0.11,0.04,2.39,3232299
Yu3_Project_002,101,201111_A00223_0449_BHWCWNDRXX,459,2682083,2682083,36,0.31,50.6,0.21,41,101,2000000,0,12.95,0,84.04,0,0,0,0.29,0.09,2.63,3042561
Yu3_Project_002,101,201111_A00223_0449_BHWCWNDRXX,46,3333899,3333899,35.2,0.16,47.61,0.1,40,101,2000000,0,13.68,0,83.4,0,0,0,0.12,0.03,2.77,3040363
Yu3_Project_002,101,201111_A00223_0449_BHWCWNDRXX,461,3043756,3043756,35.9,0.22,49.49,0.14,40,101,2000000,0,12.52,0,84.08,0,0,0,0.11,0.02,3.27,2847122
Yu3_Project_002,101,201111_A00223_0449_BHWCWNDRXX,464,3043843,3043843,35.9,0.22,50.05,0.1,40,101,2000000,0,14.46,0,83.19,0,0,0,0.09,0.04,2.22,3251353
Yu3_Project_002,101,201111_A00223_0449_BHWCWNDRXX,465,2850471,2850471,35.9,0.21,51.56,0.1,40,101,2000000,0,10.76,0,86.31,0,0,0,0.11,0.18,2.64,2872013
Yu3_Project_002,101,201111_A00223_0449_BHWCWNDRXX,466,3254808,3254808,35.9,0.2,49.12,0.09,40,101,2000000,0,13.31,0,83.47,0,0,0,0.1,0.02,3.1,2788586
Yu3_Project_002,101,201111_A00223_0449_BHWCWNDRXX,467,2873353,2873353,35.4,0.21,50.08,0.1,41,101,2000000,0,10.07,0,86.85,0,0,0,0.11,0.03,2.94,3332123
Yu3_Project_002,101,201111_A00223_0449_BHWCWNDRXX,469,2793002,2793002,35.6,0.28,52.79,0.15,40,101,2000000,0,9.64,0,87.6,0,0,0,0.02,0.28,2.46,2828337
Yu3_Project_002,101,201111_A00223_0449_BHWCWNDRXX,47,3458957,3458957,35.8,0.2,45.11,0.13,41,101,2000000,0,11.84,0,85.25,0,0,0,0.09,0.04,2.78,2784740
Yu3_Project_002,101,201111_A00223_0449_BHWCWNDRXX,470,2829499,2829499,35.3,0.2,49.56,0.11,40,101,2000000,0,15.19,0,82.73,0,0,0,0.08,0.03,1.97,4387328
Yu3_Project_002,101,201111_A00223_0449_BHWCWNDRXX,475,2787378,2787378,35.5,0.21,50.78,0.07,40,101,2000000,0,14.02,0,83.2,0,0,0,0.01,0.11,2.66,2927592
Yu3_Project_002,101,201111_A00223_0449_BHWCWNDRXX,476,4388620,4388620,35.8,0.1,48.14,0.04,40,101,2000000,0,14.41,0,82.45,0,0,0,0.02,0.18,2.94,3822035
Yu3_Project_002,101,201111_A00223_0449_BHWCWNDRXX,477,3823215,3823215,35.6,0.08,49.22,0.01,40,101,2000000,0,10.96,0,85.15,0,0,0,0.14,0.03,3.72,4039104
Yu3_Project_002,101,201111_A00223_0449_BHWCWNDRXX,477969,2929240,2929240,35.2,0.15,50.93,0.09,41,101,2000000,0,8.8,0,88.07,0,0,0,0.13,0.06,2.94,4209099
Yu3_Project_002,101,201111_A00223_0449_BHWCWNDRXX,478,4040287,4040287,35.8,0.08,47.92,0.02,40,101,2000000,0,12.12,0,84.94,0,0,0,0.12,0.06,2.76,3457417
Yu3_Project_002,101,201111_A00223_0449_BHWCWNDRXX,479,4210410,4210410,35.7,0.09,47.93,0.02,41,101,2000000,0,15.82,0,81.73,0,0,0,0.32,0.04,2.09,4971308
Yu3_Project_002,101,201111_A00223_0449_BHWCWNDRXX,48,5128510,5128510,35.9,0.22,49.93,0.14,41,101,2000000,0,12.43,0,83.86,0,0,0,0.04,0.16,3.51,3893028
Yu3_Project_002,101,201111_A00223_0449_BHWCWNDRXX,480,4975203,4975203,33,0,57.48,0,40,101,2000000,0,10.34,0,85.67,0,0,0,0.09,0.05,3.85,3878586
Yu3_Project_002,101,201111_A00223_0449_BHWCWNDRXX,481,3894803,3894803,34,0.03,54.71,0.01,41,101,2000000,0,11.11,0,85.86,0,0,0,0.39,0.06,2.58,4253911
Yu3_Project_002,101,201111_A00223_0449_BHWCWNDRXX,482,3880492,3880492,33.7,0.01,54.01,0,40,101,2000000,0,14.3,0,82.56,0,0,0,0.1,0.03,3.01,2812782
Yu3_Project_002,101,201111_A00223_0449_BHWCWNDRXX,483,4254994,4254994,35.5,0.09,48.63,0.03,41,101,2000000,0,14.68,0,82.05,0,0,0,0.16,0.05,3.06,3307478
Yu3_Project_002,101,201111_A00223_0449_BHWCWNDRXX,485,2816713,2816713,36,0.26,48.14,0.14,41,101,2000000,0.01,14.69,0,81.66,0,0,0,0.02,0.19,3.43,2771070
Yu3_Project_002,101,201111_A00223_0449_BHWCWNDRXX,486,3308993,3308993,35.7,0.29,50.38,0.14,41,101,2000000,0,10.87,0,85.04,0,0,0,0.19,0.05,3.85,3076366
Yu3_Project_002,101,201111_A00223_0449_BHWCWNDRXX,487,2771930,2771930,36,0.27,49.7,0.16,41,101,2000000,0,10.58,0,86.32,0,0,0,0.01,0.1,2.99,3105268
Yu3_Project_002,101,201111_A00223_0449_BHWCWNDRXX,488,3080808,3080808,36,0.27,49.33,0.14,41,101,2000000,0,11.3,0,85.54,0,0,0,0.09,0.06,3.01,5126472
Yu3_Project_002,101,201111_A00223_0449_BHWCWNDRXX,489,3109491,3109491,35.5,0.22,50.36,0.11,40,101,2000000,0,13.87,0,83.51,0,0,0,0.1,0.02,2.5,3092402
Yu3_Project_002,101,201111_A00223_0449_BHWCWNDRXX,49,5889659,5889659,34.6,0.17,53.34,0.09,40,101,2000000,0,12.91,0,84.17,0,0,0,0.12,0,2.8,2737002
Yu3_Project_002,101,201111_A00223_0449_BHWCWNDRXX,490,3098025,3098025,35.6,0.3,50.82,0.17,40,101,2000000,0,16.15,0,81.51,0,0,0,0.05,0.2,2.09,2921783
Yu3_Project_002,101,201111_A00223_0449_BHWCWNDRXX,492,2738014,2738014,35.6,0.17,49.63,0.06,40,101,2000000,0,13.99,0,83,0,0,0,0.02,0.14,2.85,3507493
Yu3_Project_002,101,201111_A00223_0449_BHWCWNDRXX,493,2925644,2925644,35.7,0.25,48.41,0.12,41,101,2000000,0.01,13.68,0,83.38,0,0,0,0.12,0.03,2.78,2877468
Yu3_Project_002,101,201111_A00223_0449_BHWCWNDRXX,494,3512013,3512013,35.8,0.23,50.41,0.09,41,101,2000000,0,15.65,0,81.36,0,0,0,0.24,0.05,2.7,2779704
Yu3_Project_002,101,201111_A00223_0449_BHWCWNDRXX,495,2878473,2878473,35.9,0.24,49.06,0.11,41,101,2000000,0,11.44,0,84.67,0,0,0,0.13,0.04,3.72,3088281
Yu3_Project_002,101,201111_A00223_0449_BHWCWNDRXX,496,2782744,2782744,36,0.23,47.84,0.09,41,101,2000000,0.01,13.86,0,83.18,0,0,0,0.03,0.11,2.81,3245429
Yu3_Project_002,101,201111_A00223_0449_BHWCWNDRXX,498,3091847,3091847,36,0.24,50.32,0.1,40,101,2000000,0,12.44,0,85.05,0,0,0,0.04,0.09,2.38,4534449
Yu3_Project_002,101,201111_A00223_0449_BHWCWNDRXX,499,4544808,4544808,35.9,0.3,54.29,0.23,40,101,2000000,0,10.91,0,86.35,0,0,0,0.11,0.03,2.6,5881843
Yu3_Project_002,101,201111_A00223_0449_BHWCWNDRXX,4990000,3247604,3247604,33.7,0.03,55.69,0.01,40,101,2000000,0,13.05,0,84.45,0,0,0,0.13,0.05,2.32,2903012
Yu3_Project_002,101,201111_A00223_0449_BHWCWNDRXX,5,8020313,8020313,36,0.09,51,0.04,40,101,2000000,0,11.81,0,85.7,0,0,0,0.07,0.04,2.38,3037948
Yu3_Project_002,101,201111_A00223_0449_BHWCWNDRXX,50,5495298,5495298,35.9,0.21,50.24,0.12,40,101,2000000,0,16.01,0,80.24,0,0,0,0.09,0.06,3.6,3578892
Yu3_Project_002,101,201111_A00223_0449_BHWCWNDRXX,502,3039991,3039991,33.9,0.04,55.92,0.01,41,101,2000000,0,10.22,0,85.83,0,0,0,0.17,0.06,3.72,2969339
Yu3_Project_002,101,201111_A00223_0449_BHWCWNDRXX,503,3580880,3580880,35,0.15,50.84,0.07,41,101,2000000,0,11.44,0,84.65,0,0,0,0.12,0.01,3.78,2997269
Yu3_Project_002,101,201111_A00223_0449_BHWCWNDRXX,504,2973095,2973095,35.5,0.24,50.85,0.12,40,101,2000000,0,13.34,0,84.2,0,0,0,0.02,0.07,2.37,2530268
Yu3_Project_002,101,201111_A00223_0449_BHWCWNDRXX,505,2998290,2998290,36,0.23,47.01,0.1,41,101,2000000,0,17.69,0,79.47,0,0,0,0.02,0.07,2.75,2661491
Yu3_Project_002,101,201111_A00223_0449_BHWCWNDRXX,506,2662403,2662403,35.9,0.22,46.24,0.07,41,101,2000000,0,19.04,0,78.23,0,0,0,0.08,0.03,2.62,2452776
Yu3_Project_002,101,201111_A00223_0449_BHWCWNDRXX,506.C10,2531024,2531024,36,0.15,39.06,0.11,41,101,2000000,0,21.26,0,75.59,0,0,0,0.02,0.19,2.94,3225306
Yu3_Project_002,101,201111_A00223_0449_BHWCWNDRXX,507,2453565,2453565,36,0.18,48.67,0.06,41,101,2000000,0,14.51,0,82.31,0,0,0,0.19,0.1,2.89,3231549
Yu3_Project_002,101,201111_A00223_0449_BHWCWNDRXX,508,3228344,3228344,35.9,0.19,48.48,0.06,41,101,2000000,0,14.25,0,82.91,0,0,0,0.09,0.04,2.71,5493373
Yu3_Project_002,101,201111_A00223_0449_BHWCWNDRXX,509,3235512,3235512,34.9,0.2,51.18,0.08,41,101,2000000,0,13.51,0,83.02,0,0,0,0.16,0.05,3.26,2939471
Yu3_Project_002,101,201111_A00223_0449_BHWCWNDRXX,51,4737593,4737593,36,0.15,51.46,0.07,40,101,2000000,0,10.89,0,85.92,0,0,0,0.12,0.08,2.99,2692415
Yu3_Project_002,101,201111_A00223_0449_BHWCWNDRXX,510,2941352,2941352,34.5,0.17,56.07,0.09,40,101,2000000,0,8.8,0,88.28,0,0,0,0.18,0.06,2.68,2868500
Yu3_Project_002,101,201111_A00223_0449_BHWCWNDRXX,511,2695848,2695848,35.4,0.19,51.24,0.11,40,101,2000000,0,12.39,0,84.56,0,0,0,0.14,0.01,2.9,3039663
Yu3_Project_002,101,201111_A00223_0449_BHWCWNDRXX,512,2869634,2869634,35.5,0.2,49.05,0.09,40,101,2000000,0,15.12,0,82.31,0,0,0,0.03,0.19,2.35,3298661
Yu3_Project_002,101,201111_A00223_0449_BHWCWNDRXX,513,3040581,3040581,36,0.17,48.64,0.07,40,101,2000000,0,15.57,0,82.23,0,0,0,0.16,0.05,1.99,3039891
Yu3_Project_002,101,201111_A00223_0449_BHWCWNDRXX,514,3302235,3302235,35.8,0.2,50.11,0.09,40,101,2000000,0,10.79,0,86.67,0,0,0,0.13,0.02,2.39,3469782
Yu3_Project_002,101,201111_A00223_0449_BHWCWNDRXX,515,3040834,3040834,36,0.17,50.02,0.07,40,101,2000000,0,11.17,0,85.48,0,0,0,0.17,0.02,3.16,3747251
Yu3_Project_002,101,201111_A00223_0449_BHWCWNDRXX,518,3475174,3475174,35.9,0.26,50.05,0.16,41,101,2000000,0,12.77,0,83.88,0,0,0,0.11,0.06,3.18,4736115
Yu3_Project_002,101,201111_A00223_0449_BHWCWNDRXX,519,3753323,3753323,35.2,0.26,51.98,0.16,40,101,2000000,0,12.92,0,83.75,0,0,0,0.08,0.16,3.09,3385021
Yu3_Project_002,101,201111_A00223_0449_BHWCWNDRXX,52,4733000,4733000,35.9,0.22,52.22,0.16,40,101,2000000,0,10.42,0,86.66,0,0,0,0.08,0.04,2.8,3613177
Yu3_Project_002,101,201111_A00223_0449_BHWCWNDRXX,521,3387190,3387190,33.9,0.05,57.64,0.01,40,101,2000000,0,8.32,0,88.2,0,0,0,0.09,0.04,3.35,3413058
Yu3_Project_002,101,201111_A00223_0449_BHWCWNDRXX,522,3614758,3614758,35,0.13,51.39,0.05,40,101,2000000,0,13.01,0,84.39,0,0,0,0.08,0.02,2.5,3597423
Yu3_Project_002,101,201111_A00223_0449_BHWCWNDRXX,524,3414268,3414268,35.5,0.16,50.2,0.07,40,101,2000000,0,13.73,0,82.88,0,0,0,0.19,0.04,3.16,3234498
Yu3_Project_002,101,201111_A00223_0449_BHWCWNDRXX,525,3600770,3600770,35.9,0.19,49.57,0.08,40,101,2000000,0,13.15,0,83.72,0.01,0,0,0.01,0.16,2.95,3213508
Yu3_Project_002,101,201111_A00223_0449_BHWCWNDRXX,527,3241545,3241545,35.8,0.36,50.37,0.25,41,101,2000000,0,12.76,0,83.64,0,0,0,0.09,0.02,3.49,3558411
Yu3_Project_002,101,201111_A00223_0449_BHWCWNDRXX,528,3216259,3216259,35.9,0.19,50.54,0.05,41,101,2000000,0,10.85,0,85.32,0,0,0,0.09,0.05,3.69,4725441
Yu3_Project_002,101,201111_A00223_0449_BHWCWNDRXX,529,3560451,3560451,35.9,0.19,48.94,0.04,41,101,2000000,0,12.43,0,84.48,0,0,0,0.15,0.06,2.88,3689375
Yu3_Project_002,101,201111_A00223_0449_BHWCWNDRXX,53,4550276,4550276,36,0.2,49.99,0.14,40,101,2000000,0,13.99,0,83.08,0,0,0,0.11,0.05,2.77,3292311
Yu3_Project_002,101,201111_A00223_0449_BHWCWNDRXX,530,3693778,3693778,34.5,0.21,53.79,0.1,41,101,2000000,0,12.91,0,84.31,0,0,0,0.02,0.1,2.66,3174136
Yu3_Project_002,101,201111_A00223_0449_BHWCWNDRXX,532,3295002,3295002,35,0.21,50.33,0.05,41,101,2000000,0,11.8,0,84.44,0,0,0,0.13,0.02,3.61,3801662
Yu3_Project_002,101,201111_A00223_0449_BHWCWNDRXX,533,3804348,3804348,34.9,0.18,49.95,0.04,41,101,2000000,0,13.78,0,82.92,0,0,0,0.12,0.03,3.15,3645533
Yu3_Project_002,101,201111_A00223_0449_BHWCWNDRXX,533.A10,3176016,3176016,34.5,0.12,47.51,0.05,41,101,2000000,0,16.59,0,80.17,0,0,0,0.02,0.17,3.05,3219955
Yu3_Project_002,101,201111_A00223_0449_BHWCWNDRXX,535,3648616,3648616,35.3,0.19,49.5,0.06,41,101,2000000,0,15,0,81.2,0,0,0,0.18,0.01,3.61,2801597
Yu3_Project_002,101,201111_A00223_0449_BHWCWNDRXX,536,3223901,3223901,36,0.22,49.9,0.12,40,101,2000000,0,11.95,0,84.58,0,0,0.01,0.17,0.05,3.24,4548541
Yu3_Project_002,101,201111_A00223_0449_BHWCWNDRXX,537,2802521,2802521,36,0.28,46.63,0.14,40,101,2000000,0,18.54,0,79.59,0.01,0,0,0.04,0.16,1.66,2660185
Yu3_Project_002,101,201111_A00223_0449_BHWCWNDRXX,54,5619115,5619115,36,0.08,49.57,0.04,40,101,2000000,0,14.32,0,83.47,0,0,0,0.14,0.02,2.05,2904855
Yu3_Project_002,101,201111_A00223_0449_BHWCWNDRXX,540,2662707,2662707,36,0.19,50.59,0.07,41,101,2000000,0,10.15,0,86.05,0,0,0,0.03,0.22,3.55,3382377
Yu3_Project_002,101,201111_A00223_0449_BHWCWNDRXX,542,2909255,2909255,36,0.25,48.22,0.15,41,101,2000000,0,12.44,0,83.91,0,0,0,0.08,0.03,3.54,3181600
Yu3_Project_002,101,201111_A00223_0449_BHWCWNDRXX,543,3389206,3389206,35,0.32,50.73,0.19,41,101,2000000,0,15.46,0,81.79,0,0,0,0.02,0.11,2.62,3629704
Yu3_Project_002,101,201111_A00223_0449_BHWCWNDRXX,544,3184895,3184895,35.4,0.2,50.74,0.06,40,101,2000000,0.01,11.54,0,85.8,0,0,0,0.06,0.12,2.47,3060266
Yu3_Project_002,101,201111_A00223_0449_BHWCWNDRXX,548,3631816,3631816,34.3,0.1,55.23,0.03,41,101,2000000,0,12.09,0,84.17,0,0,0,0.09,0.05,3.6,5617029
Yu3_Project_002,101,201111_A00223_0449_BHWCWNDRXX,549,3063251,3063251,35.7,0.19,50.81,0.07,40,101,2000000,0,12.54,0,84.25,0,0,0,0.11,0.03,3.07,2817800
Yu3_Project_002,101,201111_A00223_0449_BHWCWNDRXX,55,5031819,5031819,36,0.16,50.87,0.08,40,101,2000000,0,15.5,0,82.04,0,0,0.01,0.13,0.04,2.28,2565581
Yu3_Project_002,101,201111_A00223_0449_BHWCWNDRXX,550,2818690,2818690,36,0.16,51.49,0.07,40,101,2000000,0,12.16,0,85.02,0,0,0,0.16,0.08,2.58,2493476
Yu3_Project_002,101,201111_A00223_0449_BHWCWNDRXX,551,2566404,2566404,36,0.17,50.62,0.07,40,101,2000000,0,11.61,0,84.81,0,0,0,0.03,0.17,3.38,2896941
Yu3_Project_002,101,201111_A00223_0449_BHWCWNDRXX,552,2494282,2494282,36,0.16,51.98,0.07,40,101,2000000,0,11.75,0,85.72,0,0,0,0.13,0.08,2.32,2958254
Yu3_Project_002,101,201111_A00223_0449_BHWCWNDRXX,553,2899571,2899571,36,0.15,51.38,0.07,40,101,2000000,0,10.98,0,86.05,0,0,0,0.02,0.08,2.87,2735897
Yu3_Project_002,101,201111_A00223_0449_BHWCWNDRXX,555,2959279,2959279,35.9,0.2,48.19,0.07,41,101,2000000,0,17.06,0,79.57,0,0,0,0.18,0.03,3.16,2849538
Yu3_Project_002,101,201111_A00223_0449_BHWCWNDRXX,557,2736782,2736782,35.8,0.13,49.74,0.04,40,101,2000000,0,13.02,0,83.97,0,0,0,0.12,0.03,2.86,2474358
Yu3_Project_002,101,201111_A00223_0449_BHWCWNDRXX,558,2850614,2850614,35.9,0.15,51.87,0.04,41,101,2000000,0,12.92,0,84.11,0,0,0,0.13,0.03,2.81,5030066
Yu3_Project_002,101,201111_A00223_0449_BHWCWNDRXX,559,2475183,2475183,36,0.17,51.64,0.08,40,101,2000000,0,13.94,0,83.44,0,0,0,0.16,0.08,2.38,2602358
Yu3_Project_002,101,201111_A00223_0449_BHWCWNDRXX,56,5541846,5541846,35.8,0.43,53.6,0.4,40,101,2000000,0,10.33,0,86.3,0,0,0,0.07,0.04,3.26,3299590
Yu3_Project_002,101,201111_A00223_0449_BHWCWNDRXX,561,2605309,2605309,35.9,0.21,52.42,0.1,41,101,2000000,0,10.33,0,86.65,0,0,0,0.06,0.02,2.94,2322153
Yu3_Project_002,101,201111_A00223_0449_BHWCWNDRXX,561.S.006,3300737,3300737,36,0.09,44.94,0.05,41,101,2000000,0,13.42,0,82.66,0,0,0,0.09,0.07,3.76,2577866
Yu3_Project_002,101,201111_A00223_0449_BHWCWNDRXX,564,2325605,2325605,36,0.23,50.52,0.14,40,101,2000000,0,11.27,0,86.17,0,0,0,0.02,0.1,2.44,5523870
Yu3_Project_002,101,201111_A00223_0449_BHWCWNDRXX,565,2580172,2580172,36,0.17,50.09,0.07,40,101,2000000,0,12.59,0,84.16,0,0,0,0.04,0.15,3.06,3000973
Yu3_Project_002,101,201111_A00223_0449_BHWCWNDRXX,57,5412525,5412525,35,0.47,52.94,0.42,40,101,2000000,0,13.47,0,83.3,0,0,0,0.16,0.05,3.02,2729471
Yu3_Project_002,101,201111_A00223_0449_BHWCWNDRXX,570,3002386,3002386,35.4,0.21,50.75,0.1,41,101,2000000,0,10.37,0,84.66,0,0,0,0.14,0.06,4.77,2457966
Yu3_Project_002,101,201111_A00223_0449_BHWCWNDRXX,572,2731982,2731982,35.7,0.22,49.31,0.07,41,101,2000000,0,10.16,0,85.3,0,0,0,0.09,0.02,4.43,2896569
Yu3_Project_002,101,201111_A00223_0449_BHWCWNDRXX,575,2458921,2458921,35.5,0.13,48.37,0.03,41,101,2000000,0,11.85,0,83.54,0,0,0,0.12,0.03,4.46,3518475
Yu3_Project_002,101,201111_A00223_0449_BHWCWNDRXX,576,2897554,2897554,35.5,0.15,48.86,0.04,41,101,2000000,0,13.84,0,82.42,0,0,0,0.04,0.13,3.57,5392866
Yu3_Project_002,101,201111_A00223_0449_BHWCWNDRXX,577,3519658,3519658,36,0.18,49.92,0.08,40,101,2000000,0,14.46,0,82.48,0,0,0,0.19,0.06,2.81,3359069
Yu3_Project_002,101,201111_A00223_0449_BHWCWNDRXX,581,3362352,3362352,35.8,0.19,51.2,0.08,40,101,2000000,0,12.35,0,84.67,0,0,0,0.14,0.04,2.8,3203034
Yu3_Project_002,101,201111_A00223_0449_BHWCWNDRXX,582,3204134,3204134,35.9,0.25,49.11,0.16,40,101,2000000,0,13.35,0,83.5,0,0,0,0.03,0.13,2.99,3641520
Yu3_Project_002,101,201111_A00223_0449_BHWCWNDRXX,584,3642730,3642730,35.9,0.17,49.29,0.06,40,101,2000000,0,13.37,0,83.7,0,0,0,0.12,0.03,2.78,4050653
Yu3_Project_002,101,201111_A00223_0449_BHWCWNDRXX,585,4053095,4053095,34.9,0.16,51.58,0.06,41,101,2000000,0,14.17,0,82.43,0,0,0,0.21,0.04,3.15,3545158
Yu3_Project_002,101,201111_A00223_0449_BHWCWNDRXX,586,3546919,3546919,34.7,0.16,52.58,0.07,40,101,2000000,0,13.29,0,83.52,0,0,0,0.01,0.19,2.99,3519768
Yu3_Project_002,101,201111_A00223_0449_BHWCWNDRXX,587,3523703,3523703,35.3,0.2,53.55,0.08,40,101,2000000,0,13.03,0,84.33,0,0,0,0.02,0.12,2.5,3444234
Yu3_Project_002,101,201111_A00223_0449_BHWCWNDRXX,588,3446720,3446720,35.4,0.15,52.53,0.04,40,101,2000000,0,13.11,0,84.79,0,0,0,0.15,0.07,1.88,3158728
Yu3_Project_002,101,201111_A00223_0449_BHWCWNDRXX,59,5462657,5462657,36,0.37,53.72,0.32,40,101,2000000,0,10.03,0,87.59,0,0,0,0.18,0.05,2.15,2619923
Yu3_Project_002,101,201111_A00223_0449_BHWCWNDRXX,593,3162249,3162249,35.9,0.21,48.46,0.11,40,101,2000000,0,13.91,0,83.03,0,0,0,0.02,0.15,2.89,2514267
Yu3_Project_002,101,201111_A00223_0449_BHWCWNDRXX,594,2625756,2625756,35.9,0.41,52.91,0.24,41,101,2000000,0,12.12,0,84.9,0,0,0,0.12,0.05,2.81,2946304
Yu3_Project_002,101,201111_A00223_0449_BHWCWNDRXX,596,2515075,2515075,36,0.23,49.36,0.13,40,101,2000000,0,16.05,0,81.3,0,0,0,0.01,0.15,2.49,3423314
Yu3_Project_002,101,201111_A00223_0449_BHWCWNDRXX,598,2949174,2949174,36,0.2,49.75,0.08,40,101,2000000,0,11.69,0,84.92,0,0,0,0.12,0.03,3.24,5447120
Yu3_Project_002,101,201111_A00223_0449_BHWCWNDRXX,599,3426174,3426174,33.5,0.02,58.94,0.01,40,101,2000000,0,9.75,0,87.45,0,0,0,0.02,0.1,2.68,8017277
Yu3_Project_002,101,201111_A00223_0449_BHWCWNDRXX,6,6880727,6880727,35.9,0.17,50.68,0.08,40,101,2000000,0,13.02,0,83.66,0,0,0,0.09,0,3.23,3091316
Yu3_Project_002,101,201111_A00223_0449_BHWCWNDRXX,60,5061742,5061742,36,0.14,50.16,0.06,40,101,2000000,0,11.79,0,85.9,0,0,0,0.18,0.07,2.06,2927149
Yu3_Project_002,101,201111_A00223_0449_BHWCWNDRXX,600,3096014,3096014,35.4,0.26,50.85,0.13,40,101,2000000,0,14.65,0,82.81,0,0,0,0.01,0.13,2.4,1772631
Yu3_Project_002,101,201111_A00223_0449_BHWCWNDRXX,601,2930110,2930110,35.3,0.23,51.58,0.05,41,101,2000000,0,12.42,0,83.25,0,0,0,0.2,0.03,4.1,3226640
Yu3_Project_002,101,201111_A00223_0449_BHWCWNDRXX,603,1780846,1780846,35.5,0.92,54.67,0.47,41,101,1780846,0,16.16,0,81.06,0,0,0,0.12,0.07,2.59,2847910
Yu3_Project_002,101,201111_A00223_0449_BHWCWNDRXX,605,3228079,3228079,35.1,0.16,46.68,0.12,41,101,2000000,0,16.41,0,79.99,0,0,0,0.18,0.04,3.38,3373584
Yu3_Project_002,101,201111_A00223_0449_BHWCWNDRXX,607,2848784,2848784,36,0.13,40.3,0.08,41,101,2000000,0,17.78,0,79.35,0,0,0,0.03,0.15,2.69,3519509
Yu3_Project_002,101,201111_A00223_0449_BHWCWNDRXX,608,3375111,3375111,35.3,0.15,44.07,0.11,41,101,2000000,0,18.17,0,78.09,0,0,0,0.15,0.03,3.56,5057523
Yu3_Project_002,101,201111_A00223_0449_BHWCWNDRXX,609,3520992,3520992,35.6,0.15,45.36,0.1,41,101,2000000,0,16.2,0,80.24,0,0,0,0.13,0.07,3.36,4550461
Yu3_Project_002,101,201111_A00223_0449_BHWCWNDRXX,62,4552062,4552062,36,0.17,51.23,0.1,40,101,2000000,0,12.68,0,83.88,0,0,0,0.16,0.01,3.27,6627504
Yu3_Project_002,101,201111_A00223_0449_BHWCWNDRXX,63,6637898,6637898,35.8,0.23,52.04,0.15,40,101,2000000,0,11.67,0,85.31,0,0,0,0.03,0.15,2.84,6314993
Yu3_Project_002,101,201111_A00223_0449_BHWCWNDRXX,64,6317057,6317057,36,0.14,50.85,0.07,40,101,2000000,0,12.89,0,84.76,0,0,0,0.04,0.11,2.2,6231788
Yu3_Project_002,101,201111_A00223_0449_BHWCWNDRXX,65,6233894,6233894,35.9,0.16,50.02,0.1,40,101,2000000,0,13.86,0,83.41,0,0,0,0.14,0.03,2.56,6514098
Yu3_Project_002,101,201111_A00223_0449_BHWCWNDRXX,66,6519021,6519021,33.7,0.01,54.26,0.01,40,101,2000000,0,14.66,0,82.13,0,0,0,0.12,0.05,3.04,3470239
Yu3_Project_002,101,201111_A00223_0449_BHWCWNDRXX,67,6166635,6166635,33.6,0.01,56.51,0.01,40,101,2000000,0,15.78,0,81.54,0,0,0,0.01,0.13,2.54,6162430
Yu3_Project_002,101,201111_A00223_0449_BHWCWNDRXX,67A,3471860,3471860,35.1,0.17,49.63,0.1,41,101,2000000,0,8.75,0,88.68,0,0,0,0.03,0.11,2.43,4157511
Yu3_Project_002,101,201111_A00223_0449_BHWCWNDRXX,68,6178639,6178639,35.9,0.07,50.31,0.02,40,101,2000000,0,9.12,0,88.11,0,0,0,0.15,0.06,2.56,6176413
Yu3_Project_002,101,201111_A00223_0449_BHWCWNDRXX,68A,4159132,4159132,35.6,0.12,48.11,0.07,40,101,2000000,0,8.87,0,88.51,0,0,0.02,0.15,0.03,2.42,5533532
Yu3_Project_002,101,201111_A00223_0449_BHWCWNDRXX,69,5535796,5535796,35.8,0.15,48.47,0.1,40,101,2000000,0.03,15.21,0,80.97,0.01,0,0,0.02,0.1,3.66,6878435
Yu3_Project_002,101,201111_A00223_0449_BHWCWNDRXX,7,2989154,2989154,35.3,0.17,47.13,0.11,41,101,2000000,0,13.46,0,83.3,0,0,0,0.07,0.05,3.12,5394880
Yu3_Project_002,101,201111_A00223_0449_BHWCWNDRXX,70,5396846,5396846,35.9,0.16,53.36,0.1,40,101,2000000,0.01,11.34,0,85.12,0,0,0,0.22,0.05,3.26,6085220
Yu3_Project_002,101,201111_A00223_0449_BHWCWNDRXX,72,6087405,6087405,35.9,0.24,51.68,0.16,40,101,2000000,0,13.69,0,82.78,0,0,0,0.03,0.16,3.34,3782101
Yu3_Project_002,101,201111_A00223_0449_BHWCWNDRXX,74,5201560,5201560,36,0.13,51.93,0.07,40,101,2000000,0,12.5,0,84.5,0,0,0,0.04,0.17,2.79,5199901
Yu3_Project_002,101,201111_A00223_0449_BHWCWNDRXX,74B,3783870,3783870,34.7,0.13,48.72,0.06,41,101,2000000,0,13.08,0,84.38,0,0,0,0.11,0.03,2.4,5271473
Yu3_Project_002,101,201111_A00223_0449_BHWCWNDRXX,76,5273245,5273245,35.9,0.21,52.91,0.16,40,101,2000000,0,9.04,0,88.07,0,0,0,0.14,0.03,2.72,5479315
Yu3_Project_002,101,201111_A00223_0449_BHWCWNDRXX,77,5483356,5483356,34.1,0.02,55.17,0.01,40,101,2000000,0,10.9,0,85.81,0,0,0,0.11,0.04,3.14,5611986
Yu3_Project_002,101,201111_A00223_0449_BHWCWNDRXX,79,5614887,5614887,34.7,0.09,55.07,0.04,40,101,2000000,0,9.8,0,86.26,0,0,0,0,0.16,3.78,2987867
Yu3_Project_002,101,201111_A00223_0449_BHWCWNDRXX,81,4084591,4084591,36,0.08,51.42,0.06,40,101,2000000,0,9.27,0,87.6,0,0,0,0.11,0.01,3.01,4083240
Yu3_Project_002,101,201111_A00223_0449_BHWCWNDRXX,82,4655380,4655380,35.8,0.24,51.47,0.18,40,101,2000000,0,12.18,0,84.67,0.01,0,0,0.03,0.13,2.98,4653505
Yu3_Project_002,101,201111_A00223_0449_BHWCWNDRXX,83,4521154,4521154,36,0.17,50.86,0.1,40,101,2000000,0,11.73,0,85.05,0,0,0,0.16,0.03,3.03,3482886
Yu3_Project_002,101,201111_A00223_0449_BHWCWNDRXX,83A,3484179,3484179,36,0.22,46.12,0.15,41,101,2000000,0.02,17.05,0,80.79,0,0,0,0.02,0.11,2.01,3421043
Yu3_Project_002,101,201111_A00223_0449_BHWCWNDRXX,83B,3422326,3422326,35.9,0.21,49.64,0.16,41,101,2000000,0.01,8.32,0,88.88,0,0,0,0.02,0.11,2.66,4519574
Yu3_Project_002,101,201111_A00223_0449_BHWCWNDRXX,84A,3133324,3133324,35,0.17,51.38,0.11,41,101,2000000,0,7.86,0,89.54,0,0,0,0.11,0.02,2.47,3131623
Yu3_Project_002,101,201111_A00223_0449_BHWCWNDRXX,84B,3397335,3397335,36,0.11,47.81,0.06,41,101,2000000,0,10.65,0,86.36,0,0,0,0.04,0.15,2.8,3396102
Yu3_Project_002,101,201111_A00223_0449_BHWCWNDRXX,85,5644757,5644757,35.9,0.37,53.23,0.29,40,101,2000000,0,11.51,0,85.2,0,0,0,0.13,0.03,3.13,5629734
Yu3_Project_002,101,201111_A00223_0449_BHWCWNDRXX,87,4866519,4866519,36,0.21,52.59,0.14,40,101,2000000,0,13.81,0,84.14,0,0,0,0.12,0.04,1.89,4859180
Yu3_Project_002,101,201111_A00223_0449_BHWCWNDRXX,88,4599187,4599187,35.9,0.79,55.05,0.82,40,101,2000000,0,7.13,0,88.79,0,0,0,0.14,0.02,3.92,4569108
Yu3_Project_002,101,201111_A00223_0449_BHWCWNDRXX,89,6116568,6116568,34.5,0.04,55.23,0.01,40,101,2000000,0,6.56,0,90.17,0,0,0,0.12,0.08,3.07,6111987
Yu3_Project_002,101,201111_A00223_0449_BHWCWNDRXX,9,6429198,6429198,36,0.17,49.49,0.09,40,101,2000000,0,12.1,0,84.33,0,0,0,0.21,0.05,3.31,5663502
Yu3_Project_002,101,201111_A00223_0449_BHWCWNDRXX,90,5666722,5666722,34.8,0.36,56.28,0.34,40,101,2000000,0,10.28,0,86.54,0,0,0,0.03,0.18,2.97,5263355
Yu3_Project_002,101,201111_A00223_0449_BHWCWNDRXX,92,5265426,5265426,35.9,0.09,53.06,0.06,40,101,2000000,0,7.1,0,89.69,0,0,0,0.09,0.03,3.09,4584506
Yu3_Project_002,101,201111_A00223_0449_BHWCWNDRXX,93,4586464,4586464,35.9,0.29,52.28,0.25,40,101,2000000,0,10.6,0,86.16,0,0,0,0.07,0.04,3.13,4741321
Yu3_Project_002,101,201111_A00223_0449_BHWCWNDRXX,94,4743208,4743208,35.9,0.19,51.72,0.12,40,101,2000000,0,16.49,0,80.87,0,0,0,0.22,0.09,2.33,2953508
Yu3_Project_002,101,201111_A00223_0449_BHWCWNDRXX,95,5531720,5531720,35.9,0.24,54.34,0.17,40,101,2000000,0,11.74,0,85.37,0,0,0,0.12,0.07,2.7,5521710
Yu3_Project_002,101,201111_A00223_0449_BHWCWNDRXX,95B,2954481,2954481,36,0.18,47.24,0.1,41,101,2000000,0,13.28,0,83.7,0,0,0,0.12,0.05,2.85,4437265
Yu3_Project_002,101,201111_A00223_0449_BHWCWNDRXX,96,4445796,4445796,36,0.29,54.84,0.2,40,101,2000000,0,10.39,0,85.23,0,0,0,0.06,0.19,4.13,4300045
Yu3_Project_002,101,201111_A00223_0449_BHWCWNDRXX,97,4316022,4316022,35.9,0.46,54.46,0.44,40,101,2000000,0,9.39,0,87.81,0,0,0,0.06,0.01,2.73,3127416
Yu3_Project_002,101,201111_A00223_0449_BHWCWNDRXX,98,5241985,5241985,33.8,0.03,59.73,0.02,40,101,2000000,0,8.86,0,87.42,0.01,0,0,0.08,0.02,3.61,5237127
Yu3_Project_002,101,201111_A00223_0449_BHWCWNDRXX,98A,3129089,3129089,34,0.04,52.43,0.02,41,101,2000000,0,8.29,0,88.89,0,0,0,0.05,0.12,2.65,6427236
undef,101,201111_A00223_0449_BHWCWNDRXX,Mean,3862582.44,3862582.44,35.57,0.81,50.31,0.84,40.53,101,1978593.7,0,11.76,0,84.55,0,0,0,0.11,0.08,3.49,
,,,,,1950604130,35.5706930693,,,,,,,,,,,,,,,,,1947903302
,,,,,,,,,,,,,,,,,,,,,,,99.8615388967
