,Node1,Node2,Node3,Node4,Forest_1,Forest_2,Forest_3,Forest_4,Forest_5,Forest_6,Forest_7,Forest_8,Forest_9,Forest_10,Sum_Forest_Score,Median_Forest_Score
Interaction_64,chr1.1_18947323,chr4.1_35508415,,,1,0,0,0,0,0,0,0,0,0,1,0
Interaction_65,chr1.1_18947323,chr4.1_35508415,chr5.1_1429434,,1,0,0,0,0,0,0,0,0,0,1,0
Interaction_147,chr3.1_37109816,chr4.1_35508415,,,0,1,0,0,0,0,0,0,0,0,1,0
Interaction_179,chr2.1_41805885,chr4.1_35508415,,,0,1,0,0,0,0,0,0,0,0,1,0
Interaction_188,chr2.1_41805885,chr3.1_37109816,chr4.1_35508415,,0,1,0,0,0,0,0,0,0,0,1,0
Interaction_239,chr4.1_35508415,chr5.1_1429434,chr7.1_11234756,,0,1,0,0,0,0,0,0,0,0,1,0
Interaction_29,chr2.1_41048095,chr4.1_35508415,chr5.1_1429434,,0,1,0,0,0,0,0,0,0,0,1,0
Interaction_3113,chr2.1_41048095,chr4.1_35508415,chr5.1_1429434,chr7.1_11234756,0,1,0,0,0,0,0,0,0,0,1,0
Interaction_347,chr3.1_37109816,chr5.1_54813818,,,0,1,0,0,0,0,0,0,0,0,1,0
Interaction_366,chr3.1_37109816,chr5.1_1429434,chr5.1_54813818,,0,1,0,0,0,0,0,0,0,0,1,0
Interaction_419,chr2.1_5055117,chr7.1_11234756,,,0,1,0,0,0,0,0,0,0,0,1,0
Interaction_428,chr2.1_41048095,chr2.1_5055117,chr7.1_11234756,,0,1,0,0,0,0,0,0,0,0,1,0
Interaction_439,chr2.1_5055117,chr5.1_1429434,chr7.1_11234756,,0,1,0,0,0,0,0,0,0,0,1,0
Interaction_448,chr2.1_41048095,chr2.1_5055117,chr5.1_1429434,chr7.1_11234756,0,1,0,0,0,0,0,0,0,0,1,0
Interaction_498,chr1.1_18947323,chr4.1_41033612,,,0,1,0,0,0,0,0,0,0,0,1,0
Interaction_505,chr4.1_41033612,chr6.1_27950240,,,0,1,0,0,0,0,0,0,0,0,1,0
Interaction_527,chr1.1_18947323,chr4.1_41033612,chr6.1_27950240,,0,1,0,0,0,0,0,0,0,0,1,0
Interaction_510,chr3.1_37109816,chr7.1_11234756,,,0,0,1,0,0,0,0,0,0,0,1,0
Interaction_78,chr3.1_37109816,chr6.1_27950240,chr7.1_11234756,,0,0,1,0,0,0,0,0,0,0,1,0
Interaction_231,chr3.1_37109816,chr6.1_6843822,,,0,0,1,0,0,0,0,0,0,0,1,0
Interaction_251,chr3.1_37109816,chr6.1_27950240,chr6.1_6843822,,0,0,1,0,0,0,0,0,0,0,1,0
Interaction_261,chr4.1_20948923,chr6.1_6843822,,,0,0,1,0,0,0,0,0,0,0,1,0
Interaction_281,chr3.1_37109816,chr4.1_20948923,chr6.1_6843822,,0,0,1,0,0,0,0,0,0,0,1,0
Interaction_291,chr4.1_20948923,chr6.1_27950240,chr6.1_6843822,,0,0,1,0,0,0,0,0,0,0,1,0
Interaction_311,chr3.1_37109816,chr4.1_20948923,chr6.1_27950240,chr6.1_6843822,0,0,1,0,0,0,0,0,0,0,1,0
Interaction_381,chr2.1_5055117,chr6.1_6843822,,,0,0,1,0,0,0,0,0,0,0,1,0
Interaction_401,chr2.1_41048095,chr2.1_5055117,chr6.1_6843822,,0,0,1,0,0,0,0,0,0,0,1,0
Interaction_441,chr3.1_17212602,chr4.1_20948923,,,0,0,1,0,0,0,0,0,0,0,1,0
Interaction_451,chr3.1_17212602,chr4.1_20948923,chr6.1_27950240,,0,0,1,0,0,0,0,0,0,0,1,0
Interaction_521,chr1.1_18947323,chr2.1_41048095,chr3.1_37109816,,0,0,1,0,0,0,0,0,0,0,1,0
Interaction_541,chr1.1_18947323,chr2.1_41048095,chr3.1_37109816,chr5.1_1429434,0,0,1,0,0,0,0,0,0,0,1,0
Interaction_591,chr5.1_1429434,chr6.1_6843822,chr7.1_11234756,,0,0,1,0,0,0,0,0,0,0,1,0
Interaction_641,chr3.1_37109816,chr4.1_22418851,,,0,0,1,0,0,0,0,0,0,0,1,0
Interaction_661,chr3.1_37109816,chr4.1_22418851,chr5.1_1429434,,0,0,1,0,0,0,0,0,0,0,1,0
Interaction_691,chr3.1_32059694,chr6.1_27950240,,,0,0,1,0,0,0,0,0,0,0,1,0
Interaction_70,chr3.1_32059694,chr4.1_20948923,chr6.1_27950240,,0,0,1,0,0,0,0,0,0,0,1,0
Interaction_221,chr1.1_18947323,chr2.1_41805885,,,0,0,0,1,0,0,0,0,0,0,1,0
Interaction_232,chr1.1_18947323,chr2.1_41048095,chr2.1_41805885,,0,0,0,1,0,0,0,0,0,0,1,0
Interaction_241,chr1.1_18947323,chr2.1_41805885,chr5.1_1429434,,0,0,0,1,0,0,0,0,0,0,1,0
Interaction_252,chr1.1_18947323,chr2.1_41048095,chr2.1_41805885,chr5.1_1429434,0,0,0,1,0,0,0,0,0,0,1,0
Interaction_292,chr5.1_54813818,chr6.1_6843822,,,0,0,0,1,0,0,0,0,0,0,1,0
Interaction_312,chr5.1_54813818,chr6.1_27950240,chr6.1_6843822,,0,0,0,1,0,0,0,0,0,0,1,0
Interaction_377,chr2.1_41048095,chr2.1_5055117,chr6.1_27950240,,0,0,0,1,0,0,0,0,0,0,1,0
Interaction_412,chr2.1_41048095,chr2.1_5055117,chr5.1_1429434,chr6.1_27950240,0,0,0,1,0,0,0,0,0,0,1,0
Interaction_532,chr2.1_41805885,chr7.1_32499357,,,0,0,0,1,0,0,0,0,0,0,1,0
Interaction_542,chr2.1_41805885,chr6.1_27950240,chr7.1_32499357,,0,0,0,1,0,0,0,0,0,0,1,0
Interaction_601,chr4.1_35508415,chr6.1_27950240,,,0,0,0,1,0,0,0,0,0,0,1,0
Interaction_622,chr4.1_35508415,chr6.1_27950240,chr7.1_11234756,,0,0,0,1,0,0,0,0,0,0,1,0
Interaction_652,chr2.1_41048095,chr4.1_35508415,chr6.1_27950240,,0,0,0,1,0,0,0,0,0,0,1,0
Interaction_671,chr2.1_41048095,chr4.1_35508415,chr6.1_27950240,chr7.1_11234756,0,0,0,1,0,0,0,0,0,0,1,0
Interaction_701,chr7.1_11234756,chr7.1_32499357,,,0,0,0,1,0,0,0,0,0,0,1,0
Interaction_71,chr5.1_1429434,chr7.1_11234756,chr7.1_32499357,,0,0,0,1,0,0,0,0,0,0,1,0
Interaction_72,chr6.1_27950240,chr7.1_11234756,chr7.1_32499357,,0,0,0,1,0,0,0,0,0,0,1,0
Interaction_74,chr1.1_18947323,chr5.1_54813818,,,0,0,0,1,0,0,0,0,0,0,1,0
Interaction_75,chr1.1_18947323,chr2.1_41048095,chr5.1_54813818,,0,0,0,1,0,0,0,0,0,0,1,0
Interaction_76,chr1.1_18947323,chr5.1_1429434,chr5.1_54813818,,0,0,0,1,0,0,0,0,0,0,1,0
Interaction_77,chr1.1_18947323,chr2.1_41048095,chr5.1_1429434,chr5.1_54813818,0,0,0,1,0,0,0,0,0,0,1,0
Interaction_142,chr4.1_22418851,chr6.1_27950240,,,0,0,0,0,1,0,0,0,0,0,1,0
Interaction_152,chr4.1_22418851,chr5.1_1429434,chr6.1_27950240,,0,0,0,0,1,0,0,0,0,0,1,0
Interaction_223,chr2.1_41048095,chr4.1_22418851,,,0,0,0,0,0,1,0,0,0,0,1,0
Interaction_234,chr2.1_41048095,chr4.1_22418851,chr5.1_1429434,,0,0,0,0,0,1,0,0,0,0,1,0
Interaction_263,chr1.1_18947323,chr3.1_32059694,,,0,0,0,0,0,1,0,0,0,0,1,0
Interaction_274,chr1.1_18947323,chr3.1_32059694,chr5.1_1429434,,0,0,0,0,0,1,0,0,0,0,1,0
Interaction_444,chr1.1_18947323,chr4.1_20948923,chr7.1_11234756,,0,0,0,0,0,1,0,0,0,0,1,0
Interaction_454,chr1.1_18947323,chr4.1_20948923,chr5.1_1429434,chr7.1_11234756,0,0,0,0,0,1,0,0,0,0,1,0
Interaction_305,chr2.1_41048095,chr4.1_20948923,chr6.1_27950240,,0,0,0,0,0,0,1,0,0,0,1,0
Interaction_318,chr2.1_41048095,chr4.1_20948923,chr5.1_1429434,chr6.1_27950240,0,0,0,0,0,0,1,0,0,0,1,0
Interaction_415,chr3.1_17212602,chr5.1_54813818,,,0,0,0,0,0,0,1,0,0,0,1,0
Interaction_435,chr3.1_17212602,chr5.1_1429434,chr5.1_54813818,,0,0,0,0,0,0,1,0,0,0,1,0
Interaction_562,chr1.1_18947323,chr2.1_5055117,,,0,0,0,0,0,0,1,0,0,0,1,0
Interaction_573,chr1.1_18947323,chr2.1_5055117,chr6.1_27950240,,0,0,0,0,0,0,1,0,0,0,1,0
Interaction_176,chr2.1_41805885,chr3.1_37109816,chr6.1_27950240,,0,0,0,0,0,0,0,1,0,0,1,0
Interaction_296,chr5.1_1429434,chr5.1_54813818,chr6.1_27950240,chr7.1_11234756,0,0,0,0,0,0,0,1,0,0,1,0
Interaction_356,chr1.1_18947323,chr6.1_27950240,chr6.1_6843822,,0,0,0,0,0,0,0,1,0,0,1,0
Interaction_364,chr6.1_6843822,chr7.1_32499357,,,0,0,0,0,0,0,0,1,0,0,1,0
Interaction_374,chr1.1_18947323,chr7.1_32499357,,,0,0,0,0,0,0,0,1,0,0,1,0
Interaction_385,chr1.1_18947323,chr6.1_6843822,chr7.1_32499357,,0,0,0,0,0,0,0,1,0,0,1,0
Interaction_396,chr6.1_27950240,chr6.1_6843822,chr7.1_32499357,,0,0,0,0,0,0,0,1,0,0,1,0
Interaction_405,chr1.1_18947323,chr6.1_27950240,chr7.1_32499357,,0,0,0,0,0,0,0,1,0,0,1,0
Interaction_416,chr1.1_18947323,chr6.1_27950240,chr6.1_6843822,chr7.1_32499357,0,0,0,0,0,0,0,1,0,0,1,0
Interaction_574,chr4.1_26258871,chr6.1_6843822,,,0,0,0,0,0,0,0,1,0,0,1,0
Interaction_583,chr4.1_26258871,chr7.1_11234756,,,0,0,0,0,0,0,0,1,0,0,1,0
Interaction_602,chr4.1_26258871,chr6.1_6843822,chr7.1_11234756,,0,0,0,0,0,0,0,1,0,0,1,0
Interaction_237,chr2.1_41805885,chr7.1_11234756,,,0,0,0,0,0,0,0,0,1,0,1,0
Interaction_257,chr2.1_41805885,chr6.1_27950240,chr7.1_11234756,,0,0,0,0,0,0,0,0,1,0,1,0
Interaction_437,chr1.1_18947323,chr3.1_37109816,chr6.1_27950240,,0,0,0,0,0,0,0,0,1,0,1,0
Interaction_475,chr1.1_18947323,chr3.1_37109816,chr5.1_1429434,chr6.1_27950240,0,0,0,0,0,0,0,0,1,0,1,0
Interaction_563,chr3.1_17212602,chr6.1_27950240,chr7.1_11234756,,0,0,0,0,0,0,0,0,1,0,1,0
Interaction_525,chr2.1_41048095,chr3.1_17212602,,,0,0,0,0,0,0,0,0,0,1,1,0
Interaction_536,chr2.1_41048095,chr3.1_17212602,chr5.1_1429434,,0,0,0,0,0,0,0,0,0,1,1,0
Interaction_693,chr3.1_32059694,chr4.1_20948923,chr5.1_1429434,,0,0,0,0,0,0,0,0,0,1,1,0
Interaction_702,chr2.1_41048095,chr3.1_32059694,,,0,0,0,0,0,0,0,0,0,1,1,0
Interaction_715,chr2.1_41048095,chr3.1_32059694,chr5.1_1429434,,0,0,0,0,0,0,0,0,0,1,1,0
Interaction_721,chr2.1_41048095,chr3.1_32059694,chr4.1_20948923,,0,0,0,0,0,0,0,0,0,1,1,0
Interaction_731,chr2.1_41048095,chr3.1_32059694,chr4.1_20948923,chr5.1_1429434,0,0,0,0,0,0,0,0,0,1,1,0
Interaction_28,chr4.1_20948923,chr6.1_27950240,chr7.1_11234756,,1,1,0,0,0,0,0,0,0,0,2,0
Interaction_38,chr2.1_41048095,chr6.1_27950240,chr6.1_6843822,,1,0,0,0,1,0,0,0,0,0,2,0
Interaction_63,chr4.1_35508415,chr5.1_1429434,,,1,1,0,0,0,0,0,0,0,0,2,0
Interaction_16,chr2.1_41805885,chr3.1_37109816,,,0,1,0,0,0,0,0,1,0,0,2,0
Interaction_226,chr4.1_35508415,chr7.1_11234756,,,0,1,0,1,0,0,0,0,0,0,2,0
Interaction_285,chr2.1_41048095,chr4.1_35508415,,,0,1,0,1,0,0,0,0,0,0,2,0
Interaction_308,chr2.1_41048095,chr4.1_35508415,chr7.1_11234756,,0,1,0,1,0,0,0,0,0,0,2,0
Interaction_55,chr5.1_54813818,chr6.1_27950240,chr7.1_11234756,,0,1,0,0,0,0,0,1,0,0,2,0
Interaction_477,chr1.1_18947323,chr4.1_20948923,chr6.1_27950240,,0,0,1,0,0,0,0,1,0,0,2,0
Interaction_487,chr2.1_41048095,chr3.1_37109816,,,0,0,1,0,0,0,0,0,0,1,2,0
Interaction_501,chr2.1_41048095,chr3.1_37109816,chr5.1_1429434,,0,0,1,0,0,0,0,0,0,1,2,0
Interaction_511,chr1.1_18947323,chr3.1_37109816,,,0,0,1,0,0,0,0,0,1,0,2,0
Interaction_531,chr1.1_18947323,chr3.1_37109816,chr5.1_1429434,,0,0,1,0,0,0,0,0,1,0,2,0
Interaction_581,chr6.1_6843822,chr7.1_11234756,,,0,0,1,0,0,0,0,1,0,0,2,0
Interaction_681,chr3.1_32059694,chr4.1_20948923,,,0,0,1,0,0,0,0,0,0,1,2,0
Interaction_303,chr1.1_18947323,chr7.1_11234756,,,0,0,0,0,1,1,0,0,0,0,2,0
Interaction_314,chr1.1_18947323,chr5.1_1429434,chr7.1_11234756,,0,0,0,0,1,1,0,0,0,0,2,0
Interaction_371,chr1.1_18947323,chr6.1_6843822,,,0,0,0,0,1,0,0,1,0,0,2,0
Interaction_254,chr3.1_32059694,chr5.1_1429434,,,0,0,0,0,0,1,0,0,0,1,2,0
Interaction_375,chr2.1_41048095,chr5.1_54813818,chr6.1_27950240,,0,0,0,0,0,0,0,0,2,0,2,0
Interaction_397,chr2.1_41048095,chr5.1_1429434,chr5.1_54813818,chr6.1_27950240,0,0,0,0,0,0,0,0,2,0,2,0
Interaction_575,chr3.1_17212602,chr5.1_1429434,chr6.1_27950240,chr7.1_11234756,0,0,0,0,0,0,0,0,2,0,2,0
Interaction_49,chr2.1_41048095,chr4.1_20948923,chr7.1_11234756,,1,0,0,0,0,0,1,0,0,1,3,0
Interaction_50,chr2.1_41048095,chr4.1_20948923,chr5.1_1429434,chr7.1_11234756,1,0,0,0,0,0,1,0,0,1,3,0
Interaction_52,chr3.1_37109816,chr4.1_20948923,,,1,0,1,0,0,0,1,0,0,0,3,0
Interaction_54,chr3.1_37109816,chr4.1_20948923,chr6.1_27950240,,1,0,1,0,0,0,1,0,0,0,3,0
Interaction_59,chr2.1_41048095,chr6.1_27950240,chr7.1_11234756,,1,0,0,1,1,0,0,0,0,0,3,0
Interaction_31,chr3.1_17212602,chr7.1_11234756,,,2,0,0,0,0,0,0,0,1,0,3,0
Interaction_32,chr3.1_17212602,chr5.1_1429434,chr7.1_11234756,,2,0,0,0,0,0,0,0,1,0,3,0
Interaction_651,chr4.1_22418851,chr5.1_1429434,,,0,0,1,0,1,1,0,0,0,0,3,0
Interaction_522,chr2.1_41805885,chr6.1_27950240,,,0,0,0,1,0,0,0,1,1,0,3,0
Interaction_682,chr5.1_1429434,chr7.1_32499357,,,0,0,0,1,0,0,1,1,0,0,3,0
Interaction_692,chr5.1_1429434,chr6.1_27950240,chr7.1_32499357,,0,0,0,1,0,0,1,1,0,0,3,0
Interaction_73,chr5.1_1429434,chr6.1_27950240,chr7.1_11234756,chr7.1_32499357,0,0,0,3,0,0,0,0,0,0,3,0
Interaction_434,chr1.1_18947323,chr4.1_20948923,chr5.1_1429434,,0,0,0,0,0,1,0,0,0,2,3,0
Interaction_15,chr2.1_41048095,chr2.1_5055117,chr5.1_1429434,,1,1,0,1,0,0,0,0,0,1,4,0
Interaction_39,chr5.1_1429434,chr6.1_27950240,chr6.1_6843822,,1,1,0,0,1,0,0,0,0,1,4,0
Interaction_594,chr3.1_17212602,chr5.1_1429434,chr6.1_27950240,,0,1,1,0,0,0,0,0,2,0,4,0
Interaction_621,chr2.1_5055117,chr5.1_1429434,chr6.1_27950240,,0,0,1,2,0,0,0,1,0,0,4,0
Interaction_432,chr5.1_1429434,chr5.1_54813818,chr6.1_27950240,,0,0,0,1,0,0,0,1,2,0,4,0
Interaction_13,chr2.1_41048095,chr2.1_5055117,,,1,1,1,1,0,0,0,0,0,1,5,0.5
Interaction_42,chr2.1_41048095,chr5.1_54813818,chr7.1_11234756,,1,0,0,1,0,0,1,0,1,1,5,0.5
Interaction_46,chr4.1_20948923,chr5.1_1429434,chr7.1_11234756,,1,0,0,0,0,1,1,0,0,2,5,0
Interaction_717,chr4.1_20948923,chr5.1_1429434,chr6.1_27950240,,0,1,0,0,0,0,2,0,0,2,5,0
Interaction_577,chr3.1_17212602,chr6.1_27950240,,,0,1,2,0,0,0,0,0,2,0,5,0
Interaction_67,chr1.1_18947323,chr2.1_41048095,chr6.1_27950240,,0,1,1,0,0,0,0,0,1,2,5,0
Interaction_461,chr1.1_18947323,chr4.1_20948923,,,0,0,1,0,0,1,0,1,0,2,5,0
Interaction_611,chr2.1_5055117,chr6.1_27950240,,,0,0,1,2,0,0,1,1,0,0,5,0
Interaction_512,chr6.1_27950240,chr7.1_32499357,,,0,0,0,2,0,0,1,2,0,0,5,0
Interaction_36,chr2.1_41048095,chr5.1_1429434,chr6.1_6843822,,1,0,0,0,1,0,0,0,1,3,6,0
Interaction_43,chr5.1_1429434,chr5.1_54813818,chr7.1_11234756,,1,0,0,1,0,0,1,1,1,1,6,1
Interaction_545,chr5.1_54813818,chr6.1_27950240,,,0,1,0,2,0,0,0,1,2,0,6,0
Interaction_69,chr1.1_18947323,chr2.1_41048095,chr5.1_1429434,chr6.1_27950240,0,1,2,0,0,0,0,0,1,2,6,0
Interaction_582,chr3.1_37109816,chr5.1_1429434,chr6.1_27950240,,0,0,0,1,1,1,0,1,1,1,6,1
Interaction_14,chr2.1_5055117,chr5.1_1429434,,,1,1,1,2,0,0,0,1,0,1,7,1
Interaction_34,chr2.1_41048095,chr6.1_6843822,,,1,0,1,0,1,0,0,0,1,3,7,0.5
Interaction_37,chr6.1_27950240,chr6.1_6843822,,,1,1,1,1,1,0,0,1,0,1,7,1
Interaction_41,chr5.1_54813818,chr7.1_11234756,,,1,1,0,1,0,0,1,1,1,1,7,1
Interaction_47,chr2.1_41048095,chr4.1_20948923,,,1,0,0,0,2,0,2,0,0,2,7,0
Interaction_48,chr2.1_41048095,chr4.1_20948923,chr5.1_1429434,,1,0,0,0,2,0,2,0,0,2,7,0
Interaction_44,chr2.1_41048095,chr5.1_1429434,chr5.1_54813818,chr7.1_11234756,2,0,0,1,0,0,2,0,1,1,7,0.5
Interaction_26,chr4.1_20948923,chr7.1_11234756,,,2,1,0,0,0,1,2,0,0,2,8,0.5
Interaction_30,chr3.1_17212602,chr5.1_1429434,,,2,1,1,0,0,0,1,0,2,1,8,1
Interaction_35,chr5.1_1429434,chr6.1_6843822,,,1,1,1,0,1,0,0,0,1,4,9,1
Interaction_644,chr1.1_18947323,chr2.1_41048095,,,0,1,3,2,0,0,0,0,1,2,9,0.5
Interaction_66,chr1.1_18947323,chr2.1_41048095,chr5.1_1429434,,0,1,3,2,0,0,0,0,1,2,9,0.5
Interaction_56,chr2.1_41048095,chr2.1_41805885,,,2,0,0,2,1,1,2,0,0,2,10,1
Interaction_57,chr2.1_41805885,chr5.1_1429434,,,2,0,0,2,1,1,2,0,0,2,10,1
Interaction_58,chr2.1_41048095,chr2.1_41805885,chr5.1_1429434,,2,0,0,2,1,1,2,0,0,2,10,1
Interaction_326,chr3.1_37109816,chr5.1_1429434,,,0,1,2,1,1,1,0,1,1,2,10,1
Interaction_53,chr3.1_37109816,chr6.1_27950240,,,1,0,2,1,1,1,1,2,1,1,11,1
Interaction_21,chr2.1_41048095,chr5.1_54813818,,,2,0,0,2,1,1,2,1,3,1,13,1
Interaction_23,chr2.1_41048095,chr5.1_1429434,chr5.1_54813818,,2,0,0,2,1,1,2,1,3,1,13,1
Interaction_25,chr4.1_20948923,chr6.1_27950240,,,2,2,4,0,0,0,3,1,0,2,14,1.5
Interaction_45,chr4.1_20948923,chr5.1_1429434,,,1,1,0,0,2,1,3,0,0,7,15,1
Interaction_22,chr5.1_1429434,chr5.1_54813818,,,2,1,0,3,1,1,3,2,3,1,17,1.5
Interaction_40,chr2.1_41048095,chr5.1_1429434,chr6.1_27950240,chr6.1_6843822,10,0,0,0,8,0,0,0,0,0,18,0
Interaction_61,chr2.1_41048095,chr5.1_1429434,chr6.1_27950240,chr7.1_11234756,10,0,0,0,8,0,0,0,0,0,18,0
Interaction_11,chr2.1_41048095,chr5.1_1429434,chr7.1_11234756,,6,3,0,3,2,0,4,0,1,3,22,2.5
Interaction_10,chr2.1_41048095,chr7.1_11234756,,,6,3,1,4,2,0,4,0,1,3,24,2.5
Interaction_19,chr1.1_18947323,chr5.1_1429434,chr6.1_27950240,,2,1,3,3,2,4,4,3,6,4,32,3
Interaction_17,chr1.1_18947323,chr6.1_27950240,,,2,2,4,3,2,4,5,5,6,4,37,4
Interaction_18,chr1.1_18947323,chr5.1_1429434,,,3,1,5,5,3,6,4,3,6,6,42,4.5
Interaction_60,chr5.1_1429434,chr6.1_27950240,chr7.1_11234756,,3,4,4,3,3,4,7,4,5,10,47,4
Interaction_27,chr6.1_27950240,chr7.1_11234756,,,4,6,5,4,3,4,7,4,6,10,53,4.5
Interaction_9,chr5.1_1429434,chr7.1_11234756,,,10,7,5,6,5,5,11,4,6,15,74,6
Interaction_7,chr2.1_41048095,chr5.1_1429434,chr6.1_27950240,,11,7,8,13,9,13,14,8,14,10,107,10.5
Interaction_5,chr2.1_41048095,chr6.1_27950240,,,11,7,8,14,9,13,14,8,14,10,108,10.5
Interaction_3,chr2.1_41048095,chr5.1_1429434,,,20,10,10,19,14,16,21,9,16,22,157,16
Interaction_6,chr5.1_1429434,chr6.1_27950240,,,15,14,16,22,15,22,27,18,25,26,200,20
