Marker	Marker1	SNP	Effect	0	1	2	3	4
1346	Chr1_10270033	G/A	NA	348	36	14	1	1
3302	Chr1_26058041	C/A	NA	335	32	28	4	1
3306	Chr1_26070731	T/C	NA	314	36	49	NA	1
8901	Chr1_84920076	G/C	NA	1	4	19	3	373
9951	Chr1_91733353	G/A	NA	331	68	1	NA	NA
17779	Chr2_61413731	T/A	NA	3	2	20	24	351
20522	Chr2_81907214	T/G	NA	1	4	31	50	314
21203	Chr3_2946784	G/C	NA	NA	1	64	316	19
22366	Chr3_16555315	G/A	NA	318	62	18	1	1
23122	Chr3_27328308	G/A	NA	NA	2	37	50	311
23921	Chr3_45540409	T/A	NA	1	1	22	76	300
24658	Chr3_55410424	T/C	NA	1	20	236	131	12
28627	Chr3_80481011	T/C	NA	339	34	20	6	1
29762	Chr3_87946087	G/A	NA	NA	1	79	280	40
29818	Chr3_88208549	C/A	NA	NA	3	29	35	333
36823	Chr4_49711651	T/A	NA	250	127	22	1	NA
47187	Chr5_29422840	T/C	NA	281	49	54	15	1
50056	Chr5_87995491	G/A	NA	360	20	14	3	3
55073	Chr6_23320051	C/A	NA	356	27	14	2	1
64242	Chr7_61379143	G/A	NA	NA	4	7	40	349
65136	Chr7_67973395	T/G	NA	1	20	75	76	228
65137	Chr7_67973428	T/A	NA	1	20	76	75	228
65440	Chr7_69754571	G/A	NA	1	2	21	30	346
65684	Chr7_71080242	T/A	NA	NA	4	33	28	335
65685	Chr7_71080252	T/A	NA	330	33	33	4	NA
67733	Chr7_82873362	G/A	NA	1	2	22	61	314
68422	Chr7_87390413	T/C	NA	NA	NA	4	88	308
68423	Chr7_87390422	G/A	NA	NA	NA	4	88	308
69194	Chr7_92250557	T/C	NA	NA	1	45	108	246
70601	Chr8_10274852	G/C	NA	2	98	241	58	1
71011	Chr8_13948820	T/G	NA	NA	2	15	43	340
71087	Chr8_14522142	T/G	NA	2	5	24	55	314
72130	Chr8_23422784	G/A	NA	352	28	18	2	NA
72147	Chr8_23507960	T/A	NA	1	4	15	29	351
72431	Chr8_26452123	G/A	NA	NA	3	26	44	327
76757	Chr8_65248960	G/C	NA	1	32	258	100	9
78426	Chr8_78808863	T/C	NA	213	107	61	18	1
79319	Chr8_84220720	G/A	NA	336	36	24	3	1
8476	Chr1_82800168	T/A	NA	2	8	46	89	255
20432	Chr2_81386874	C/A	NA	2	23	65	122	188
20433	Chr2_81386905	G/A	NA	188	122	65	23	2
48041	Chr5_40612515	G/A	NA	3	7	26	46	318
48042	Chr5_40612529	T/C	NA	317	44	28	8	3
71107	Chr8_14583976	T/C	NA	3	19	65	97	216
71113	Chr8_14586304	G/C	NA	3	17	82	82	216
71114	Chr8_14586385	T/C	NA	3	18	83	82	214
78483	Chr8_79070720	T/C	NA	280	73	41	4	2
23618	Chr3_38640823	G/C	-34.7115182978941	5	26	85	108	176
23616	Chr3_38640806	C/A	34.7115182978885	177	107	85	26	5
8891	Chr1_84910839	G/A	-37.6562515257647	2	3	14	41	340
38567	Chr4_64777947	T/A	-26.9951864166715	1	8	47	94	250
171	Chr1_1226414	T/C	NA	1	1	22	34	342
324	Chr1_2252368	T/C	NA	1	17	58	70	254
1418	Chr1_10547376	C/A	NA	NA	1	14	36	349
1419	Chr1_10547379	C/A	NA	NA	1	14	36	349
3943	Chr1_32078200	T/C	NA	333	28	37	2	NA
4894	Chr1_56822611	T/A	NA	1	13	62	73	251
5085	Chr1_58957562	G/A	NA	303	65	31	1	NA
8252	Chr1_81411511	C/A	NA	333	47	17	2	1
8253	Chr1_81411516	T/C	NA	334	46	17	2	1
9830	Chr1_91197122	T/G	NA	341	42	16	1	NA
10027	Chr1_92307179	T/A	NA	2	10	28	43	317
10158	Chr1_93445212	G/A	NA	343	37	18	1	1
12523	Chr2_4470563	C/A	NA	NA	2	27	37	334
12524	Chr2_4470599	T/C	NA	334	37	27	2	NA
12659	Chr2_6128050	T/G	NA	2	57	296	44	1
13025	Chr2_10433795	G/A	NA	32	339	28	1	NA
13341	Chr2_14902972	G/A	NA	333	23	32	2	10
13342	Chr2_14903014	G/A	NA	10	2	31	24	333
13693	Chr2_17848371	T/C	NA	284	87	21	6	2
15521	Chr2_30693421	T/C	NA	NA	1	20	42	337
16194	Chr2_39325629	G/A	NA	359	21	17	1	2
16342	Chr2_41505032	T/C	NA	NA	5	28	30	337
16637	Chr2_50666524	G/A	NA	2	4	37	41	316
17449	Chr2_57787592	T/C	NA	NA	1	17	27	355
17554	Chr2_58183930	C/A	NA	346	34	19	1	NA
17613	Chr2_58686045	T/A	NA	308	63	23	4	2
17765	Chr2_61368492	G/C	NA	1	18	161	208	12
17766	Chr2_61368493	T/A	NA	7	130	227	35	1
17942	Chr2_64331020	G/C	NA	2	5	35	47	311
18488	Chr2_67466520	T/G	NA	337	62	1	NA	NA
21051	Chr3_1477274	G/A	NA	340	44	14	NA	2
21298	Chr3_3219833	C/A	NA	357	16	13	3	11
21299	Chr3_3219841	T/C	NA	10	2	13	16	359
21300	Chr3_3219859	C/A	NA	10	3	13	17	357
21301	Chr3_3219876	T/C	NA	357	16	13	3	11
21907	Chr3_11281982	G/A	NA	NA	2	19	18	361
22941	Chr3_23830185	T/A	NA	250	84	46	19	1
23204	Chr3_29831978	G/C	NA	309	32	51	2	6
23745	Chr3_40068684	T/C	NA	342	35	18	1	4
23748	Chr3_40068747	T/G	NA	2	2	12	20	364
26313	Chr3_69157619	T/C	NA	336	27	33	4	NA
27510	Chr3_74703639	G/A	NA	1	1	15	57	326
27511	Chr3_74703648	T/C	NA	328	55	15	1	1
27513	Chr3_74703674	G/C	NA	1	1	15	55	328
27892	Chr3_76491832	G/A	NA	2	4	23	41	330
27893	Chr3_76491833	T/G	NA	324	44	25	3	4
32038	Chr3_102599386	T/A	NA	1	22	231	145	1
32289	Chr4_128206	C/A	NA	361	19	19	1	NA
32722	Chr4_3974668	T/G	NA	362	17	16	3	2
33310	Chr4_8204355	T/C	NA	346	25	18	5	6
33548	Chr4_11104132	T/C	NA	1	11	45	78	265
33550	Chr4_11104153	T/C	NA	1	11	44	78	266
34886	Chr4_26429206	G/C	NA	338	61	1	NA	NA
36481	Chr4_47727264	T/A	NA	NA	2	40	49	309
36600	Chr4_48489907	G/A	NA	NA	1	19	62	318
37518	Chr4_54763992	T/C	NA	NA	31	252	116	1
38546	Chr4_64612990	T/G	NA	NA	4	25	62	309
40048	Chr4_73580197	G/A	NA	3	2	26	20	349
41166	Chr4_79471493	G/A	NA	4	69	289	35	3
43055	Chr4_91519351	T/C	NA	280	96	22	2	NA
43827	Chr5_4200761	G/A	NA	1	5	58	67	269
50257	Chr5_89847415	G/A	NA	342	33	22	1	2
50259	Chr5_89847485	T/A	NA	2	NA	23	33	342
50565	Chr5_93123375	T/A	NA	NA	2	39	37	322
53825	Chr6_7415031	T/G	NA	332	29	32	5	2
54982	Chr6_22503434	T/C	NA	NA	1	17	56	326
56204	Chr6_39541957	C/A	NA	1	2	23	60	314
56268	Chr6_40734899	G/A	NA	2	13	33	18	334
56551	Chr6_50496741	G/C	NA	350	21	20	1	8
56927	Chr6_63804971	G/C	NA	345	26	23	3	3
57262	Chr6_72810178	G/A	NA	25	2	23	21	329
58156	Chr6_94056574	C/A	NA	349	34	11	3	3
58157	Chr6_94056575	C/A	NA	3	3	11	34	349
59396	Chr6_112288342	T/A	NA	1	4	39	52	304
59397	Chr6_112288358	C/A	NA	303	54	38	4	1
59398	Chr6_112288390	T/A	NA	303	53	39	4	1
60422	Chr7_10643598	G/A	NA	NA	1	2	166	231
60444	Chr7_10760010	T/C	NA	286	27	43	18	26
60616	Chr7_12109656	C/A	NA	1	18	48	34	299
62892	Chr7_48897589	T/A	NA	1	2	26	36	335
64354	Chr7_62160078	T/C	NA	348	22	23	5	2
64470	Chr7_63063011	T/A	NA	NA	12	236	151	1
64546	Chr7_63633398	T/A	NA	301	65	30	2	2
64661	Chr7_64088372	T/A	NA	279	75	40	4	2
64836	Chr7_64908428	T/C	NA	1	31	87	178	103
65180	Chr7_68132909	T/A	NA	1	5	20	53	321
65237	Chr7_68575521	G/C	NA	1	7	40	33	319
65437	Chr7_69754283	G/A	NA	1	4	33	27	335
65438	Chr7_69754305	G/C	NA	335	27	33	4	1
65445	Chr7_69764695	T/A	NA	NA	1	30	65	304
66107	Chr7_73920058	T/A	NA	236	113	40	9	2
66129	Chr7_73969212	T/C	NA	2	33	63	138	164
66454	Chr7_76094475	T/C	NA	2	3	18	31	346
66959	Chr7_78808554	G/A	NA	11	95	260	32	2
67012	Chr7_79177227	T/G	NA	296	61	32	9	2
67071	Chr7_79496577	T/C	NA	132	221	45	2	NA
67072	Chr7_79496610	G/C	NA	132	219	47	2	NA
67073	Chr7_79496622	T/G	NA	131	220	47	2	NA
67074	Chr7_79496628	T/C	NA	NA	2	45	222	131
67075	Chr7_79496629	T/A	NA	131	219	48	2	NA
67169	Chr7_80244731	T/A	NA	323	37	33	5	2
67425	Chr7_81267585	T/C	NA	1	1	12	51	335
67522	Chr7_81848596	T/C	NA	1	1	22	64	312
67713	Chr7_82794808	G/A	NA	4	2	16	15	363
67764	Chr7_83043516	T/G	NA	293	54	39	12	2
68165	Chr7_85709514	T/C	NA	323	52	22	2	1
68227	Chr7_86057542	T/C	NA	1	7	40	63	289
69768	Chr8_13772	C/A	NA	1	99	193	106	1
72565	Chr8_30322628	G/A	NA	NA	2	219	179	NA
72622	Chr8_30832564	G/C	NA	1	6	16	14	363
73140	Chr8_35455562	C/A	NA	257	67	54	20	2
73428	Chr8_38348113	T/C	NA	6	3	30	18	343
74384	Chr8_50878132	T/C	NA	11	2	19	21	347
76749	Chr8_65239745	G/A	NA	NA	1	25	27	347
77436	Chr8_70699725	G/A	NA	NA	2	16	48	334
77539	Chr8_71161259	T/G	NA	339	19	29	12	1
77720	Chr8_72535182	T/C	NA	286	73	37	4	NA
78475	Chr8_79070018	T/C	NA	328	29	38	4	1
78755	Chr8_80528426	G/A	NA	313	65	19	2	1
79699	Chr8_87381090	T/C	NA	357	9	30	2	2
79700	Chr8_87381092	G/A	NA	355	12	29	2	2
81304	contig410end_27940	G/A	NA	344	39	14	3	NA
81485	contig455end_10554	T/C	NA	317	41	39	3	NA
11998	Chr2_695762	G/C	-44.9484242089629	5	293	97	5	NA
211	Chr1_1371268	T/C	NA	337	35	24	3	1
4895	Chr1_56822612	G/C	NA	241	77	66	14	2
17040	Chr2_53894604	T/A	NA	1	4	27	14	354
17466	Chr2_57805903	G/A	NA	74	57	195	71	3
23350	Chr3_32149788	T/C	NA	276	55	49	19	1
34508	Chr4_21906332	T/C	NA	1	2	25	36	336
38669	Chr4_65205710	T/C	NA	338	35	22	4	1
39863	Chr4_72037515	C/A	NA	1	2	19	31	347
39865	Chr4_72037540	T/C	NA	347	31	19	2	1
39866	Chr4_72037542	T/C	NA	347	31	19	2	1
39867	Chr4_72037544	T/C	NA	346	32	19	2	1
40780	Chr4_77069439	G/A	NA	1	10	48	65	276
46620	Chr5_23763574	T/A	NA	1	2	25	36	336
46738	Chr5_24218039	T/G	NA	356	15	21	5	3
63015	Chr7_50031475	G/A	NA	9	51	179	95	66
64828	Chr7_64907179	T/A	NA	206	100	69	23	2
65201	Chr7_68343965	C/A	NA	2	3	19	63	313
67516	Chr7_81820066	T/A	NA	226	80	64	28	2
67660	Chr7_82499403	T/C	NA	284	66	41	7	2
67759	Chr7_83043288	T/A	NA	305	62	27	3	3
67975	Chr7_84214374	G/A	NA	2	6	33	60	299
67976	Chr7_84214385	T/C	NA	2	5	34	61	298
68009	Chr7_84326158	T/C	NA	287	64	40	7	2
68163	Chr7_85709506	T/C	NA	1	4	22	53	320
68164	Chr7_85709509	T/C	NA	1	3	29	51	316
77829	Chr8_73039762	T/G	NA	347	23	26	3	1
78471	Chr8_79069122	T/C	NA	1	16	43	88	252
78472	Chr8_79069140	T/C	NA	253	87	43	16	1
78476	Chr8_79070170	C/A	NA	244	103	37	15	1
78477	Chr8_79070181	T/A	NA	1	14	36	94	255
78479	Chr8_79070432	G/A	NA	244	90	45	20	1
32136	Chr3_103104552	T/C	-41.2865066661861	6	34	96	78	186
35823	Chr4_40784351	T/C	-45.4813658141775	5	27	68	55	245
47348	Chr5_30941754	T/A	-32.7113901206158	10	22	46	84	238
26091	Chr3_68136267	G/A	31.199564946574	317	33	34	6	10
63016	Chr7_50031480	T/C	46.999537614053	185	95	89	26	5
67974	Chr7_84214349	G/A	23.0702287518873	62	96	180	43	19
3744	Chr1_29445999	G/C	-45.74109038184	NA	5	69	119	207
36491	Chr4_47878307	T/G	-22.6196810901872	2	23	44	72	259
48477	Chr5_61020164	T/C	-35.4982637360517	NA	8	44	75	273
48478	Chr5_61020166	G/A	-35.4982637360517	NA	8	44	76	272
48480	Chr5_61020171	G/A	-35.4982637360517	NA	8	44	76	272
2581	Chr1_18847994	G/C	46.0067630418621	348	29	18	5	NA
38613	Chr4_65008688	G/A	46.5625617732549	299	64	32	5	NA
54949	Chr6_22367961	G/A	32.6366579861912	312	35	44	5	4
54950	Chr6_22367981	G/C	32.6366579861912	313	34	44	5	4
77439	Chr8_70726906	G/C	35.6854580613402	16	263	112	9	NA
24615	Chr3_53968050	T/C	NA	NA	7	28	33	332
8664	Chr1_83759563	T/G	NA	265	60	53	20	2
49230	Chr5_77342317	C/A	-10.960460747282	5	3	24	17	351
1767	Chr1_12647709	T/C	NA	1	3	19	34	343
17767	Chr2_61368494	T/A	NA	2	43	250	98	7
19085	Chr2_72377872	C/A	NA	335	49	15	1	NA
19086	Chr2_72377874	T/A	NA	324	60	15	1	NA
25220	Chr3_59482146	T/C	NA	3	1	21	11	364
27450	Chr3_74588054	T/A	NA	4	354	42	NA	NA
27512	Chr3_74703659	T/A	NA	304	66	27	2	1
27606	Chr3_75259640	C/A	NA	1	3	27	32	337
30716	Chr3_93189692	G/A	NA	2	11	45	54	288
36835	Chr4_49771757	T/C	NA	NA	1	82	239	78
36836	Chr4_49771760	G/A	NA	NA	1	81	237	81
36837	Chr4_49771761	G/A	NA	80	238	81	1	NA
36838	Chr4_49771777	C/A	NA	NA	1	81	239	79
39859	Chr4_72015317	T/C	NA	336	29	30	3	2
40533	Chr4_75939230	G/A	NA	291	52	37	11	9
40534	Chr4_75939266	G/C	NA	6	11	41	52	290
46615	Chr5_23763316	T/A	NA	3	17	60	90	230
48368	Chr5_59011590	T/C	NA	338	34	26	2	NA
48370	Chr5_59011640	C/A	NA	332	47	19	2	NA
56196	Chr6_39464928	G/A	NA	NA	1	13	46	340
61716	Chr7_27223945	T/C	NA	302	53	38	5	2
69216	Chr7_92334792	G/A	NA	339	33	22	3	3
71779	Chr8_19971640	G/A	NA	NA	1	46	342	11
74942	Chr8_54359597	G/A	NA	332	47	18	3	NA
46586	Chr5_23702006	T/G	NA	3	7	31	38	321
46616	Chr5_23763320	T/C	NA	231	92	59	15	3
49517	Chr5_80719069	G/C	NA	2	2	13	49	334
49519	Chr5_80719083	C/A	NA	2	1	8	43	346
49520	Chr5_80719115	C/A	NA	345	45	7	1	2
71777	Chr8_19971637	G/C	7.94448258677203	13	326	60	1	NA
5200	Chr1_60524491	T/G	10.3883414379406	232	59	72	30	7
21721	Chr3_9490352	G/C	25.4411330327733	297	57	41	3	2
71778	Chr8_19971638	T/A	-8.36641105127995	NA	1	57	331	11
307	Chr1_1993409	T/A	NA	342	42	15	NA	1
2482	Chr1_18427240	G/A	NA	3	5	31	20	341
9736	Chr1_90854777	T/A	NA	271	111	17	1	NA
10821	Chr1_97296006	C/A	NA	1	6	50	66	277
19571	Chr2_75592552	T/C	NA	1	3	12	48	336
20153	Chr2_79387105	T/G	NA	275	69	46	9	1
23313	Chr3_31394201	C/A	NA	294	94	11	1	NA
23314	Chr3_31394211	T/G	NA	319	68	12	1	NA
23609	Chr3_38633801	T/C	NA	1	10	16	4	369
23630	Chr3_38655094	T/C	NA	1	5	25	31	338
24719	Chr3_55754343	T/G	NA	349	25	18	3	5
24841	Chr3_56672376	G/A	NA	NA	1	26	41	332
25270	Chr3_60082297	T/C	NA	365	14	10	1	10
25271	Chr3_60082298	G/A	NA	365	14	10	1	10
28832	Chr3_81184419	G/A	NA	338	34	27	1	NA
35104	Chr4_30047974	T/G	NA	359	24	13	3	1
35105	Chr4_30047986	T/A	NA	359	24	13	3	1
40955	Chr4_78425069	G/C	NA	340	24	27	7	2
52056	Chr5_101859152	T/G	NA	343	33	20	3	1
56288	Chr6_41457308	T/G	NA	337	21	31	6	5
56481	Chr6_49691490	G/A	NA	355	18	24	1	2
56482	Chr6_49691500	G/C	NA	352	20	25	1	2
67278	Chr7_80684473	G/A	NA	1	11	45	112	231
67280	Chr7_80684495	T/C	NA	1	12	48	114	225
67281	Chr7_80684516	G/A	NA	1	12	47	114	226
67282	Chr7_80684517	T/G	NA	1	13	48	113	225
69215	Chr7_92331549	G/A	NA	NA	1	21	43	335
71692	Chr8_19573389	T/A	NA	277	90	27	5	1
71693	Chr8_19573390	T/A	NA	279	88	27	5	1
71694	Chr8_19573391	G/A	NA	278	87	29	5	1
71695	Chr8_19573392	T/A	NA	279	88	27	5	1
71823	Chr8_20336180	G/C	NA	350	32	17	NA	1
77884	Chr8_73387610	T/C	NA	338	32	24	4	2
77923	Chr8_73483402	G/C	NA	2	3	22	44	329
77924	Chr8_73483454	G/A	NA	268	82	43	5	2
79251	Chr8_83879889	G/A	NA	287	72	40	1	NA
81662	contig506end_12758	T/C	NA	4	29	88	110	169
1937	Chr1_15020048	G/A	NA	3	3	12	16	366
2467	Chr1_18368145	T/C	NA	1	5	35	23	336
3892	Chr1_30887455	T/C	NA	342	31	23	3	1
4522	Chr1_52257428	G/A	NA	1	10	43	38	308
4523	Chr1_52257452	T/C	NA	1	8	41	39	311
6882	Chr1_71318288	G/A	NA	342	34	21	2	1
8675	Chr1_83818977	G/C	NA	298	61	33	7	1
8676	Chr1_83819001	T/C	NA	299	56	36	8	1
9318	Chr1_87922117	G/A	NA	3	14	43	73	267
9645	Chr1_90250011	T/G	NA	310	62	22	5	1
9646	Chr1_90250037	T/C	NA	309	64	21	5	1
9647	Chr1_90250135	G/A	NA	1	9	23	54	313
10222	Chr1_93697856	T/G	NA	324	41	27	7	1
10817	Chr1_97250155	G/A	NA	262	84	46	7	1
12422	Chr2_3549263	T/C	NA	1	6	32	104	257
12448	Chr2_3837811	T/G	NA	314	57	16	12	1
14781	Chr2_24474264	G/A	NA	1	3	33	48	315
15624	Chr2_32100696	T/A	NA	2	2	24	50	322
16026	Chr2_36935489	C/A	NA	346	24	23	6	1
18404	Chr2_67172846	G/C	NA	1	10	58	58	273
19331	Chr2_73988814	G/A	NA	358	19	20	2	1
20151	Chr2_79387019	T/G	NA	1	10	50	58	281
20152	Chr2_79387040	T/A	NA	1	8	52	113	226
23447	Chr3_35309330	T/C	NA	1	6	22	37	334
23629	Chr3_38655088	G/A	NA	354	23	18	4	1
23648	Chr3_38994159	T/A	NA	1	2	17	40	340
23649	Chr3_38994160	G/A	NA	339	41	17	2	1
24979	Chr3_57429191	G/A	NA	342	22	27	8	1
25616	Chr3_63866997	G/A	NA	1	6	24	23	346
26519	Chr3_70537760	T/A	NA	251	74	56	18	1
28754	Chr3_80961281	G/A	NA	284	60	45	10	1
29439	Chr3_86430321	G/C	NA	342	36	18	3	1
32117	Chr3_102920985	T/C	NA	370	3	19	7	1
33422	Chr4_9678494	G/A	NA	1	6	28	48	317
35079	Chr4_29598449	T/G	NA	317	53	26	3	1
35080	Chr4_29598467	T/C	NA	313	56	27	3	1
35083	Chr4_29598629	T/C	NA	1	7	18	47	327
35084	Chr4_29598668	T/C	NA	1	14	59	86	240
35123	Chr4_30965527	G/C	NA	307	76	16	NA	1
35124	Chr4_30965528	C/A	NA	1	NA	14	69	316
35561	Chr4_39019472	G/A	NA	179	123	75	22	1
36023	Chr4_42657768	G/A	NA	319	63	15	2	1
36025	Chr4_42657855	T/C	NA	311	65	20	3	1
36116	Chr4_43225572	G/C	NA	1	8	21	61	309
36118	Chr4_43225602	G/A	NA	271	81	35	12	1
36179	Chr4_43298177	T/C	NA	1	3	33	114	249
36555	Chr4_48249510	T/C	NA	247	81	61	10	1
41045	Chr4_78738854	G/A	NA	279	74	40	6	1
41049	Chr4_78739074	C/A	NA	1	9	36	77	277
41076	Chr4_78822618	G/A	NA	329	30	36	4	1
41098	Chr4_78989957	C/A	NA	360	14	24	1	1
41160	Chr4_79423968	T/C	NA	306	36	42	15	1
42338	Chr4_86598475	G/A	NA	1	9	29	24	337
42394	Chr4_87038029	T/C	NA	347	35	15	2	1
43028	Chr4_91438935	G/A	NA	351	26	18	4	1
46847	Chr5_24979001	T/A	NA	308	38	38	15	1
47359	Chr5_30942026	G/A	NA	1	NA	8	38	353
47360	Chr5_30942028	T/G	NA	1	NA	12	40	347
47361	Chr5_30942031	T/A	NA	1	NA	12	38	349
47752	Chr5_34303966	T/C	NA	310	60	21	8	1
47786	Chr5_34312549	T/A	NA	1	4	70	286	39
54283	Chr6_12709831	G/A	NA	2	8	29	46	315
57098	Chr6_67624059	T/G	NA	1	3	28	17	351
60196	Chr7_7440770	G/A	NA	1	11	32	49	307
62992	Chr7_50007656	C/A	NA	1	16	57	78	248
63150	Chr7_50709513	T/C	NA	367	8	19	5	1
63726	Chr7_57451553	G/A	NA	1	2	19	29	349
64043	Chr7_60549219	T/A	NA	218	93	66	22	1
65170	Chr7_68126747	G/A	NA	1	6	29	23	341
67795	Chr7_83172349	T/C	NA	315	66	15	3	1
70378	Chr8_7365438	T/A	NA	309	57	27	6	1
71528	Chr8_18340703	T/A	NA	357	25	14	3	1
71583	Chr8_18673735	G/C	NA	345	29	20	5	1
71584	Chr8_18673739	G/A	NA	1	4	18	24	353
71585	Chr8_18673760	T/C	NA	1	9	45	59	286
71586	Chr8_18673765	T/A	NA	1	5	21	28	345
71628	Chr8_19266330	G/A	NA	1	4	20	15	360
71630	Chr8_19266914	G/A	NA	365	12	21	1	1
71697	Chr8_19573444	T/A	NA	303	71	22	3	1
73027	Chr8_34260736	G/C	NA	354	22	20	3	1
73091	Chr8_34934446	G/A	NA	273	71	46	9	1
79345	Chr8_84440692	T/C	NA	315	47	27	10	1
79346	Chr8_84440701	T/C	NA	1	10	27	47	315
79349	Chr8_84452230	T/A	NA	1	8	32	47	312
79350	Chr8_84453362	T/A	NA	1	9	25	67	298
79352	Chr8_84502925	C/A	NA	1	3	22	58	316
81641	contig498end_21066	T/C	NA	323	42	29	4	2
44384	Chr5_9278738	G/A	-3.41951346155659	42	33	208	50	67
27602	Chr3_75234641	T/A	-9.18160904125125	2	3	44	24	327
237	Chr1_1497528	T/A	NA	3	5	15	6	371
335	Chr1_2294808	T/C	NA	243	73	59	24	1
1084	Chr1_8092091	G/A	NA	NA	1	16	45	338
1351	Chr1_10303954	G/A	NA	3	16	52	103	226
1352	Chr1_10303957	T/A	NA	3	14	55	104	224
1480	Chr1_10672730	G/A	NA	333	47	18	2	NA
1621	Chr1_11673903	T/A	NA	NA	5	33	41	321
1622	Chr1_11673928	G/C	NA	NA	5	33	39	323
2002	Chr1_15384496	T/C	NA	328	26	36	3	7
2380	Chr1_16835770	G/A	NA	2	1	16	60	321
3181	Chr1_25366470	G/A	NA	315	37	39	8	1
4661	Chr1_53723462	G/C	NA	NA	1	97	282	20
4775	Chr1_55314115	C/A	NA	4	66	219	110	1
4776	Chr1_55314116	T/A	NA	2	117	220	57	4
8284	Chr1_81711958	T/C	NA	2	3	18	14	363
8387	Chr1_82310310	G/A	NA	28	317	53	1	1
8652	Chr1_83750205	T/A	NA	1	32	121	56	190
11091	Chr1_98716490	G/A	NA	119	151	88	41	1
12210	Chr2_2195285	T/C	NA	2	129	244	24	1
12329	Chr2_2990730	T/C	NA	3	27	74	117	179
12335	Chr2_2993320	T/C	NA	182	116	77	22	3
13963	Chr2_19475176	T/A	NA	9	92	262	36	1
14500	Chr2_22292505	G/C	NA	1	6	20	23	350
14508	Chr2_22741684	C/A	NA	NA	2	12	39	347
15077	Chr2_27420749	G/A	NA	1	2	28	47	322
15879	Chr2_35626579	G/A	NA	1	2	19	20	358
16369	Chr2_45491573	T/C	NA	340	25	27	6	2
17159	Chr2_54051368	T/C	NA	315	44	31	3	7
17160	Chr2_54051380	G/A	NA	309	49	32	3	7
17161	Chr2_54051383	T/C	NA	310	49	31	3	7
19087	Chr2_72377878	G/A	NA	NA	2	14	59	325
19088	Chr2_72377879	C/A	NA	NA	2	15	61	322
23839	Chr3_42648266	G/A	NA	347	7	22	6	18
23840	Chr3_42648286	G/A	NA	347	8	21	6	18
26325	Chr3_69178475	T/G	NA	335	47	15	3	NA
26328	Chr3_69180801	T/A	NA	2	3	22	29	344
26329	Chr3_69180805	T/G	NA	343	30	22	3	2
26445	Chr3_70200252	G/C	NA	217	101	58	21	3
26507	Chr3_70324040	G/C	NA	331	59	7	2	1
26601	Chr3_71135477	T/C	NA	NA	6	33	61	300
26674	Chr3_71405916	T/A	NA	279	79	38	4	NA
27445	Chr3_74587967	G/A	NA	NA	192	205	3	NA
28078	Chr3_77217352	T/C	NA	4	2	14	25	355
30721	Chr3_93189793	G/A	NA	246	85	51	16	2
30732	Chr3_93255691	T/C	NA	2	70	233	62	33
31579	Chr3_100057288	G/C	NA	1	5	19	28	347
32009	Chr3_102486717	T/C	NA	297	33	50	16	4
33760	Chr4_13610228	T/C	NA	332	28	30	7	3
34712	Chr4_24482094	T/C	NA	368	3	23	6	NA
36136	Chr4_43261070	T/C	NA	341	36	19	2	2
36137	Chr4_43261090	G/A	NA	322	47	27	1	3
38588	Chr4_64932760	C/A	NA	NA	NA	2	68	330
38751	Chr4_65729994	T/A	NA	5	8	22	9	356
38758	Chr4_65800258	T/G	NA	1	13	40	54	292
38964	Chr4_66747005	T/C	NA	314	53	28	3	2
39246	Chr4_68074639	G/C	NA	NA	2	26	50	322
39509	Chr4_69621698	T/A	NA	15	2	29	71	283
39813	Chr4_71710081	G/C	NA	23	54	249	73	1
39814	Chr4_71710082	G/A	NA	1	62	244	69	24
39934	Chr4_73094695	G/A	NA	5	11	40	56	288
39935	Chr4_73094702	T/A	NA	290	54	40	11	5
39936	Chr4_73094716	T/A	NA	5	11	40	55	289
39937	Chr4_73094717	G/A	NA	289	55	40	11	5
40004	Chr4_73182599	T/C	NA	208	104	69	16	3
40213	Chr4_74461095	G/C	NA	NA	2	117	278	3
41124	Chr4_79239039	T/C	NA	327	52	17	4	NA
41806	Chr4_83713150	T/A	NA	296	59	34	8	3
42182	Chr4_85662245	G/A	NA	339	24	30	5	2
42732	Chr4_89857857	T/A	NA	NA	4	21	28	347
43095	Chr4_91746968	G/A	NA	1	5	16	22	356
43502	Chr5_1598542	G/A	NA	NA	4	24	56	316
45108	Chr5_14231156	T/C	NA	NA	3	34	140	223
47186	Chr5_29365477	C/A	NA	359	18	19	2	2
47597	Chr5_32132004	T/C	NA	304	56	32	4	4
47665	Chr5_32793843	G/C	NA	2	2	27	33	336
47733	Chr5_33456548	G/C	NA	288	61	43	4	4
47765	Chr5_34304268	G/A	NA	3	3	26	25	343
48352	Chr5_58870104	T/C	NA	3	12	45	45	295
48353	Chr5_58870126	C/A	NA	3	12	45	44	296
49094	Chr5_75692343	T/C	NA	365	10	15	1	9
49098	Chr5_75773327	T/G	NA	353	19	22	2	4
49099	Chr5_75773332	G/A	NA	354	18	22	2	4
49487	Chr5_80710582	C/A	NA	NA	2	31	63	304
49708	Chr5_81826038	T/G	NA	339	35	21	4	1
49908	Chr5_83436457	T/C	NA	365	15	15	2	3
50471	Chr5_92080456	T/C	NA	332	33	26	6	3
52919	Chr5_107214689	G/A	NA	2	10	34	54	300
53189	Chr6_508879	T/C	NA	NA	2	28	63	307
53192	Chr6_508961	T/C	NA	304	62	32	2	NA
56795	Chr6_60116824	T/G	NA	334	38	24	2	2
56797	Chr6_60116875	C/A	NA	2	7	45	53	293
57470	Chr6_79951924	T/G	NA	362	13	18	5	2
57695	Chr6_85624285	T/A	NA	351	21	24	2	2
58567	Chr6_101419375	G/A	NA	NA	5	21	53	321
58694	Chr6_102318042	C/A	NA	1	2	26	34	337
58841	Chr6_106200359	T/C	NA	1	19	261	111	8
62282	Chr7_43117205	T/C	NA	3	6	18	18	355
63849	Chr7_58900573	T/A	NA	352	17	23	6	2
64516	Chr7_63250905	T/C	NA	NA	1	11	125	263
65523	Chr7_70045519	G/A	NA	NA	2	17	31	350
66732	Chr7_78227755	T/C	NA	5	249	141	5	NA
67463	Chr7_81511740	G/A	NA	2	11	61	61	265
67472	Chr7_81512173	G/C	NA	124	170	82	22	2
67994	Chr7_84249788	G/A	NA	NA	2	15	28	355
67995	Chr7_84249789	T/G	NA	350	32	16	2	NA
68184	Chr7_85764838	C/A	NA	262	67	49	21	1
69319	Chr7_93118868	G/C	NA	1	29	86	43	241
70362	Chr8_7074650	T/C	NA	NA	1	94	278	27
70564	Chr8_10082789	G/A	NA	22	2	21	15	340
70960	Chr8_13629852	T/C	NA	343	31	22	4	NA
71701	Chr8_19578298	G/C	NA	NA	11	243	144	2
72291	Chr8_24891804	T/C	NA	NA	3	15	39	343
75715	Chr8_58997201	G/A	NA	336	35	27	2	NA
79715	Chr8_87549976	T/A	NA	56	232	110	2	NA
81555	contig467end_6201	G/A	NA	96	94	155	40	15
81828	contig540end_16519	T/C	NA	NA	NA	60	284	56
439	Chr1_3134345	G/C	30.3140237470352	NA	6	103	285	6
4774	Chr1_55314114	G/C	30.6002280760081	1	92	229	72	6
8662	Chr1_83759531	T/A	-26.0819453428612	9	261	129	1	NA
1350	Chr1_10303933	G/A	NA	4	19	79	71	227
12330	Chr2_2990867	G/A	NA	4	10	42	94	250
12333	Chr2_2993095	G/A	NA	3	14	60	118	205
20836	Chr2_83716456	G/A	NA	57	68	231	37	7
26162	Chr3_68411879	T/C	NA	349	20	20	6	5
26678	Chr3_71410714	T/C	NA	4	7	46	28	315
40005	Chr4_73182616	G/A	NA	4	7	56	51	282
47885	Chr5_36721344	G/C	NA	3	19	139	225	14
54691	Chr6_18828220	T/A	NA	3	5	39	42	311
55888	Chr6_35005741	T/C	NA	4	13	46	46	291
39307	Chr4_68524789	C/A	-35.287608325606	5	36	66	98	195
10702	Chr1_96577278	G/A	27.9072866763219	181	99	83	30	7
28531	Chr3_80298226	G/C	34.4932828211264	319	37	31	8	5
67191	Chr7_80375919	G/A	34.7245753156891	238	70	66	21	5
4336	Chr1_39299470	T/C	-18.6390473578381	NA	18	236	136	10
16449	Chr2_48372289	C/A	-33.0791768527024	NA	5	23	56	316
20901	Chr2_84210016	G/C	-32.8379454959122	NA	6	200	193	1
26671	Chr3_71405856	G/A	-30.7275573018696	NA	6	35	90	269
26673	Chr3_71405911	T/C	-30.7275573018696	NA	6	36	89	269
31174	Chr3_96248044	C/A	-34.0013321710239	1	4	21	51	323
33775	Chr4_13611812	T/C	10.6512631269145	305	22	45	10	18
45499	Chr5_16863827	G/A	-24.4058134858292	1	9	43	82	265
68623	Chr7_89111480	G/A	-33.7016207029424	NA	6	19	29	346
68914	Chr7_90537576	G/C	-30.6044009231555	NA	6	90	294	10
73605	Chr8_39882686	C/A	-22.2738152245186	5	8	38	23	326
73606	Chr8_39882695	G/A	-22.2738152245186	5	8	37	24	326
73608	Chr8_39882702	G/A	-22.2738152245186	5	8	38	23	326
26670	Chr3_71405837	G/A	30.7275573018673	269	89	36	6	NA
45500	Chr5_16863849	T/C	24.4058134858291	265	81	44	9	1
56380	Chr6_49307309	T/G	22.9327439694139	331	40	18	8	3
74996	Chr8_54466334	G/A	33.5355460077915	269	83	43	5	NA
25269	Chr3_60082257	T/C	NA	314	35	30	4	17
8427	Chr1_82581247	G/C	5.88084253893982	NA	NA	66	316	18
34882	Chr4_26425656	T/C	5.0734511304962	207	96	70	23	4
56768	Chr6_58248499	T/C	NA	355	15	17	2	11
22350	Chr3_16468628	T/C	NA	4	6	23	16	351
55285	Chr6_25741915	T/G	-18.3748972496851	NA	5	240	153	2
3821	Chr1_29803500	T/C	NA	1	114	208	55	22
4777	Chr1_55314118	C/A	NA	10	232	134	22	2
4779	Chr1_55314136	G/A	NA	1	2	39	51	307
4781	Chr1_55314157	G/A	NA	1	NA	20	44	335
7415	Chr1_75439965	G/A	NA	344	31	24	NA	1
16372	Chr2_45924811	G/C	NA	330	53	16	1	NA
16373	Chr2_45924812	T/C	NA	333	50	16	1	NA
16374	Chr2_45924813	T/G	NA	NA	1	16	53	330
16375	Chr2_45924814	T/C	NA	330	53	16	1	NA
16376	Chr2_45924815	T/G	NA	332	51	16	1	NA
24397	Chr3_52516069	T/A	NA	348	36	15	1	NA
25036	Chr3_57736330	T/A	NA	NA	2	13	66	319
25038	Chr3_57736350	T/G	NA	316	66	16	2	NA
25040	Chr3_57736399	G/A	NA	320	64	14	2	NA
34322	Chr4_19756573	T/C	NA	1	1	12	33	353
38270	Chr4_58775639	T/A	NA	367	8	16	1	8
40410	Chr4_75279358	G/C	NA	1	223	174	2	NA
41147	Chr4_79399573	C/A	NA	NA	10	216	173	1
44476	Chr5_9719146	T/C	NA	NA	NA	1	65	334
44480	Chr5_9719191	T/C	NA	NA	NA	1	64	335
46097	Chr5_20857272	T/G	NA	4	18	66	91	221
46464	Chr5_22279615	C/A	NA	1	17	58	92	232
52963	Chr5_107597375	T/C	NA	1	4	18	89	288
52965	Chr5_107613451	T/A	NA	1	4	14	44	337
55613	Chr6_28131341	G/C	NA	NA	1	67	233	99
56915	Chr6_63510999	G/A	NA	341	31	19	8	1
73081	Chr8_34926865	T/G	NA	1	15	111	252	21
73511	Chr8_38854982	G/A	NA	1	5	46	68	280
80057	Chr8_89691506	G/A	NA	1	4	33	53	309
47059	Chr5_26797869	T/C	NA	277	75	40	5	3
57156	Chr6_69546976	T/C	NA	336	20	30	10	4
57351	Chr6_74132979	T/G	NA	4	1	12	15	368
61437	Chr7_19797478	G/A	-20.5057068081137	4	1	23	20	352
61439	Chr7_19797493	G/A	-17.8461356849043	4	2	23	21	350
23578	Chr3_36975044	G/C	-4.31135899813947	19	92	223	66	NA
61336	Chr7_18245439	T/A	-7.66639508952221	4	2	19	12	363
7411	Chr1_74970724	G/A	NA	4	1	21	38	336
8318	Chr1_81880578	T/A	NA	NA	1	40	131	228
15303	Chr2_29234264	T/A	NA	NA	1	15	48	336
16513	Chr2_48783066	G/A	NA	1	1	19	35	344
28656	Chr3_80641191	T/G	NA	284	82	33	1	NA
28895	Chr3_81622848	T/A	NA	313	65	21	1	NA
42245	Chr4_86054092	G/A	NA	2	5	51	39	303
42337	Chr4_86563111	G/A	NA	322	57	17	2	2
63503	Chr7_54514208	G/C	NA	329	50	20	1	NA
23644	Chr3_38988941	G/A	NA	4	5	34	21	336
42126	Chr4_85260620	G/A	NA	282	83	27	6	2
42151	Chr4_85533213	G/A	NA	2	3	34	124	237
42153	Chr4_85533293	T/C	NA	2	5	41	97	255
42170	Chr4_85594973	G/A	NA	2	5	25	62	306
42173	Chr4_85595387	T/A	NA	2	4	17	53	324
42175	Chr4_85595445	T/G	NA	2	3	28	46	321
42199	Chr4_85836350	C/A	NA	2	7	76	245	70
42300	Chr4_86208882	C/A	NA	2	1	25	32	340
42346	Chr4_86648454	G/A	NA	2	6	28	59	305
42347	Chr4_86661129	G/A	NA	2	3	23	59	313
42348	Chr4_86661179	T/A	NA	2	3	22	61	312
42359	Chr4_86861223	G/A	NA	2	NA	11	279	108
42363	Chr4_86930116	C/A	NA	2	2	23	50	323
42364	Chr4_86930157	T/C	NA	324	49	23	2	2
42366	Chr4_86934920	T/G	NA	355	23	16	4	2
57145	Chr6_69433298	C/A	NA	2	2	24	25	347
39772	Chr4_71505077	T/C	-2.52950826117274	6	74	259	44	17
76881	Chr8_66179449	T/C	-2.58632886492887	6	8	32	27	327
45333	Chr5_15325747	T/A	-2.73937455711871	1	4	20	38	337
62919	Chr7_49651865	T/C	-2.8318198541516	2	3	18	13	364
45331	Chr5_15325711	T/C	2.73937455711942	337	39	19	4	1
45325	Chr5_15324593	T/C	NA	1	11	40	77	271
79547	Chr8_86252857	T/A	NA	NA	1	21	28	350
47154	Chr5_28744359	G/A	NA	290	57	38	14	1
46605	Chr5_23745167	G/A	1.63173546619802	101	85	178	27	9
10923	Chr1_97980057	T/C	NA	6	43	91	98	162
49975	Chr5_85754441	G/A	NA	216	74	72	31	7
23174	Chr3_29064509	T/A	NA	71	32	170	68	59
25587	Chr3_63564974	T/C	NA	23	14	70	185	108
48757	Chr5_70734224	C/A	NA	23	57	96	169	55
10170	Chr1_93521627	T/C	6.69790426138979	14	28	74	87	197
47149	Chr5_28744258	G/A	0.603054269573683	62	166	106	44	22
