gen,may_20,jun_20,jul_20,aug_20,sep_20,may_21,jun_21,jul_21,aug_21,sep_21,jun_22,jul_22,aug_22,sep_22,may_23,jun_23,jul_23,aug_23
1,0.667,0.634,0.426,0.43,0.11,0.395,0.106,0.254,0.155,0.047,0.7,0.417,0.123,0.239,0.848,0.271,0.254,0.058
4,0.705,0.639,0.436,0.434,0.14,0.477,0.182,0.308,0.317,0.097,0.562,0.387,0.157,0.359,0.561,0.331,0.326,0.211
5,0.745,0.486,0.459,0.391,0.175,0.455,0.169,0.34,0.32,0.057,0.732,0.264,0.06,0.51,0.54,0.28,0.227,0.191
6,0.317,0.48,0.509,0.458,0.102,0.529,0.154,0.371,0.448,0.029,0.641,0.486,0.196,0.484,0.407,0.191,0.324,0.167
7,0.476,0.621,0.563,0.339,0.131,0.356,0.151,0.336,0.283,0.077,0.31,0.272,0.185,0.302,0.724,0.259,0.24,0.096
9,0.714,0.683,0.721,0.589,0.114,0.495,0.13,0.376,0.435,0.055,0.872,0.332,0.113,0.464,0.698,0.229,0.263,0.138
12,0.592,0.533,0.427,0.45,0.122,0.322,0.151,0.283,0.255,0.073,0.488,0.319,0.15,0.391,0.717,0.208,0.28,0.138
13,0.49,0.436,0.527,0.468,0.087,0.329,0.122,0.278,0.31,0.08,0.574,0.287,0.238,0.397,0.709,0.308,0.275,0.232
14,0.656,0.618,0.546,0.577,0.085,0.499,0.131,0.299,0.292,0.085,0.517,0.549,0.221,0.461,0.858,0.485,0.406,0.14
15,0.688,0.566,0.436,0.353,0.079,0.368,0.088,0.221,0.254,0.075,0.534,0.298,0.175,0.356,0.599,0.209,0.238,0.115
16,0.591,0.753,0.816,0.64,0.181,0.641,0.167,0.336,0.373,0.135,0.684,0.385,0.258,0.645,0.853,0.343,0.346,0.372
17,0.527,0.499,0.486,0.352,0.142,0.412,0.134,0.257,0.313,0.119,0.514,0.134,0.174,0.323,0.324,0.473,0.139,0.105
18,1.193,1.444,1.062,0.621,0.327,0.452,0.255,0.452,0.518,0.205,1.488,0.407,0.161,0.953,0.57,0.237,0.348,0.201
19,0.686,0.642,0.556,0.452,0.114,0.575,0.143,0.201,0.308,0.082,0.436,0.312,0.158,0.233,0.585,0.154,0.214,0.088
20,0.678,0.618,0.647,0.358,0.099,0.395,0.13,0.253,0.331,0.083,0.753,0.305,0.151,0.361,0.715,0.19,0.268,0.097
22,0.576,0.68,0.374,0.357,0.079,0.436,0.092,0.195,0.215,0.132,0.57,0.318,0.209,0.331,0.556,0.185,0.173,0.083
23,0.677,0.366,0.34,0.423,0.17,0.352,0.122,0.264,0.183,0.149,0.774,0.182,0.19,0.393,0.328,0.144,0.156,0.169
24,1.035,0.583,0.56,0.326,0.134,0.327,0.124,0.249,0.352,0.072,1.331,0.491,0.083,0.318,NA,0.216,0.074,0.252
25,0.39,0.493,0.322,0.314,0.078,0.232,0.078,0.145,0.159,0.046,0.425,0.232,0.054,0.107,0.376,0.147,0.09,0.061
26,0.432,0.485,0.29,0.288,0.061,0.296,0.077,0.18,0.218,0.051,1.002,0.191,0.121,0.116,0.306,0.114,0.137,0.068
27,0.54,0.526,0.379,0.31,0.108,0.31,0.155,0.208,0.22,0.097,0.434,0.239,0.121,0.302,0.605,0.312,0.247,0.084
28,0.473,0.506,0.439,0.322,0.118,0.325,0.126,0.19,0.189,0.026,0.509,0.171,0.09,0.202,0.38,0.162,0.188,0.121
29,0.373,0.527,0.457,0.287,0.104,0.266,0.065,0.174,0.277,0.011,0.446,0.283,0.134,0.157,0.568,0.081,0.121,0.133
30,0.606,0.495,0.412,0.387,0.06,0.313,0.094,0.14,0.214,0.047,0.464,0.258,0.144,0.172,0.581,0.158,0.116,0.15
32,0.607,0.485,0.559,0.436,0.093,0.426,0.144,0.295,0.257,0.097,0.462,0.354,0.208,0.308,0.637,0.196,0.241,0.18
33,0.475,0.536,0.352,0.318,0.073,0.321,0.095,0.222,0.222,0.029,0.448,0.266,0.091,0.233,1.072,0.271,0.224,0.08
34,0.47,0.601,0.54,0.331,0.113,0.366,0.089,0.189,0.214,0.092,0.933,0.285,0.16,0.263,0.707,0.182,0.143,0.096
36,0.799,0.572,0.49,0.385,0.089,0.298,0.111,0.183,0.157,0.013,0.679,0.487,0.133,0.298,0.545,0.278,0.19,0.161
37,0.582,0.593,0.542,0.36,0.095,0.378,0.15,0.236,0.396,0.112,0.56,0.315,0.168,0.338,0.741,0.273,0.197,0.175
40,0.449,0.611,0.357,0.306,0.101,0.311,0.1,0.189,0.208,0.062,0.748,0.188,0.16,0.278,0.39,0.167,0.091,0.146
41,0.639,0.404,0.439,0.484,0.18,0.589,0.152,0.277,0.366,0.094,0.741,0.366,0.214,0.318,0.662,0.305,0.186,0.132
42,0.514,0.53,0.393,0.286,0.072,0.28,0.102,0.214,0.186,0.023,0.548,0.271,0.101,0.267,0.541,0.207,0.083,0.06
44,0.638,0.537,0.517,0.444,0.119,0.427,0.126,0.242,0.319,0.057,0.735,0.348,0.21,0.587,0.811,0.258,0.254,0.109
46,0.754,0.793,0.581,0.553,0.101,0.42,0.232,0.341,0.355,0.067,0.474,0.473,NA,0.454,0.733,0.231,0.272,0.19
47,0.62,0.615,0.377,0.436,0.077,0.411,0.094,0.261,0.255,0.08,0.648,0.254,0.175,0.269,0.629,0.225,0.172,0.103
48,0.514,0.518,0.52,0.422,0.131,0.447,0.155,0.261,0.244,0.105,0.432,0.214,0.233,0.242,0.642,0.254,0.122,0.146
49,0.563,0.767,0.386,0.465,0.102,0.427,0.121,0.269,0.31,0.068,0.545,0.327,0.178,0.275,0.691,0.207,0.15,0.121
50,0.702,0.836,0.46,0.419,0.21,0.534,0.201,0.268,0.294,0.081,0.941,0.332,0.183,0.365,0.875,0.338,0.324,0.223
51,0.692,0.654,0.416,0.358,0.07,0.463,0.161,0.297,0.246,0.092,0.577,0.496,0.32,0.5,0.785,0.392,0.315,0.128
52,0.519,0.573,0.54,0.336,0.117,0.343,0.17,0.289,0.222,0.067,0.655,0.302,0.18,0.382,0.736,0.191,0.151,0.106
53,0.715,0.701,0.466,0.38,0.134,0.507,0.184,0.304,0.282,0.052,0.359,0.568,0.276,0.359,0.608,0.287,0.187,0.088
54,0.55,0.613,0.274,0.444,0.087,0.492,0.155,0.286,0.345,0.038,0.426,0.428,0.248,0.315,0.668,0.348,0.218,0.122
55,0.572,0.638,0.479,0.296,0.111,0.29,0.13,0.147,0.177,0.041,0.615,0.3,0.154,0.3,0.589,0.169,0.078,0.12
56,0.655,0.714,0.228,0.424,0.127,0.43,0.207,0.168,0.349,0.116,0.437,0.381,0.207,0.335,0.713,0.165,0.193,0.158
57,0.688,0.75,0.359,0.309,0.067,0.474,0.173,0.303,0.353,0.114,0.652,0.468,0.189,0.458,0.804,0.292,0.268,0.112
59,0.401,0.595,0.35,0.315,0.093,0.291,0.062,0.221,0.164,0.082,0.531,0.216,0.147,0.25,0.561,0.181,0.144,0.141
60,0.451,0.559,0.72,0.598,0.178,0.372,0.136,0.233,0.219,0.112,0.854,0.232,0.137,0.262,1.354,0.118,0.128,0.19
62,0.586,0.655,0.456,0.412,0.083,0.443,0.224,0.379,0.32,0.111,0.647,0.404,0.169,0.342,0.515,0.169,0.176,0.178
63,0.973,0.574,0.502,0.447,0.129,0.437,0.169,0.335,0.322,0.089,0.647,0.522,0.197,0.468,0.799,0.306,0.254,0.099
64,0.728,0.593,0.489,0.447,0.108,0.444,0.201,0.304,0.322,0.094,0.607,0.33,0.179,0.368,0.541,0.213,0.25,0.117
65,0.765,0.744,0.56,0.343,0.144,0.474,0.131,0.298,0.315,0.07,0.589,0.403,0.137,0.363,0.855,0.203,0.169,0.178
66,0.556,0.592,0.465,0.5,0.097,0.383,0.145,0.24,0.155,0.08,0.446,0.292,0.187,0.279,0.749,0.256,0.24,0.088
67,0.63,0.837,0.588,0.408,0.142,0.37,0.138,0.239,0.29,0.113,0.493,0.193,0.138,0.232,0.581,0.157,0.148,0.098
68,0.863,0.689,0.572,0.315,0.166,0.497,0.202,0.362,0.292,0.138,0.956,0.461,0.224,0.44,0.966,0.212,0.167,0.116
69,0.53,0.57,0.314,0.303,0.054,0.284,0.096,0.223,0.22,0.068,0.383,0.255,0.144,0.27,0.658,0.247,0.143,0.116
70,0.76,0.609,0.587,0.386,0.095,0.451,0.13,0.222,0.188,0.069,0.406,0.38,0.142,0.205,0.706,0.172,0.212,0.134
72,0.553,0.575,0.469,0.444,0.129,0.536,0.183,0.265,0.393,0.144,0.808,0.407,0.24,0.44,0.869,0.278,0.36,0.153
74,0.663,0.477,0.441,0.157,0.11,0.504,0.173,0.24,0.332,0.11,0.54,0.27,0.181,0.42,0.532,0.251,0.192,0.164
76,1.411,1.274,0.848,0.584,0.192,0.401,0.221,0.325,0.27,0.03,1.772,0.52,0.309,0.543,1.199,0.314,0.387,0.089
77,0.558,0.484,0.443,0.285,0.118,0.364,0.129,0.265,0.26,0.028,0.673,0.315,0.172,0.332,0.573,0.305,0.24,0.124
79,0.465,0.423,0.373,0.28,0.065,0.393,0.102,0.264,0.266,0.06,0.269,0.245,0.149,0.23,0.515,0.216,0.179,0.1
81,0.645,0.722,0.385,0.401,0.086,0.504,0.175,0.262,0.325,0.09,0.531,0.47,0.233,0.391,0.74,0.328,0.177,0.165
82,0.691,0.636,0.437,0.41,0.082,0.463,0.168,0.276,0.328,0.141,0.574,0.324,0.156,0.335,0.577,0.208,0.22,0.129
83,0.834,0.653,0.502,0.261,0.063,0.394,0.16,0.259,0.214,0.079,0.721,0.35,0.139,0.285,0.663,0.288,0.254,0.21
85,0.581,0.591,0.532,0.383,0.077,0.402,0.137,0.214,0.311,0.108,0.574,0.33,0.263,0.4,0.62,0.271,0.261,0.125
87,0.729,0.669,0.555,0.338,0.081,0.417,0.159,0.243,0.267,0.04,0.599,0.423,0.169,0.421,0.697,0.256,0.217,0.083
88,0.646,0.684,0.452,0.325,0.088,0.38,0.14,0.222,0.272,0.085,0.414,0.276,0.158,0.348,0.485,0.201,0.151,0.145
89,0.318,0.457,0.438,0.254,0.057,0.176,0.062,0.087,0.102,0.025,0.264,0.134,0.068,0.147,0.286,0.107,0.101,0.08
90,0.456,0.595,0.396,0.368,0.071,0.369,0.135,0.2,0.26,0.018,0.347,0.235,0.067,0.252,0.513,0.114,0.14,0.059
92,0.653,0.501,0.73,0.378,0.052,0.4,0.154,0.257,0.252,0.044,0.496,0.239,0.153,0.256,0.482,0.158,0.13,0.171
93,0.574,0.518,0.446,0.349,0.07,0.423,0.104,0.28,0.293,0.103,0.621,0.223,0.206,0.408,0.774,0.256,0.183,0.14
94,0.616,0.562,0.48,0.316,0.108,0.475,0.085,0.229,0.364,0.149,0.75,0.452,0.153,0.333,0.693,0.189,0.168,0.191
95,0.606,0.585,0.558,0.341,0.1,0.426,0.105,0.143,0.196,0.06,0.539,0.311,0.151,0.218,0.649,0.162,0.048,0.072
96,0.689,0.647,0.682,0.521,0.126,0.658,0.133,0.266,0.311,0.126,1.046,0.515,0.202,0.342,1.001,0.233,0.133,0.085
97,0.543,0.551,0.376,0.448,0.082,0.402,0.065,0.214,0.234,0.064,0.494,0.331,0.119,0.25,0.739,0.201,0.163,0.075
98,0.706,0.639,0.541,0.424,0.099,0.352,0.157,0.244,0.265,0.04,0.745,0.419,0.2,0.427,0.777,0.301,0.319,0.14
100,0.573,0.654,0.527,0.379,0.159,0.413,0.095,0.236,0.34,0.091,0.505,0.297,0.145,0.349,0.887,0.225,0.159,0.103
101,0.658,0.662,0.533,0.473,0.082,0.463,0.2,0.266,0.318,0.104,0.802,0.436,0.194,0.414,0.58,0.252,0.221,0.187
104,0.634,0.718,0.536,0.377,0.079,0.501,0.164,0.308,0.294,0.059,0.601,0.358,0.182,0.502,0.635,0.259,0.222,0.146
107,0.633,0.827,0.504,0.282,0.062,0.54,0.173,0.26,0.274,0.037,0.653,0.348,0.157,0.356,0.727,0.267,0.269,0.104
108,0.749,0.585,0.422,0.325,0.106,0.341,0.098,0.189,0.19,0.037,0.421,0.387,0.205,0.265,0.553,0.216,0.181,0.145
111,0.744,0.58,0.466,0.361,0.07,0.529,0.173,0.288,0.284,0.087,0.601,0.284,0.198,0.403,0.632,0.245,0.255,0.139
112,0.518,0.536,0.434,0.402,0.165,0.512,0.184,0.308,0.391,0.072,0.752,0.466,0.193,0.313,0.605,0.166,0.18,0.114
113,0.604,0.62,0.478,0.396,0.108,0.42,0.16,0.213,0.284,0.081,0.66,0.314,0.133,0.246,0.748,0.183,0.241,0.071
115,0.778,0.555,0.425,0.42,0.126,0.346,0.114,0.214,0.232,0.053,0.444,0.278,0.119,0.288,0.612,0.175,0.087,0.087
116,0.772,0.644,0.382,0.365,0.093,0.59,0.173,0.362,0.413,0.191,0.6,0.414,0.202,0.399,0.873,0.233,0.247,0.179
117,0.781,0.603,0.574,0.484,0.076,0.389,0.179,0.294,0.422,0.048,0.638,0.458,0.172,0.368,0.846,0.301,0.215,0.123
118,0.479,0.514,0.47,0.311,0.057,0.368,0.105,0.238,0.239,0.05,0.431,0.342,0.139,0.325,0.667,0.243,0.141,0.117
119,0.73,0.748,0.892,0.485,0.207,0.423,0.12,0.401,0.327,0.088,0.954,0.369,0.165,0.418,0.831,0.27,0.291,0.085
120,0.585,0.552,0.369,0.549,0.095,0.385,0.141,0.239,0.306,0.071,0.665,0.474,0.198,0.447,1.564,0.456,0.228,0.159
121,0.895,0.951,0.775,0.616,0.105,0.574,0.206,0.357,0.368,0.099,0.841,0.429,0.213,0.484,0.699,0.373,0.33,0.176
123,0.648,0.576,0.569,0.535,0.104,0.379,0.176,0.279,0.28,0.09,0.44,0.345,0.262,0.384,0.66,0.312,0.187,0.131
124,0.638,0.778,0.443,0.376,0.096,0.344,0.122,0.234,0.349,0.077,0.621,0.398,0.218,0.31,0.55,0.184,0.196,0.153
125,0.6,0.533,0.612,0.378,0.083,0.244,0.138,0.2,0.254,0.058,0.348,0.273,0.134,0.294,0.517,0.199,0.118,0.103
126,0.806,0.633,0.505,0.424,0.099,0.524,0.179,0.307,0.279,0.095,0.606,0.372,0.21,0.42,0.766,0.343,0.223,0.139
128,0.731,0.639,0.517,0.401,0.152,0.399,0.202,0.271,0.262,0.035,0.513,0.276,0.148,0.157,0.537,0.215,0.175,0.219
129,0.544,0.476,0.399,0.335,0.094,0.369,0.107,0.23,0.265,0.073,0.394,0.255,0.163,0.361,0.659,0.302,0.15,0.111
130,0.582,0.61,0.567,0.346,0.09,0.312,0.103,0.209,0.252,0.07,0.46,0.254,0.115,0.254,0.595,0.187,0.166,0.104
131,0.566,0.445,0.353,0.299,0.111,0.355,0.156,0.186,0.263,0.051,0.522,0.227,0.105,0.283,0.461,0.14,0.151,0.1
133,0.588,0.685,0.545,0.34,0.127,0.345,0.112,0.279,0.243,0.039,0.493,0.315,0.134,0.291,0.624,0.174,0.202,0.114
134,0.65,0.57,0.462,0.376,0.079,0.268,0.131,0.15,0.178,0.01,0.618,0.234,0.158,0.258,0.6,0.139,0.152,0.112
135,0.793,0.674,0.442,0.395,0.079,0.421,0.174,0.3,0.255,0.119,0.626,0.405,0.167,0.406,0.716,0.286,0.287,0.132
138,0.642,0.806,0.598,0.428,0.075,0.471,0.149,0.252,0.311,0.06,0.665,0.338,0.16,0.279,0.667,0.191,0.12,0.106
140,0.816,0.774,0.715,0.369,0.089,0.481,0.23,0.354,0.399,0.062,0.661,0.41,0.187,0.392,0.769,0.149,0.166,0.147
141,1.005,0.807,0.528,0.402,0.108,0.49,0.15,0.34,0.383,0.084,0.627,0.488,0.195,0.441,0.843,0.343,0.263,0.203
143,0.667,0.565,0.468,0.345,0.092,0.451,0.145,0.265,0.323,0.103,0.444,0.357,0.213,0.388,0.698,0.232,0.218,0.127
144,0.446,0.634,0.613,0.365,0.073,0.406,0.131,0.279,0.279,0.045,0.464,0.246,0.075,0.21,0.466,0.216,0.129,0.098
145,0.705,0.544,0.36,0.394,0.101,0.392,0.104,0.146,0.122,0.03,0.71,0.263,0.156,0.312,0.765,0.345,0.204,0.151
146,0.57,0.742,0.595,0.447,0.147,0.533,0.135,0.312,0.289,0.067,0.579,0.426,0.187,0.387,0.864,0.156,0.267,0.132
147,0.746,0.594,0.557,0.516,0.082,0.454,0.149,0.271,0.298,0.09,0.539,0.281,0.19,0.367,0.82,0.272,0.268,0.156
149,0.55,0.669,0.504,0.488,0.098,0.491,0.168,0.31,0.336,0.079,0.875,0.423,0.237,0.374,0.832,0.341,0.188,0.14
150,0.785,0.925,0.583,0.362,0.103,0.364,0.1,0.369,0.357,0.096,0.869,0.366,0.261,0.507,0.873,0.293,0.234,0.295
151,0.908,0.721,0.613,0.328,0.11,0.343,0.036,0.111,0.157,0.045,1.203,NA,0.206,0.285,0.983,0.033,0.044,0.152
152,0.737,0.596,0.639,0.491,0.125,0.323,0.149,0.296,0.235,0.112,0.441,0.28,0.214,0.405,0.714,0.357,0.232,0.273
153,0.484,0.586,0.462,0.31,0.104,0.325,0.095,0.245,0.239,0.068,0.45,0.215,0.132,0.281,0.67,0.165,0.179,0.168
155,0.474,0.469,0.511,0.364,0.045,0.283,0.046,0.098,0.131,0.046,0.59,0.261,0.117,0.255,0.486,0.135,0.098,0.059
156,0.713,0.886,0.569,0.429,0.122,0.388,0.125,0.25,0.192,0.075,0.416,0.304,0.107,0.17,0.589,0.23,0.113,0.106
157,0.518,0.565,0.449,0.482,0.119,0.372,0.136,0.214,0.24,0.055,0.484,0.29,0.137,0.229,0.636,0.236,0.264,0.129
158,0.752,0.693,0.417,0.506,0.099,0.558,0.15,0.315,0.324,0.081,0.692,0.358,0.178,0.374,0.684,0.209,0.186,0.247
160,0.813,0.603,0.662,0.3,0.128,0.404,0.121,0.253,0.302,0.067,0.495,0.363,0.207,0.416,0.666,0.131,0.242,0.116
161,0.735,0.686,0.752,0.4,0.126,0.511,0.15,0.315,0.352,0.076,0.701,0.561,0.325,0.483,0.909,0.397,0.283,0.163
163,0.753,0.782,0.635,0.763,0.147,0.718,0.176,0.321,0.38,0.055,1.128,0.429,0.269,0.383,1.136,0.235,0.187,0.167
164,0.776,0.44,0.486,0.25,0.135,0.392,0.163,0.242,0.241,0.057,0.606,0.531,0.288,0.333,0.685,0.243,0.301,0.167
166,0.856,0.683,0.577,0.443,0.075,0.532,0.212,0.344,0.317,0.062,0.716,0.456,0.225,0.409,0.636,0.266,0.226,0.178
168,0.776,0.718,0.567,0.502,0.144,0.544,0.129,0.299,0.359,0.111,0.717,0.525,0.161,0.339,0.989,0.277,0.268,0.264
169,0.47,0.824,0.462,0.556,0.058,0.442,0.125,0.281,0.295,0.135,1.133,0.385,0.222,0.331,0.552,0.205,0.263,0.159
170,0.623,0.608,0.541,0.411,0.091,0.433,0.105,0.369,0.288,0.056,0.731,0.399,0.131,0.352,0.799,0.218,0.103,0.084
172,0.432,0.436,0.195,0.339,0.075,0.253,0.081,0.138,0.182,0.059,0.526,0.149,0.135,0.213,0.35,0.12,0.062,0.115
173,0.682,0.548,0.475,0.382,0.133,0.344,0.142,0.35,0.25,0.062,0.686,0.419,0.193,0.22,0.625,0.132,0.053,0.094
175,0.49,0.706,0.438,0.401,0.1,0.233,0.176,0.266,0.293,0.048,0.391,0.366,0.089,0.314,0.538,0.169,0.164,0.077
176,0.524,0.568,0.48,0.306,0.085,0.184,0.065,0.148,0.166,0.05,0.365,0.201,0.104,0.161,0.282,0.14,0.231,0.101
178,0.745,0.624,0.455,0.433,0.103,0.355,0.11,0.228,0.293,0.067,0.635,0.351,0.152,0.359,0.619,0.259,0.168,0.067
183,0.7,0.998,0.733,0.496,0.157,0.515,0.276,0.367,0.415,0.136,0.949,0.511,0.273,0.448,0.975,0.471,0.335,0.212
184,0.746,0.672,0.531,0.468,0.101,0.415,0.147,0.304,0.316,0.073,0.868,0.401,0.278,0.521,0.775,0.187,0.21,0.159
186,0.993,1.175,0.692,0.668,0.237,0.633,0.288,0.266,0.401,0.185,1.043,0.829,0.709,0.74,0.497,0.346,0.27,0.066
187,0.764,0.772,0.526,0.562,0.121,0.671,0.286,0.371,0.446,0.102,0.75,0.483,0.243,0.155,0.599,0.255,0.362,0.183
188,0.623,0.72,0.531,0.468,0.099,0.453,0.16,0.277,0.294,0.092,0.657,0.349,0.198,0.416,0.832,0.294,0.258,0.206
189,0.72,0.729,0.525,0.425,0.078,0.575,0.172,0.288,0.34,0.122,0.647,0.457,0.167,0.351,0.739,0.268,0.227,0.127
190,0.658,0.762,0.612,0.446,0.16,0.38,0.152,0.275,0.301,0.11,0.609,0.432,0.225,0.387,0.627,0.301,0.251,0.181
191,0.498,0.609,0.466,0.525,0.112,0.265,0.143,0.182,0.115,0.051,0.521,0.307,0.219,0.314,0.63,0.288,0.161,0.135
193,0.582,0.566,0.665,0.436,0.102,0.411,0.146,0.258,0.129,0.025,0.73,0.304,0.257,0.403,0.646,0.196,0.227,0.116
194,0.485,0.585,0.525,0.326,0.112,0.428,0.149,0.215,0.278,0.133,0.591,0.39,0.192,0.348,0.608,0.185,0.166,0.124
195,0.703,0.801,0.801,0.538,0.237,0.477,0.142,0.272,0.237,0.122,0.702,0.418,0.221,0.337,0.65,0.318,0.247,0.216
196,0.602,0.696,0.564,0.486,0.105,0.413,0.154,0.275,0.24,0.106,0.597,0.431,0.191,0.366,0.572,0.194,0.212,0.097
198,0.678,0.658,0.481,0.318,0.127,0.403,0.1,0.236,0.255,0.053,0.496,0.344,0.139,0.286,0.695,0.144,0.15,0.128
199,0.481,1.031,0.527,0.558,0.086,0.304,0.138,0.213,0.105,0.041,1.016,0.664,0.376,0.446,1.021,0.41,0.388,0.097
200,0.544,0.62,0.597,0.411,0.112,0.387,0.136,0.266,0.372,0.097,0.762,0.441,0.254,0.185,0.714,0.215,0.154,0.183
201,0.48,0.499,0.554,0.368,0.107,0.381,0.094,0.184,0.21,0.05,0.413,0.273,0.125,0.154,0.518,0.176,0.106,0.103
204,0.611,0.58,0.643,0.316,0.093,0.392,0.138,0.231,0.284,0.074,0.675,0.333,0.205,0.312,0.817,0.395,0.094,0.173
206,0.433,0.535,0.43,0.417,0.071,0.413,0.126,0.191,0.246,0.081,0.41,0.257,0.156,0.224,0.544,0.236,0.144,0.074
207,0.545,0.52,0.339,0.402,0.07,0.367,0.089,0.282,0.256,0.07,0.816,0.317,0.159,0.299,0.497,0.216,0.207,0.158
208,0.434,0.461,0.564,0.411,0.093,0.373,0.146,0.214,0.136,0.094,0.685,0.23,0.107,0.3,0.723,0.168,0.296,0.149
210,0.579,0.55,0.463,0.254,0.078,0.302,0.098,0.236,0.195,0.044,0.44,0.171,0.096,0.191,0.532,0.158,0.174,0.124
211,0.516,0.402,0.401,0.265,0.092,0.36,0.179,0.245,0.272,0.079,0.426,0.273,0.132,0.358,0.642,0.259,0.179,0.192
212,0.498,0.383,0.822,0.489,0.112,0.405,0.189,0.287,0.267,0.117,0.656,0.277,0.138,0.203,0.611,0.114,0.134,0.154
213,0.563,0.58,0.506,0.359,0.125,0.397,0.103,0.173,0.297,0.047,0.709,0.338,0.129,0.318,0.572,0.17,0.096,0.158
214,0.786,0.847,0.46,0.326,0.109,0.448,0.162,0.243,0.327,0.085,0.591,0.427,0.172,0.396,0.576,0.29,0.151,0.112
215,0.508,0.493,0.406,0.362,0.129,0.415,0.133,0.214,0.202,0.033,0.483,0.22,0.103,0.299,0.488,0.18,0.178,0.087
217,0.601,0.593,0.529,0.441,0.109,0.478,0.137,0.231,0.258,0.107,0.575,0.388,0.206,0.333,0.419,0.229,0.236,0.147
218,0.759,0.644,0.718,0.394,0.179,0.348,0.12,0.342,0.313,0.086,1.276,0.402,0.228,0.384,0.778,0.273,0.152,0.13
219,0.643,0.628,0.47,0.459,0.124,0.454,0.099,0.279,0.254,0.045,0.435,0.342,0.199,0.195,0.472,0.16,0.196,0.054
220,0.546,0.786,0.554,NA,NA,0.309,0.143,0.278,0.179,0.09,0.554,0.132,0.107,0.166,0.379,0.277,0.242,0.14
223,0.606,0.534,0.443,0.304,0.076,0.402,0.13,0.249,0.242,0.072,0.442,0.394,0.187,0.371,0.669,0.305,0.263,0.174
224,1.085,0.573,0.423,0.497,0.097,0.507,0.186,0.241,0.335,0.095,0.83,0.308,0.169,0.385,0.685,0.32,0.242,0.091
225,0.853,0.67,0.436,0.343,0.108,0.47,0.141,0.185,0.262,0.078,0.589,0.348,0.164,0.323,0.75,0.253,0.218,0.171
226,0.568,0.645,0.474,0.306,0.068,0.34,0.1,0.229,0.276,0.083,0.522,0.245,0.143,0.222,0.512,0.257,0.225,0.052
227,0.569,0.65,0.405,0.375,0.103,0.47,0.148,0.307,0.262,0.142,0.721,0.357,0.131,0.286,0.687,0.416,0.261,0.143
229,0.897,0.87,0.669,0.516,0.3,0.386,0.085,0.171,0.266,0.069,2.71,0.465,0.247,0.225,0.477,0.08,0.096,0.189
230,0.924,1.011,0.615,0.495,0.153,0.555,0.21,0.566,0.349,0.068,0.855,0.407,0.172,0.287,0.816,0.278,0.166,0.11
231,0.787,0.474,0.433,0.523,0.127,0.395,0.138,0.29,0.164,0.049,1.108,0.441,0.156,0.304,0.577,0.149,0.164,0.102
232,0.619,0.634,0.551,0.381,0.121,0.45,0.089,0.218,0.378,0.117,0.735,0.312,0.221,0.354,0.723,0.285,0.272,0.187
233,0.98,0.913,0.778,0.546,0.143,0.259,0.15,0.405,0.322,0.081,0.352,0.191,0.135,0.378,0.456,0.27,0.214,0.158
234,0.639,0.673,0.485,0.49,0.115,0.392,0.137,0.221,0.276,0.064,0.639,0.178,0.124,0.243,0.632,0.15,0.199,0.06
235,0.771,0.588,0.562,0.46,0.109,0.54,0.132,0.28,0.307,0.099,0.466,0.344,0.174,0.364,0.707,0.241,0.277,0.079
236,0.536,0.429,0.429,0.229,0.067,0.344,0.101,0.204,0.202,0.074,0.519,0.225,0.142,0.269,0.461,0.187,0.234,0.102
238,0.322,0.295,0.363,0.319,0.121,0.268,0.123,0.187,0.199,0.041,0.504,0.279,0.161,0.338,0.582,0.215,0.121,0.079
239,0.504,0.446,0.428,0.339,0.038,0.29,0.04,0.119,0.129,0.146,1.121,NA,0.078,0.167,0.307,0.137,0.104,0.055
240,0.367,0.383,0.29,0.203,0.115,0.335,0.107,0.156,0.184,0.06,0.78,0.449,0.154,NA,0.429,0.18,0.131,0.122
241,0.692,0.476,0.438,0.516,0.108,0.34,0.137,0.267,0.254,0.061,0.475,0.355,0.162,0.181,0.484,0.194,0.159,0.15
242,0.594,0.588,0.385,0.357,0.12,0.447,0.13,0.217,0.167,0.047,1.117,0.627,0.34,0.404,0.83,0.538,0.258,0.197
243,0.625,0.541,0.506,0.35,0.075,0.508,0.142,0.294,0.228,0.059,0.479,0.391,0.214,0.369,0.681,0.264,0.244,0.198
244,0.903,0.835,0.666,0.36,0.147,0.358,0.142,0.381,0.257,0.081,0.715,0.662,0.305,0.619,0.742,0.173,0.448,0.185
245,0.628,0.495,0.38,0.354,0.104,0.451,0.129,0.248,0.239,0.063,0.57,0.303,0.167,0.342,0.691,0.206,0.207,0.121
247,0.511,0.673,0.678,0.422,0.123,0.512,0.178,0.33,0.261,0.089,0.702,0.355,0.191,0.328,0.631,0.243,0.184,0.181
248,0.727,0.739,0.488,0.394,0.092,0.451,0.141,0.261,0.335,0.086,0.633,0.404,0.179,0.232,0.698,0.215,0.188,0.116
249,0.65,0.51,0.504,0.441,0.101,0.473,0.171,0.309,0.375,0.083,0.583,0.46,0.194,0.411,0.737,0.218,0.205,0.127
250,0.633,0.624,0.603,0.384,0.061,0.52,0.111,0.298,0.33,0.077,0.769,0.293,0.125,0.461,0.817,0.21,0.251,0.153
251,0.648,0.808,0.455,0.453,0.116,0.41,0.133,0.25,0.3,0.053,0.588,0.384,0.229,0.45,0.615,0.277,0.09,0.096
252,0.911,0.831,0.573,0.592,0.115,0.529,0.148,0.367,0.309,0.093,0.87,0.332,0.125,0.375,0.816,0.209,0.202,0.143
253,0.415,0.469,0.409,0.362,0.058,0.202,0.089,0.136,0.179,0.051,0.391,0.228,0.13,0.245,0.452,0.141,0.15,0.153
255,0.446,0.396,0.276,0.269,0.046,0.203,0.09,0.138,0.18,0.064,0.26,0.208,0.038,0.233,0.589,0.196,0.147,0.05
257,0.775,0.742,0.469,0.395,0.155,0.435,0.127,0.339,0.253,0.084,0.745,0.362,0.116,0.396,0.825,0.262,0.171,0.123
258,0.583,0.603,0.638,0.543,0.068,0.504,0.142,0.349,0.357,0.113,0.465,0.453,0.147,0.437,0.703,0.243,0.228,0.139
262,0.537,0.681,0.628,0.337,0.132,0.401,0.164,0.453,0.41,0.207,0.947,0.575,0.271,0.608,0.53,0.296,0.232,0.143
263,0.477,0.496,0.39,0.326,0.097,0.233,0.073,0.186,0.224,0.076,0.577,0.206,0.122,0.254,0.5,0.192,0.138,0.158
264,0.599,0.632,0.568,0.415,0.08,0.421,0.151,0.244,0.353,0.062,0.823,0.384,0.192,0.368,0.51,0.222,0.099,0.228
265,0.723,0.769,0.768,0.479,0.097,0.529,0.145,0.381,0.29,0.082,1.03,0.498,0.195,0.449,0.846,0.349,0.323,0.203
266,0.735,0.551,0.419,0.465,0.139,0.485,0.127,0.331,0.307,0.074,0.789,0.39,0.129,0.292,0.754,0.214,0.132,0.159
267,0.717,0.791,0.459,0.386,0.098,0.576,0.141,0.329,0.407,0.069,0.743,0.489,0.205,0.459,1.069,0.312,0.147,0.102
268,0.837,0.536,0.47,0.395,0.076,0.655,0.141,0.441,0.238,0.125,0.547,0.541,0.209,0.388,1.141,0.336,0.249,0.118
269,0.82,0.801,0.634,0.544,0.082,0.598,0.216,0.341,0.403,0.11,0.746,0.551,0.2,0.36,0.81,0.237,0.214,0.128
271,1.036,2.238,1.251,0.672,0.321,0.731,0.28,0.542,0.574,NA,0.878,0.481,0.205,0.347,0.82,0.371,0.289,0.335
272,0.525,0.628,0.747,0.404,0.088,0.476,0.17,0.294,0.226,0.055,0.749,0.405,0.281,0.356,0.883,0.333,0.308,0.058
273,0.663,0.748,0.606,0.355,0.085,0.479,0.156,0.306,0.459,0.077,0.679,0.357,0.12,0.327,0.732,0.186,0.183,0.088
274,0.677,0.898,0.592,0.717,0.214,0.733,0.244,0.424,0.311,0.147,1.092,1.055,0.406,0.716,1.486,0.528,0.423,0.246
275,0.951,1.733,0.894,0.438,0.074,0.634,0.221,0.456,0.519,0.151,0.744,0.431,0.246,0.681,0.611,0.237,0.256,0.092
280,0.673,0.68,0.547,0.405,0.083,0.416,0.105,0.246,0.266,0.095,0.438,0.317,0.136,0.281,0.623,0.197,0.191,0.111
282,0.604,0.796,0.558,0.548,0.094,0.443,0.159,0.278,0.303,0.075,0.686,0.46,0.149,0.415,0.756,0.411,0.238,0.092
284,0.626,0.697,0.278,0.406,0.079,0.391,0.158,0.354,0.326,0.036,0.476,0.389,0.175,0.378,0.764,0.201,0.191,0.098
285,0.661,0.752,0.516,0.462,0.1,0.459,0.165,0.258,0.287,0.116,0.621,0.288,0.194,0.241,0.556,0.333,0.202,0.112
286,0.643,0.666,0.722,0.434,0.177,0.274,0.132,0.259,0.179,0.069,0.824,0.359,0.163,0.425,0.81,0.323,0.311,0.285
287,0.58,0.632,0.381,0.41,0.112,0.369,0.111,0.261,0.272,0.092,0.562,0.352,0.192,0.368,0.615,0.257,0.23,0.103
288,0.654,0.643,0.467,0.296,0.072,0.442,0.081,0.176,0.234,0.058,0.464,0.482,0.219,0.365,0.954,0.165,0.244,0.142
291,0.539,0.471,0.506,0.301,0.074,0.278,0.082,0.174,0.251,0.042,0.492,0.257,0.138,0.27,0.651,0.21,0.159,0.129
295,0.92,0.807,0.838,0.504,0.156,0.362,0.123,0.238,0.343,0.106,1.356,0.468,0.131,0.391,0.841,0.24,0.128,0.348
296,0.691,0.524,0.618,0.336,0.076,0.183,0.054,0.218,0.215,0.039,0.415,0.291,0.107,0.187,0.588,0.207,0.218,0.107
297,0.551,0.648,0.505,0.436,0.146,0.575,0.223,0.323,0.353,0.159,1.095,0.408,0.213,0.405,0.951,0.263,0.226,0.346
298,0.802,0.678,0.582,0.357,0.095,0.454,0.103,0.283,0.304,0.098,0.603,0.354,0.212,0.315,0.598,0.245,0.314,0.17
299,0.547,0.557,0.478,0.279,0.121,0.321,0.117,0.228,0.241,0.041,0.473,0.31,0.136,0.245,0.58,0.223,0.162,0.192
300,0.645,0.464,0.531,0.406,0.076,0.535,0.191,0.219,0.27,0.075,0.513,0.501,0.258,0.345,0.86,0.41,0.312,0.214
302,0.635,0.707,0.563,0.462,0.096,0.49,0.125,0.271,0.317,0.079,0.775,0.497,0.196,0.291,0.818,0.224,0.22,0.187
303,0.59,0.689,0.581,0.27,0.101,0.403,0.173,0.289,0.243,0.08,0.479,0.264,0.147,0.325,0.643,0.207,0.171,0.204
304,0.762,0.544,0.619,0.419,0.124,0.525,0.146,0.257,0.281,0.071,0.655,0.421,0.174,0.372,0.664,0.143,0.122,0.154
305,0.749,0.821,0.445,0.48,0.125,0.525,0.148,0.303,0.309,0.14,0.881,0.466,0.247,0.474,0.898,0.387,0.334,0.113
306,0.713,0.678,0.475,0.357,0.096,0.38,0.098,0.251,0.373,0.108,0.6,0.437,0.153,0.368,0.739,0.191,0.155,0.134
307,0.65,0.69,0.426,0.34,0.045,0.471,0.104,0.21,0.238,0.068,0.36,0.325,0.218,0.364,0.646,0.182,0.177,0.11
308,0.692,0.619,0.393,0.406,0.087,0.458,0.153,0.28,0.25,0.132,0.556,0.431,0.161,0.347,0.71,0.201,0.14,0.169
309,0.633,0.601,0.587,0.407,0.095,0.537,0.138,0.304,0.275,0.134,0.463,0.373,0.22,0.399,0.734,0.243,0.191,0.158
311,0.473,0.467,0.404,0.441,0.116,0.367,0.122,0.263,0.282,0.027,0.555,0.437,0.204,0.309,0.628,0.291,0.269,0.168
312,0.726,0.552,0.505,0.329,0.057,0.392,0.179,0.24,0.201,0.076,0.378,0.227,0.142,0.325,0.798,0.184,0.193,0.074
314,0.565,0.57,0.514,0.302,0.043,0.368,0.097,0.212,0.214,0.038,0.601,0.299,0.126,0.231,0.564,0.167,0.136,0.128
315,0.576,0.575,0.38,0.306,0.128,0.292,0.02,0.33,0.311,0.12,0.532,0.293,0.176,0.237,0.477,0.189,0.256,0.129
316,0.923,0.562,0.477,0.365,0.116,0.503,0.138,0.329,0.381,0.1,0.585,0.446,0.175,0.433,0.731,0.297,0.27,0.143
318,0.703,0.707,0.56,0.314,0.086,0.402,0.154,0.29,0.34,0.067,0.896,0.372,0.183,0.373,0.718,0.23,0.211,0.146
319,0.78,0.723,0.611,0.36,0.068,0.355,0.127,0.296,0.324,0.083,0.434,0.415,0.202,0.344,0.656,0.218,0.176,0.085
320,0.571,0.597,0.575,0.409,0.079,0.45,0.202,0.335,0.346,0.052,0.6,0.441,0.168,0.404,0.821,0.21,0.201,0.204
321,0.81,0.701,0.502,0.347,0.106,0.431,0.132,0.207,0.224,0.073,0.702,0.364,0.151,0.386,0.655,0.221,0.21,0.157
322,0.623,0.532,0.511,0.322,0.114,0.459,0.154,0.238,0.258,0.095,0.843,0.425,0.118,0.375,0.821,0.182,0.233,0.123
324,0.768,0.506,0.454,0.423,0.083,0.439,0.123,0.197,0.208,0.086,0.741,0.333,0.151,0.373,0.704,0.23,0.203,0.117
325,0.656,0.579,0.515,0.392,0.101,0.369,0.151,0.284,0.254,0.068,0.288,0.321,0.237,0.437,0.639,0.23,0.185,0.088
326,0.446,0.542,0.435,0.342,0.089,0.263,0.124,0.219,0.157,0.059,0.422,0.238,0.013,0.243,0.542,0.123,0.111,0.108
327,0.582,0.558,0.49,0.365,0.109,0.553,0.091,0.201,0.229,0.11,0.393,0.325,0.152,0.344,0.739,0.182,0.204,0.117
328,0.833,0.669,0.625,0.402,0.089,0.424,0.104,0.239,0.22,0.159,0.691,0.456,0.206,0.391,0.8,0.288,0.196,0.157
330,0.51,0.512,0.311,0.296,0.087,0.337,0.127,0.176,0.212,0.067,0.461,0.245,0.097,0.166,0.402,0.092,0.164,0.124
331,0.624,0.591,0.427,0.407,0.082,0.411,0.12,0.234,0.195,0.09,0.579,0.344,0.118,0.384,0.764,0.236,0.136,0.088
332,0.724,0.717,0.528,0.344,0.112,0.384,0.118,0.267,0.252,0.066,0.484,0.304,0.131,0.298,0.6,0.213,0.29,0.169
333,0.608,0.695,0.486,0.486,0.142,0.601,0.114,0.214,0.328,0.081,1.058,0.369,0.221,0.344,0.642,0.15,0.072,0.137
334,0.619,0.773,0.682,0.532,0.19,0.574,0.257,0.427,0.416,0.072,0.776,0.511,0.405,0.486,0.841,0.301,0.334,0.202
335,0.53,0.449,0.329,0.376,0.099,0.359,0.112,0.246,0.203,0.123,0.726,0.374,0.172,0.34,0.571,0.292,0.164,0.154
337,0.794,0.57,0.515,0.468,0.114,0.639,0.188,0.267,0.374,0.125,0.597,0.372,0.225,0.325,0.855,0.264,0.237,0.077
338,0.735,0.725,0.493,0.398,0.097,0.395,0.157,0.239,0.29,0.142,0.587,0.436,0.158,0.354,0.58,0.184,0.177,0.186
339,0.528,0.739,0.351,0.289,0.098,0.423,0.12,0.257,0.292,0.08,0.517,0.416,0.131,0.342,0.671,0.23,0.167,0.098
342,0.67,0.627,0.334,0.401,0.121,0.385,0.162,0.311,0.319,0.103,0.738,0.284,0.216,0.384,0.565,0.19,0.27,0.105
343,0.44,0.363,0.371,0.25,0.053,0.222,0.062,0.155,0.203,0.022,0.507,0.226,0.081,0.218,0.528,0.205,0.368,0.087
344,0.782,0.885,0.595,0.31,0.073,0.305,0.115,0.226,0.23,0.066,0.603,0.433,0.262,0.355,0.644,0.365,0.199,0.113
350,0.855,0.703,0.48,0.321,0.05,0.407,0.112,0.227,0.251,0.038,0.599,0.367,0.182,0.415,0.738,0.278,0.278,0.137
351,0.715,0.756,0.316,0.302,0.114,0.438,0.112,0.231,0.22,0.058,0.682,0.41,0.245,0.308,0.926,0.234,0.243,0.237
353,0.663,0.695,0.478,0.321,0.092,0.45,0.138,0.089,0.339,0.108,0.413,0.326,0.161,0.24,0.673,0.226,0.234,0.133
354,1,0.625,0.62,0.418,0.11,0.579,0.162,0.285,0.319,0.076,0.826,0.415,0.226,0.472,0.82,0.296,0.213,0.111
355,0.453,0.539,0.41,0.279,0.084,0.26,0.065,0.16,0.191,0.027,0.544,0.408,0.189,0.403,1.199,0.327,0.263,0.162
356,0.656,0.632,0.432,0.319,0.108,0.412,0.106,0.22,0.378,0.045,0.927,0.514,0.231,0.386,0.776,0.305,0.379,0.25
357,0.692,0.45,0.432,0.431,0.076,0.451,0.141,0.282,0.213,0.076,0.532,0.344,0.1,0.24,0.554,0.183,0.108,0.097
358,0.694,0.631,0.519,0.416,0.078,0.387,0.113,0.256,0.277,0.077,0.461,0.286,0.171,0.258,0.52,0.307,0.194,0.138
360,0.447,0.455,0.479,0.292,0.074,0.334,0.086,0.213,0.22,0.054,0.492,0.29,0.127,0.2,0.483,0.129,0.116,0.109
361,0.558,0.639,0.445,0.405,0.098,0.341,0.096,0.287,0.27,0.093,0.465,0.369,0.173,0.357,0.603,0.259,0.201,0.17
362,0.329,0.461,0.473,0.441,0.111,0.416,0.091,0.284,0.183,0.051,1.253,0.464,0.502,0.342,0.96,0.327,0.349,0.339
363,0.55,0.592,0.392,0.423,0.083,0.419,0.19,0.248,0.189,0.126,0.419,0.038,0.243,0.316,0.718,0.182,0.18,0.067
364,0.44,0.452,0.591,0.437,0.076,0.314,0.157,0.252,0.347,0.129,0.589,0.336,0.161,0.322,0.853,0.317,0.377,0.05
366,0.474,0.501,0.41,0.328,0.098,0.423,0.133,0.293,0.222,0.052,0.619,0.3,0.192,0.345,0.727,0.2,0.14,0.07
367,0.79,0.622,0.48,0.459,0.103,0.36,0.081,0.189,0.206,0.06,0.429,0.296,0.22,0.249,0.646,0.168,0.262,0.081
368,0.707,0.636,0.508,0.281,0.102,0.257,0.122,0.119,0.192,0.105,0.734,0.297,0.164,0.285,0.691,0.242,0.175,0.272
369,0.686,0.661,0.413,0.39,0.075,0.38,0.124,0.205,0.271,0.076,0.709,0.366,0.142,0.356,0.687,0.293,0.253,0.129
370,0.736,0.579,0.38,0.325,0.089,0.434,0.16,0.256,0.27,0.066,0.505,0.313,0.13,0.351,0.624,0.249,0.208,0.112
371,0.698,0.656,0.449,0.372,0.109,0.408,0.175,0.233,0.331,0.134,0.737,0.179,0.209,0.308,0.995,0.175,0.124,0.087
372,0.678,0.646,0.469,0.455,0.099,0.362,0.131,0.219,0.269,0.071,0.623,0.277,0.09,0.266,0.461,0.176,0.131,0.106
373,0.793,0.596,0.531,0.286,0.094,0.325,0.099,0.277,0.356,0.15,0.743,0.254,0.261,0.432,0.724,0.207,0.272,0.166
374,0.865,0.772,0.524,0.378,0.081,0.527,0.148,0.278,0.318,0.066,0.89,0.37,0.186,0.366,0.695,0.25,0.211,0.179
375,0.829,0.602,0.59,0.385,0.066,0.457,0.184,0.232,0.242,0.076,0.666,0.389,0.218,0.34,0.788,0.293,0.239,0.12
376,0.763,0.664,0.5,0.482,0.119,0.533,0.17,0.308,0.214,0.033,0.621,0.403,0.157,0.363,0.676,0.26,0.269,0.144
378,0.661,0.676,0.322,0.42,0.092,0.45,0.124,0.194,0.215,0.075,0.561,0.379,0.151,0.3,0.632,0.281,0.234,0.139
379,0.871,0.523,0.585,0.753,0.219,0.238,0.115,0.18,0.122,0.072,1.018,0.523,0.261,0.219,0.664,0.278,0.202,0.176
380,0.681,0.487,0.257,0.282,0.088,0.198,0.073,0.132,0.147,0.04,0.269,0.135,0.136,0.153,0.217,0.097,0.111,0.154
381,0.464,0.65,0.507,0.351,0.087,0.296,0.126,0.251,0.216,0.07,0.939,0.319,0.176,0.18,0.299,0.264,0.128,0.202
382,0.958,0.918,1.189,0.692,0.229,0.374,0.14,0.471,0.343,0.151,0.79,0.601,0.145,0.491,0.725,0.374,0.273,0.193
383,0.498,0.606,0.503,0.373,0.165,0.398,0.131,0.207,0.271,0.102,0.38,0.248,0.075,0.28,0.406,0.146,0.106,0.177
384,0.712,0.746,0.568,0.672,0.042,0.41,0.14,0.168,0.098,0.09,1.364,0.143,0.228,0.839,NA,0.3,0.451,0.156
385,0.695,0.555,0.463,0.286,0.07,0.526,0.092,0.22,0.3,0.095,0.724,0.4,0.152,0.441,0.763,0.311,0.214,0.052
386,0.545,0.647,0.49,0.448,0.145,0.469,0.143,0.329,0.349,0.089,0.506,0.34,0.247,0.231,0.701,0.215,0.213,0.129
387,0.519,0.56,0.56,0.377,0.104,0.448,0.145,0.318,0.306,0.057,0.545,0.287,0.139,0.346,0.484,0.251,0.213,0.085
389,0.454,0.428,0.341,0.208,0.08,0.143,0.043,0.108,0.181,0.057,0.25,0.344,0.052,0.161,0.316,0.073,0.076,0.076
390,0.46,0.445,0.442,0.198,0.051,0.275,0.082,0.157,0.099,0.036,0.668,0.154,0.15,0.129,0.33,0.15,0.126,0.129
391,0.328,0.594,NA,0.336,0.044,0.368,0.09,0.259,0.256,0.046,0.927,0.268,0.22,0.167,0.597,0.246,0.157,0.126
392,0.253,0.444,0.249,0.319,0.065,0.262,0.101,0.207,0.228,0.052,0.355,0.293,0.19,0.323,0.938,0.383,0.233,0.092
393,0.668,0.599,0.46,0.363,0.064,0.438,0.159,0.246,0.262,0.119,0.596,0.42,0.218,0.363,0.846,0.387,0.298,0.12
397,0.652,0.567,0.506,0.321,0.094,0.42,0.146,0.265,0.285,0.073,0.363,0.441,0.215,0.34,0.622,0.218,0.193,0.132
400,0.647,0.572,0.527,0.319,0.106,0.421,0.121,0.235,0.299,0.062,0.787,0.346,0.183,0.316,0.667,0.144,0.155,0.114
401,0.616,0.649,0.406,0.32,0.075,0.497,0.123,0.287,0.314,0.078,0.608,0.395,0.183,0.36,0.403,0.22,0.221,0.241
402,0.68,0.626,0.478,0.436,0.118,0.475,0.171,0.296,0.397,0.088,0.595,0.394,0.208,0.346,0.804,0.278,0.249,0.152
404,0.62,0.757,0.411,0.442,0.115,0.502,0.154,0.319,0.325,0.084,0.688,0.342,0.205,0.344,0.766,0.23,0.201,0.146
405,0.626,0.511,0.435,0.345,0.128,0.38,0.096,0.19,0.164,0.047,0.715,0.292,0.092,0.205,0.507,0.152,0.125,0.133
406,0.77,0.689,0.618,0.289,0.105,0.453,0.168,0.292,0.353,0.089,0.599,0.376,0.194,0.422,0.659,0.232,0.206,0.173
408,0.806,0.841,0.571,0.402,0.079,0.551,0.149,0.291,0.351,0.11,0.605,0.424,0.225,0.437,0.794,0.35,0.304,0.154
409,0.662,0.617,0.565,0.453,0.161,0.364,0.069,0.252,0.215,0.055,0.92,0.309,0.142,0.288,0.929,0.179,0.208,0.184
410,0.705,0.661,0.315,0.525,0.128,0.665,0.222,0.488,0.445,0.092,0.667,0.323,0.198,0.44,0.721,0.272,0.221,0.205
411,0.823,0.613,0.522,0.431,0.066,0.448,0.162,0.28,0.289,0.056,0.461,0.391,0.295,0.38,0.579,0.308,0.358,0.18
413,0.586,0.607,0.561,0.467,0.089,0.437,0.141,0.223,0.199,0.061,0.707,0.395,0.192,0.37,1.099,0.273,0.209,0.109
414,0.771,0.679,0.427,0.495,0.065,0.383,0.121,0.377,0.341,0.065,0.486,0.261,0.172,0.361,0.83,0.351,0.368,0.257
416,0.556,0.556,0.464,0.436,0.087,0.443,0.137,0.299,0.333,0.062,0.487,0.266,0.101,0.275,0.535,0.142,0.201,0.121
420,0.622,0.626,0.713,0.513,0.146,0.4,0.188,0.412,0.554,0.218,0.601,0.383,0.274,0.375,0.969,0.274,0.314,0.244
421,0.663,0.667,0.574,0.274,0.089,0.4,0.12,0.265,0.302,0.082,0.519,0.337,0.147,0.354,0.66,0.197,0.21,0.186
422,0.673,0.567,0.373,0.42,0.075,0.433,0.153,0.238,0.206,0.079,0.743,0.268,0.138,0.294,0.7,0.238,0.247,0.125
423,1.152,1.207,0.92,NA,NA,1.116,0.235,0.539,0.837,NA,0.777,0.727,0.228,0.519,1.436,0.883,0.557,0.196
425,0.906,1.804,0.84,NA,NA,0.978,0.198,0.433,0.281,0.065,0.959,0.393,0.158,0.282,0.465,0.274,0.366,0.181
427,0.684,0.604,0.265,0.282,0.09,0.363,0.149,0.243,0.222,0.134,0.415,0.199,0.124,0.236,0.421,0.147,0.118,0.036
428,0.578,0.771,0.424,0.258,0.105,0.393,0.029,0.199,0.136,0.12,1.146,0.43,0.233,0.443,NA,0.34,0.119,0.177
432,0.573,0.605,0.548,0.315,0.105,0.432,0.16,0.234,0.281,0.056,0.783,0.421,0.171,0.334,0.865,0.302,0.212,0.133
435,0.626,0.635,0.449,0.367,0.135,0.337,0.152,0.269,0.304,0.085,0.502,0.298,0.136,0.433,0.568,0.323,0.212,0.116
436,0.522,0.692,0.525,0.268,0.092,0.433,0.108,0.19,0.261,0.031,0.613,0.358,0.149,0.309,0.78,0.17,0.197,0.119
437,0.69,0.671,0.534,0.432,0.083,0.369,0.101,0.225,0.257,0.069,0.672,0.298,0.164,0.321,0.629,0.27,0.205,0.189
438,0.533,0.585,0.444,0.38,0.087,0.381,0.093,0.193,0.259,0.021,0.57,0.209,0.14,0.325,0.503,0.168,0.112,0.045
439,0.593,0.684,0.495,0.354,0.109,0.411,0.157,0.311,0.255,0.083,0.483,0.342,0.136,0.389,0.844,0.349,0.361,0.136
440,0.623,0.507,0.612,0.268,0.086,0.37,0.088,0.196,0.26,0.027,0.346,0.295,0.116,0.286,0.569,0.123,0.094,0.094
441,0.563,0.662,0.837,0.514,0.123,0.282,0.089,0.192,0.125,0.061,NA,NA,0.277,0.254,0.613,0.137,0.249,-0.08
442,0.525,0.566,0.343,0.337,0.057,0.323,0.095,0.176,0.287,0.09,0.552,0.244,0.059,0.316,0.536,0.09,0.196,0.155
446,0.738,0.57,0.45,0.309,0.106,0.544,0.094,0.303,0.33,0.121,0.7,0.349,0.159,0.423,0.938,0.245,0.163,0.159
447,0.842,0.621,0.391,0.364,0.093,0.423,0.202,0.254,0.288,0.086,0.549,0.423,0.167,0.358,0.616,0.216,0.186,0.176
449,0.515,0.646,0.558,0.402,0.11,0.391,0.171,0.221,0.264,0.095,0.452,0.29,0.144,0.355,0.641,0.229,0.317,0.077
450,0.631,0.574,0.422,0.291,0.084,0.27,0.095,0.188,0.2,0.111,0.588,0.249,0.104,0.204,0.596,0.178,0.105,0.184
451,0.595,0.561,0.48,0.294,0.116,0.455,0.151,0.282,0.252,0.103,0.526,0.353,0.203,0.369,0.623,0.214,0.209,0.16
452,0.803,0.762,0.615,0.345,0.069,0.498,0.137,0.361,0.228,0.086,0.693,0.405,0.139,0.409,0.925,0.232,0.163,0.119
453,0.72,0.957,0.458,0.443,0.119,0.572,0.175,0.433,0.38,0.06,0.708,0.528,0.244,0.33,0.917,0.256,0.253,0.117
454,0.52,0.654,0.509,0.377,0.066,0.449,0.104,0.355,0.303,0.135,0.656,0.314,0.163,0.282,0.807,0.196,0.208,0.108
456,0.607,0.555,0.459,0.337,0.08,0.395,0.133,0.227,0.226,0.056,0.541,0.218,0.137,0.317,0.802,0.204,0.198,0.036
457,0.612,0.606,0.439,0.274,0.082,0.356,0.106,0.173,0.208,0.063,0.553,0.346,0.18,0.278,0.709,0.181,0.166,0.083
459,0.794,0.683,0.716,0.47,0.105,0.538,0.198,0.358,0.416,0.074,0.547,0.341,0.187,0.402,0.735,0.312,0.299,0.174
461,0.367,0.482,0.388,0.339,0.054,0.25,0.097,0.242,0.248,0.059,0.414,0.171,0.135,0.235,0.435,0.119,0.12,0.086
462,0.499,0.533,0.4,0.365,0.091,0.403,0.092,0.217,0.301,0.124,0.567,0.326,0.114,0.282,0.488,0.175,0.216,0.076
464,0.584,0.557,0.47,0.268,0.066,0.351,0.093,0.187,0.239,0.087,0.807,0.395,0.197,0.287,0.63,0.121,0.216,0.174
465,0.654,0.611,0.633,0.28,0.08,0.359,0.103,0.21,0.347,0.057,0.719,0.386,0.164,0.355,0.497,0.185,0.115,0.189
466,0.655,0.677,0.563,0.316,0.088,0.477,0.068,0.344,0.38,0.128,0.603,0.381,0.203,0.365,0.695,0.289,0.238,0.187
467,0.587,0.633,0.602,0.399,0.095,0.437,0.12,0.323,0.374,0.057,1.178,0.319,0.146,0.362,0.909,0.28,0.259,0.147
469,0.665,0.526,0.423,0.437,0.111,0.478,0.121,0.292,0.257,0.077,0.528,0.402,0.144,0.318,0.924,0.249,0.259,0.266
470,0.62,0.417,0.323,0.321,0.051,0.341,0.108,0.137,0.297,0.071,0.446,0.254,0.126,0.997,0.725,0.217,0.214,0.102
475,0.432,0.659,0.475,0.382,0.12,0.448,0.135,0.273,0.323,0.093,0.786,0.427,0.133,0.437,0.87,0.352,0.279,0.175
476,0.78,0.843,0.863,0.383,0.106,0.741,0.167,0.316,0.323,0.075,0.797,0.655,0.195,0.453,0.959,0.387,0.392,0.256
477,0.627,0.755,0.566,0.443,0.123,0.515,0.156,0.334,0.385,0.058,0.685,0.315,0.139,0.309,0.626,0.179,0.151,0.14
478,0.982,1.483,0.817,0.823,0.059,0.817,0.206,0.381,0.393,0.216,0.987,0.682,0.302,0.4,1.002,0.298,0.294,0.276
479,0.812,0.749,0.6,0.676,0.172,0.721,0.202,0.331,0.263,0.106,0.51,0.365,0.199,0.29,0.558,0.306,0.143,0.161
480,0.846,0.572,0.497,0.415,0.07,0.541,0.151,0.324,0.309,0.077,0.576,0.467,0.193,0.373,0.692,0.233,0.277,0.102
481,0.53,0.68,0.586,0.589,0.118,0.575,0.263,0.405,0.434,0.163,0.707,0.6,0.181,0.498,1.092,0.352,0.451,0.24
482,1.789,0.775,1.08,0.305,0.213,0.129,0.283,0.238,0.452,0.121,0.709,0.444,0.197,0.502,0.87,0.34,0.362,0.402
483,0.62,0.736,0.693,0.481,0.105,0.527,0.146,0.236,0.279,0.066,0.721,0.442,0.164,0.383,0.667,0.147,0.126,0.206
485,0.509,0.73,0.656,0.385,0.088,0.491,0.131,0.28,0.338,0.074,0.661,0.37,0.157,0.389,0.884,0.199,0.282,0.114
486,0.703,0.526,0.538,0.391,0.093,0.458,0.163,0.318,0.266,0.08,0.657,0.438,0.188,0.429,0.789,0.293,0.222,0.097
487,0.392,0.284,0.325,0.336,0.092,0.19,0.095,0.18,0.15,0.019,0.435,0.135,0.109,0.094,0.498,0.077,0.107,0.066
488,0.385,0.422,0.304,0.318,0.056,0.232,0.088,0.159,0.159,0.034,0.759,0.348,0.102,0.204,0.752,0.154,0.053,0.07
489,0.391,0.42,0.506,0.253,0.09,0.192,0.076,0.079,0.062,0.015,0.609,0.282,0.096,0.242,1.016,NA,0.323,0.247
490,0.338,0.49,0.538,0.295,0.087,0.272,0.036,0.152,0.2,0.027,0.586,0.268,0.104,0.185,0.618,0.138,0.098,0.189
492,0.424,0.481,0.518,0.353,0.12,0.36,0.101,0.239,0.202,0.074,0.413,0.318,0.094,0.29,0.491,0.183,0.212,0.103
493,0.772,0.796,0.407,0.286,0.117,0.271,0.097,0.182,0.212,0.094,0.584,0.169,0.064,0.172,0.757,0.21,0.15,0.196
494,0.32,0.507,0.632,0.302,0.102,0.369,0.063,0.22,0.237,0.019,0.518,0.253,0.183,0.237,0.549,0.323,0.269,0.23
495,0.646,0.695,0.522,0.309,0.065,0.402,0.097,0.185,0.342,0.033,0.543,0.335,0.178,0.208,0.669,0.2,0.118,0.107
496,0.489,0.486,0.442,0.367,0.063,0.361,0.101,0.248,0.317,0.067,0.635,0.325,0.206,0.349,0.733,0.232,0.155,0.138
498,0.75,0.916,0.457,0.664,0.187,0.66,0.221,0.356,0.638,0.09,1.075,0.612,0.157,0.283,1.006,0.173,0.294,0.287
499,0.61,0.633,0.485,0.467,0.071,0.501,0.129,0.321,0.342,0.044,0.583,0.297,0.114,0.219,0.966,0.213,0.168,0.1
502,0.502,0.677,0.508,0.407,0.123,0.503,0.157,0.307,0.3,0.126,0.456,0.313,0.192,0.351,0.622,0.182,0.257,0.146
503,0.629,0.717,0.557,0.444,0.112,0.381,0.105,0.219,0.211,0.056,1.027,0.322,0.243,0.36,0.507,0.325,0.177,0.126
504,0.602,0.572,0.435,0.323,0.087,0.338,0.108,0.298,0.238,0.101,0.378,0.207,0.146,0.284,0.483,0.205,0.14,0.092
505,0.604,0.69,0.573,0.245,0.062,0.45,0.148,0.346,0.3,0.076,0.498,0.313,0.148,0.31,0.697,0.169,0.286,0.165
506,0.515,0.569,0.322,0.367,0.082,0.379,0.139,0.22,0.192,0.066,0.836,0.255,0.065,0.205,0.662,0.191,0.204,0.059
507,0.693,0.518,0.334,0.313,0.083,0.406,0.142,0.216,0.26,0.064,0.696,0.245,0.168,0.365,0.635,0.162,0.153,0.099
508,0.368,0.354,0.253,0.134,0.04,0.226,0.053,0.094,0.093,0.007,0.465,0.121,0.041,0.13,0.453,0.071,0.045,0.147
509,0.555,0.472,0.398,0.296,0.073,0.363,0.09,0.185,0.209,0.049,0.669,0.198,0.134,0.251,0.422,0.157,0.092,0.137
510,0.675,0.551,0.42,0.398,0.084,0.484,0.141,0.271,0.352,0.077,0.584,0.434,0.199,0.462,0.697,0.307,0.31,0.186
511,0.51,0.562,0.462,0.513,0.112,0.375,0.109,0.307,0.288,0.089,0.447,0.201,0.144,0.319,0.658,0.142,0.23,0.183
512,0.469,0.417,0.25,0.281,0.107,0.325,0.119,0.205,0.22,0.062,0.439,0.213,0.09,0.195,0.602,0.152,0.31,0.257
513,0.38,0.38,0.411,0.28,0.124,0.303,0.099,0.232,0.227,0.163,0.189,0.187,0.147,0.191,0.3,0.102,0.101,0.205
514,0.85,0.648,0.639,0.526,0.177,0.336,0.072,0.074,0.161,0.132,NA,0.451,0.195,NA,0.433,0.249,0.211,0.218
515,0.523,1.271,0.941,0.529,0.13,1.739,0.261,0.433,0.313,0.183,2.09,0.399,0.161,0.515,0.806,0.23,0.077,0.113
518,0.842,0.778,0.601,0.665,0.214,0.587,0.173,0.52,0.393,0.122,0.815,0.511,0.189,0.315,0.825,0.344,0.276,0.14
519,0.685,0.981,0.773,0.574,0.138,0.462,0.178,0.451,0.291,0.121,0.753,0.283,0.177,0.347,0.688,0.188,0.174,0.119
521,0.849,0.817,0.632,0.445,0.124,0.57,0.173,0.362,0.538,0.124,0.654,0.461,0.173,0.258,0.868,0.418,0.184,0.075
522,0.791,0.83,0.522,0.505,0.118,0.427,0.224,0.381,0.433,0.086,0.456,0.364,0.262,0.192,0.902,0.13,0.434,0.224
524,0.737,0.71,0.385,0.349,0.124,0.574,0.147,0.293,0.351,0.075,0.418,0.394,0.107,0.376,0.75,0.183,0.101,0.057
525,0.692,0.701,0.545,0.513,0.106,0.634,0.167,0.429,0.375,0.105,0.666,0.3,0.192,0.37,0.881,0.232,0.232,0.091
527,0.746,0.673,0.931,0.454,0.142,0.535,0.119,0.224,0.305,0.096,1.052,0.501,0.177,0.296,0.803,0.215,0.217,0.221
528,0.468,0.535,0.439,0.347,0.106,0.392,0.109,0.252,0.248,0.087,0.449,0.209,0.14,0.198,0.356,0.158,0.2,0.102
529,0.587,0.525,0.55,0.423,0.106,0.449,0.147,0.213,0.334,0.047,0.492,0.395,0.156,0.316,0.699,0.202,0.168,0.09
530,0.579,0.563,0.506,0.358,0.084,0.432,0.112,0.261,0.265,0.039,0.469,0.364,0.147,0.324,0.723,0.198,0.136,0.099
532,0.845,0.661,0.509,0.376,0.124,0.53,0.16,0.313,0.277,0.079,0.585,0.35,0.158,0.299,0.615,0.228,0.203,0.174
533,0.471,0.542,0.455,0.479,0.063,0.437,0.084,0.198,0.201,0.065,0.745,0.364,0.2,0.296,0.514,0.238,0.26,0.292
535,0.805,0.731,0.496,0.51,0.107,0.508,0.186,0.253,0.266,0.052,0.444,0.349,0.165,0.372,0.689,0.244,0.17,0.225
536,0.591,0.603,0.563,0.385,0.096,0.412,0.084,0.26,0.279,0.048,0.528,0.366,0.257,0.421,0.921,0.297,0.404,0.14
537,0.365,0.648,0.327,0.403,0.117,0.334,0.09,0.275,0.234,0.069,0.923,0.167,0.167,0.238,0.617,0.122,0.047,0.357
540,0.603,0.723,0.432,0.395,0.119,0.488,0.156,0.274,0.368,0.056,0.742,0.425,0.158,0.398,0.82,0.284,0.236,0.163
542,0.483,0.764,0.396,0.305,0.114,0.369,0.069,0.23,0.18,0.088,0.675,0.326,0.1,0.172,0.599,0.096,0.132,0.11
543,0.555,0.693,0.521,0.405,0.115,0.473,0.142,0.301,0.09,0.02,0.605,0.358,0.115,0.309,0.599,0.281,0.237,0.187
544,0.449,0.486,0.646,0.567,0.14,0.475,0.096,0.147,0.111,0.055,0.735,0.393,0.114,0.217,0.544,0.173,0.104,0.111
548,0.965,1.196,0.525,0.809,0.221,0.854,0.205,0.459,0.38,0.142,0.592,0.731,0.249,0.469,1.367,0.297,0.421,0.383
549,0.727,0.693,0.453,0.361,0.088,0.519,0.155,0.19,0.403,0.144,0.771,0.432,0.221,0.36,0.767,0.242,0.171,0.109
550,0.986,0.881,NA,0.411,0.081,0.512,0.111,0.339,0.243,0.161,0.469,0.396,0.209,0.328,0.63,0.164,0.282,0.094
551,0.626,0.805,0.698,0.47,0.083,0.49,0.142,0.262,0.286,0.041,0.696,0.385,0.115,0.27,0.913,0.446,0.191,0.049
552,0.725,0.646,0.631,0.409,0.114,0.534,0.158,0.34,0.421,0.08,0.674,0.47,0.207,0.47,0.493,0.172,0.226,0.017
553,0.598,0.615,0.361,0.287,0.066,0.442,0.144,0.249,0.255,0.063,0.404,0.308,0.141,0.306,0.599,0.144,0.108,0.141
555,0.94,0.986,0.838,0.523,0.105,0.419,0.158,0.273,0.303,0.047,0.864,0.553,0.17,0.313,0.613,0.203,0.054,0.162
556,0.603,0.562,0.717,0.424,0.064,0.634,0.186,0.352,0.321,0.218,0.603,0.343,0.18,0.354,0.822,0.23,0.219,0.143
557,1.169,0.883,0.486,0.771,0.181,0.733,0.264,0.4,0.506,0.145,1.311,0.539,0.312,0.363,1.216,0.175,0.223,0.196
558,0.926,0.995,0.814,0.753,0.104,0.757,0.211,0.381,0.319,0.147,1.082,0.597,0.285,0.598,1.291,0.307,0.237,0.31
559,0.743,0.901,0.94,0.57,0.131,0.645,0.301,0.439,0.435,0.164,0.903,0.674,0.357,0.453,1.023,0.305,0.392,0.157
561,0.771,0.637,0.766,0.541,0.112,0.6,0.186,0.319,0.353,0.134,0.977,0.326,0.255,0.463,1.217,0.253,0.214,0.116
564,0.758,0.545,0.508,0.306,0.078,0.485,0.112,0.19,0.299,0.114,0.686,0.297,0.122,0.307,0.586,0.256,0.205,0.224
565,0.56,0.702,0.548,0.335,0.095,0.438,0.127,0.267,0.235,0.054,0.89,0.271,0.117,0.309,0.78,0.191,0.209,0.175
570,0.639,0.982,0.655,0.63,0.115,0.642,0.199,0.626,0.378,0.111,2.271,1.025,0.446,0.543,1.271,0.77,0.223,0.166
572,0.573,0.883,0.843,0.704,0.141,0.476,0.239,0.366,0.455,0.16,0.688,0.474,0.175,0.362,0.781,0.285,0.266,0.253
575,0.479,0.506,0.393,0.338,0.142,0.257,0.086,0.2,0.24,0.075,0.475,0.239,0.096,0.275,0.499,0.157,0.041,0.089
576,0.66,0.709,0.477,0.411,0.119,0.472,0.159,0.317,0.348,0.143,0.818,0.414,0.226,0.383,0.66,0.29,0.315,0.242
577,0.781,0.676,0.487,0.266,0.094,0.376,0.101,0.224,0.175,0.072,0.373,0.305,0.068,0.314,0.839,0.211,0.158,0.055
581,0.708,0.467,0.259,0.469,0.137,0.405,0.137,0.221,0.261,0.079,0.596,0.48,0.309,0.356,0.767,0.237,0.246,0.274
582,0.561,0.543,0.291,0.353,0.063,0.473,0.069,0.237,0.347,0.094,0.499,0.258,0.182,0.464,0.689,0.165,0.188,0.103
584,0.719,1.699,0.886,1.227,0.234,1.826,0.51,0.696,NA,0.122,2.553,1.68,0.893,1.274,2.818,0.141,0.641,NA
585,0.664,0.62,0.429,0.365,0.096,0.492,0.119,0.222,0.278,0.063,0.484,0.321,0.136,0.264,0.677,0.107,0.099,0.154
586,0.514,0.601,0.669,0.381,0.096,0.421,0.156,0.203,0.376,0.04,0.668,0.319,0.183,0.403,0.838,0.248,0.247,0.184
587,0.638,0.489,0.521,0.399,0.143,0.409,0.172,0.222,0.289,0.101,0.504,0.218,0.107,0.265,0.702,0.182,0.115,0.135
588,0.673,0.608,0.465,0.361,0.109,0.415,0.109,0.369,0.265,0.096,0.456,0.309,0.167,0.329,0.691,0.116,0.136,0.086
593,0.422,0.4,0.223,0.3,0.049,0.246,0.101,0.127,0.164,0.055,0.468,0.158,0.096,0.21,0.511,0.116,0.074,0.097
594,0.381,0.643,0.43,0.351,0.088,0.476,0.144,0.229,0.285,0.05,0.488,0.344,0.171,0.345,0.71,0.14,0.185,0.116
596,0.592,0.536,0.355,0.427,0.038,0.416,0.134,0.257,0.269,0.041,0.605,0.312,0.167,0.36,0.773,0.265,0.182,0.166
598,0.7,0.601,0.634,0.399,0.092,0.47,0.151,0.285,0.301,0.072,0.659,0.402,0.19,0.26,0.615,0.205,0.182,0.082
599,0.818,0.629,0.504,0.358,0.096,0.416,0.133,0.216,0.275,0.068,0.535,0.352,0.151,0.264,0.536,0.18,0.16,0.167
600,0.795,0.933,1.075,0.619,0.166,0.578,0.198,0.317,0.348,0.068,1.138,0.336,0.177,0.322,0.756,0.314,0.244,0.115
601,1.06,0.766,1.015,0.564,0.174,0.573,0.216,0.421,0.417,0.086,1.893,0.821,0.512,0.381,1.176,0.317,0.132,0.108
603,0.782,1.698,0.669,0.717,0.156,0.531,0.166,0.513,0.332,0.114,0.609,0.363,NA,0.51,0.788,0.257,0.209,0.23
605,0.45,0.699,0.449,0.38,0.108,0.493,0.164,0.242,0.328,0.101,0.679,0.372,0.195,0.3,0.697,0.172,0.176,0.163
607,0.729,0.777,0.596,0.497,0.091,0.385,0.138,0.33,0.372,0.08,0.649,0.338,0.128,0.393,0.578,0.198,0.25,0.164
608,0.77,1.105,0.694,0.494,0.135,0.356,0.201,0.348,0.448,0.086,1.683,0.71,0.293,0.55,1.021,0.371,0.53,0.184
609,0.711,0.516,0.588,0.438,0.083,0.435,0.118,0.26,0.297,0.109,0.57,0.516,0.217,0.354,0.891,0.325,0.316,0.094
