Ordering,rep,col,row,Sample_ID,Plant_ID,Male_parent,Planting_ID,Male_parent_pop,plant,BC_ID,Female,Male,Planting_ID1,PlantNo,BC_ID1,Susceptible_parent,F1,Susceptible_parent1
1,1,1,1,1_10B-75A-,1,10B,75A,1622,0,1613-10x1622-10B,1613-10,1622-10B,75A_0,Plant#0,1613-10_1622-10B,1613-10,1622-10B,10
2,1,1,2,4_10D-77A-14,4,10D,77A,1622,14,1613-10x1622-10D,1613-10,1622-10D,77A_14,Plant#14,1613-10_1622-10D,1613-10,1622-10D,10
3,1,1,3,5_10D-77A-11,5,10D,77A,1622,11,1613-10x1622-10D,1613-10,1622-10D,77A_11,Plant#11,1613-10_1622-10D,1613-10,1622-10D,10
4,1,1,4,6_10D-77A-12,6,10D,77A,1622,12,1613-10x1622-10D,1613-10,1622-10D,77A_12,Plant#12,1613-10_1622-10D,1613-10,1622-10D,10
5,1,1,5,7_10E-78A-1,7,10E,78A,1622,1,1613-10x1622-10E,1613-10,1622-10E,78A_1,Plant#1,1613-10_1622-10E,1613-10,1622-10E,10
6,1,1,6,9_11F-86A-2,9,11F,86A,1622,2,1613-11x1622-11F,1613-11,1622-11F,86A_2,Plant#2,1613-11_1622-11F,1613-11,1622-11F,11
7,1,1,7,12_11B-82A-10,12,11B,82A,1622,10,1613-11x1622-11B,1613-11,1622-11B,82A_10,Plant#10,1613-11_1622-11B,1613-11,1622-11B,11
8,1,1,8,13_11B-82A-18,13,11B,82A,1622,18,1613-11x1622-11B,1613-11,1622-11B,82A_18,Plant#18,1613-11_1622-11B,1613-11,1622-11B,11
9,1,1,9,14_11F-86A-11,14,11F,86A,1622,11,1613-11x1622-11F,1613-11,1622-11F,86A_11,Plant#11,1613-11_1622-11F,1613-11,1622-11F,11
10,1,1,10,15_13A-95A-1,15,13A,95A,1622,1,1613-13x1622-13A,1613-13,1622-13A,95A_1,Plant#1,1613-13_1622-13A,1613-13,1622-13A,13
11,1,1,11,16_13C-96A-1,16,13C,96A,1622,1,1613-13x1622-13C,1613-13,1622-13C,96A_1,Plant#1,1613-13_1622-13C,1613-13,1622-13C,13
12,1,1,12,17_13D-97A-1,17,13D,97A,1622,1,1613-13x1622-13D,1613-13,1622-13D,97A_1,Plant#1,1613-13_1622-13D,1613-13,1622-13D,13
13,1,1,13,18_13D-97A-2,18,13D,97A,1622,2,1613-13x1622-13D,1613-13,1622-13D,97A_2,Plant#2,1613-13_1622-13D,1613-13,1622-13D,13
14,1,1,14,19_13F-99A-2,19,13F,99A,1622,2,1613-13x1622-13F,1613-13,1622-13F,99A_2,Plant#2,1613-13_1622-13F,1613-13,1622-13F,13
15,1,1,15,20_14C-104A-8,20,14C,104A,1622,8,1613-14x1622-14C,1613-14,1622-14C,104A_8,plant#8,1613-14_1622-14C,1613-14,1622-14C,14
16,1,1,16,22_14K-107A-2,22,14K,107A,1622,2,1613-14x1622-14K,1613-14,1622-14K,107A_2,Plant#2,1613-14_1622-14K,1613-14,1622-14K,14
17,1,1,17,23_15I-114A-1,23,15I,114A,1622,1,1613-15x1622-15I,1613-15,1622-15I,114A_1,Plant#1,1613-15_1622-15I,1613-15,1622-15I,15
18,1,1,18,24_15A-108A-1,24,15A,108A,1622,1,1613-15x1622-15A,1613-15,1622-15A,108A_1,Plant#1,1613-15_1622-15A,1613-15,1622-15A,15
19,1,1,19,25_15A-108A-9,25,15A,108A,1622,9,1613-15x1622-15A,1613-15,1622-15A,108A_9,Plant#9,1613-15_1622-15A,1613-15,1622-15A,15
20,1,2,1,26_15B-109A-1,26,15B,109A,1622,1,1613-15x1622-15B,1613-15,1622-15B,109A_1,Plant#1,1613-15_1622-15B,1613-15,1622-15B,15
21,1,2,2,27_15D-110A-1,27,15D,110A,1622,1,1613-15x1622-15D,1613-15,1622-15D,110A_1,Plant#1,1613-15_1622-15D,1613-15,1622-15D,15
22,1,2,3,28_15F-112A-8,28,15F,112A,1622,8,1613-15x1622-15F,1613-15,1622-15F,112A_8,plant#8,1613-15_1622-15F,1613-15,1622-15F,15
23,1,2,4,29_15G-113A-15,29,15G,113A,1622,15,1613-15x1622-15G,1613-15,1622-15G,113A_15,Plant#15,1613-15_1622-15G,1613-15,1622-15G,15
24,1,2,5,30_15G-113A-1,30,15G,113A,1622,1,1613-15x1622-15G,1613-15,1622-15G,113A_1,Plant#1,1613-15_1622-15G,1613-15,1622-15G,15
25,1,2,6,32_15J-115A-2,32,15J,115A,1622,2,1613-15x1622-15J,1613-15,1622-15J,115A_2,Plant#2,1613-15_1622-15J,1613-15,1622-15J,15
26,1,2,7,33_15L-116A-1,33,15L,116A,1622,1,1613-15x1622-15L,1613-15,1622-15L,116A_1,Plant#1,1613-15_1622-15L,1613-15,1622-15L,15
27,1,2,8,34_15-113B-2,34,15,113B,1613,2,1613-15Gx1622-15,1613-15,1622-15G,113B_2,Plant#2,1613-15_1622-15G,1613-15,1622-15G,15
28,1,2,9,36_15G-113A-8,36,15G,113A,1622,8,1613-15x1622-15G,1613-15,1622-15G,113A_8,plant#8,1613-15_1622-15G,1613-15,1622-15G,15
29,1,2,10,37_16E-121A-1,37,16E,121A,1622,1,1613-16x1622-16E,1613-16,1622-16E,121A_1,Plant#1,1613-16_1622-16E,1613-16,1622-16E,16
30,1,2,11,40_16D-120A-1,40,16D,120A,1622,1,1613-16x1622-16D,1613-16,1622-16D,120A_1,Plant#1,1613-16_1622-16D,1613-16,1622-16D,16
31,1,2,12,41_16D-120A-2,41,16D,120A,1622,2,1613-16x1622-16D,1613-16,1622-16D,120A_2,Plant#2,1613-16_1622-16D,1613-16,1622-16D,16
32,1,2,13,42_16E-121A-2,42,16E,121A,1622,2,1613-16x1622-16E,1613-16,1622-16E,121A_2,Plant#2,1613-16_1622-16E,1613-16,1622-16E,16
33,1,2,14,44_17E-129A-1,44,17E,129A,1622,1,1613-17x1622-17E,1613-17,1622-17E,129A_1,Plant#1,1613-17_1622-17E,1613-17,1622-17E,17
34,1,2,15,46_17F-130A-1,46,17F,130A,1622,1,1613-17x1622-17F,1613-17,1622-17F,130A_1,Plant#1,1613-17_1622-17F,1613-17,1622-17F,17
35,1,2,16,47_17F-130A-2,47,17F,130A,1622,2,1613-17x1622-17F,1613-17,1622-17F,130A_2,Plant#2,1613-17_1622-17F,1613-17,1622-17F,17
36,1,2,17,48_17L-136A-,48,17L,136A,1622,0,1613-17x1622-17L,1613-17,1622-17L,136A_0,Plant#0,1613-17_1622-17L,1613-17,1622-17L,17
37,1,2,18,49_18E-141A-1,49,18E,141A,1622,1,1613-18x1622-18E,1613-18,1622-18E,141A_1,Plant#1,1613-18_1622-18E,1613-18,1622-18E,18
38,1,2,19,50_18A-137A-8,50,18A,137A,1622,8,1613-18x1622-18A,1613-18,1622-18A,137A_8,plant#8,1613-18_1622-18A,1613-18,1622-18A,18
39,1,3,1,51_18C-139A-2,51,18C,139A,1622,2,1613-18x1622-18C,1613-18,1622-18C,139A_2,Plant#2,1613-18_1622-18C,1613-18,1622-18C,18
40,1,3,2,52_18C-139A-8,52,18C,139A,1622,8,1613-18x1622-18C,1613-18,1622-18C,139A_8,plant#8,1613-18_1622-18C,1613-18,1622-18C,18
41,1,3,3,53_18D-140A-1,53,18D,140A,1622,1,1613-18x1622-18D,1613-18,1622-18D,140A_1,Plant#1,1613-18_1622-18D,1613-18,1622-18D,18
42,1,3,4,54_18D-140A-2,54,18D,140A,1622,2,1613-18x1622-18D,1613-18,1622-18D,140A_2,Plant#2,1613-18_1622-18D,1613-18,1622-18D,18
43,1,3,5,55_18E-141A-2,55,18E,141A,1622,2,1613-18x1622-18E,1613-18,1622-18E,141A_2,Plant#2,1613-18_1622-18E,1613-18,1622-18E,18
44,1,3,6,56_18F-142A-1,56,18F,142A,1622,1,1613-18x1622-18F,1613-18,1622-18F,142A_1,Plant#1,1613-18_1622-18F,1613-18,1622-18F,18
45,1,3,7,57_18F-142A-2,57,18F,142A,1622,2,1613-18x1622-18F,1613-18,1622-18F,142A_2,Plant#2,1613-18_1622-18F,1613-18,1622-18F,18
46,1,3,8,59_19C-149A-1,59,19C,149A,1622,1,1613-19x1622-19C,1613-19,1622-19C,149A_1,Plant#1,1613-19_1622-19C,1613-19,1622-19C,19
47,1,3,9,60_19C-149A-2,60,19C,149A,1622,2,1613-19x1622-19C,1613-19,1622-19C,149A_2,Plant#2,1613-19_1622-19C,1613-19,1622-19C,19
48,1,3,10,62_2-4A-1,62,2,4A,1613,1,1613-2x1622-2D,1613-2,1622-2D,4A_1,Plant#1,1613-2_1622-2D,1613-2,1622-2D,2
49,1,3,11,63_2C-3A-2,63,2C,3A,1622,2,1613-2x1622-2C,1613-2,1622-2C,3A_2,Plant#2,1613-2_1622-2C,1613-2,1622-2C,2
50,1,3,12,64_2D-4A-2,64,2D,4A,1622,2,1613-2x1622-2D,1613-2,1622-2D,4A_2,Plant#2,1613-2_1622-2D,1613-2,1622-2D,2
51,1,3,13,65_2E-5A-2,65,2E,5A,1622,2,1613-2x1622-2E,1613-2,1622-2E,5A_2,Plant#2,1613-2_1622-2E,1613-2,1622-2E,2
52,1,3,14,66_2L-9A-1,66,2L,9A,1622,1,1613-2x1622-2L,1613-2,1622-2L,9A_1,Plant#1,1613-2_1622-2L,1613-2,1622-2L,2
53,1,3,15,67_20H-161A-2,67,20H,161A,1622,2,1613-20x1622-20H,1613-20,1622-20H,161A_2,Plant#2,1613-20_1622-20H,1613-20,1622-20H,20
54,1,3,16,68_20H-161A-17-1,68,20H,161A,1622,17-1,1613-20x1622-20H,1613-20,1622-20H,161A_17-1,Plant#17,1613-20_1622-20H,1613-20,1622-20H,20
55,1,3,17,69_20H-161A-2,69,20H,161A,1622,2,1613-20x1622-20H,1613-20,1622-20H,161A_2,Plant#2,1613-20_1622-20H,1613-20,1622-20H,20
56,1,3,18,70_21A-166A-2,70,21A,166A,1622,2,1613-21x1622-21A,1613-21,1622-21A,166A_2,Plant#2,1613-21_1622-21A,1613-21,1622-21A,21
57,1,3,19,72_21G-169A-1,72,21G,169A,1622,1,1613-21x1622-21G,1613-21,1622-21G,169A_1,Plant#1,1613-21_1622-21G,1613-21,1622-21G,21
58,1,4,1,74_21K-171A-9,74,21K,171A,1622,9,1613-21x1622-21K,1613-21,1622-21K,171A_9,Plant#9,1613-21_1622-21K,1613-21,1622-21K,21
59,1,4,2,76_21K-171A-1,76,21K,171A,1622,1,1613-21x1622-21K,1613-21,1622-21K,171A_1,Plant#1,1613-21_1622-21K,1613-21,1622-21K,21
60,1,4,3,77_22I-179A-1,77,22I,179A,1622,1,1613-22x1622-22I,1613-22,1622-22I,179A_1,Plant#1,1613-22_1622-22I,1613-22,1622-22I,22
61,1,4,4,79_22I-179A-2,79,22I,179A,1622,2,1613-22x1622-22I,1613-22,1622-22I,179A_2,Plant#2,1613-22_1622-22I,1613-22,1622-22I,22
62,1,4,5,81_22F-176A-2,81,22F,176A,1622,2,1613-22x1622-22F,1613-22,1622-22F,176A_2,Plant#2,1613-22_1622-22F,1613-22,1622-22F,22
63,1,4,6,82_22F-176A-8,82,22F,176A,1622,8,1613-22x1622-22F,1613-22,1622-22F,176A_8,plant#8,1613-22_1622-22F,1613-22,1622-22F,22
64,1,4,7,83_22F-176A-9,83,22F,176A,1622,9,1613-22x1622-22F,1613-22,1622-22F,176A_9,Plant#9,1613-22_1622-22F,1613-22,1622-22F,22
65,1,4,8,85_22H-178A-2,85,22H,178A,1622,2,1613-22x1622-22H,1613-22,1622-22H,178A_2,Plant#2,1613-22_1622-22H,1613-22,1622-22H,22
66,1,4,9,87_23C-183A-10,87,23C,183A,1622,10,1613-23x1622-23C,1613-23,1622-23C,183A_10,Plant#10,1613-23_1622-23C,1613-23,1622-23C,23
67,1,4,10,88_23C-183A-12,88,23C,183A,1622,12,1613-23x1622-23C,1613-23,1622-23C,183A_12,Plant#12,1613-23_1622-23C,1613-23,1622-23C,23
68,1,4,11,89_23D-184A-1,89,23D,184A,1622,1,1613-23x1622-23D,1613-23,1622-23D,184A_1,Plant#1,1613-23_1622-23D,1613-23,1622-23D,23
69,1,4,12,90_23D-184A-2,90,23D,184A,1622,2,1613-23x1622-23D,1613-23,1622-23D,184A_2,Plant#2,1613-23_1622-23D,1613-23,1622-23D,23
70,1,4,13,92_25I-189A-,92,25I,189A,1622,0,1613-25x1622-25I,1613-25,1622-25I,189A_0,Plant#0,1613-25_1622-25I,1613-25,1622-25I,25
71,1,4,14,93_25I-189A-1,93,25I,189A,1622,1,1613-25x1622-25I,1613-25,1622-25I,189A_1,Plant#1,1613-25_1622-25I,1613-25,1622-25I,25
72,1,4,15,94_26A-192A-1,94,26A,192A,1622,1,1613-26x1622-26A,1613-26,1622-26A,192A_1,Plant#1,1613-26_1622-26A,1613-26,1622-26A,26
73,1,4,16,95_26A-192A-2,95,26A,192A,1622,2,1613-26x1622-26A,1613-26,1622-26A,192A_2,Plant#2,1613-26_1622-26A,1613-26,1622-26A,26
74,1,4,17,96_26D-195A-9,96,26D,195A,1622,9,1613-26x1622-26D,1613-26,1622-26D,195A_9,Plant#9,1613-26_1622-26D,1613-26,1622-26D,26
75,1,4,18,97_26D-195A-13,97,26D,195A,1622,13,1613-26x1622-26D,1613-26,1622-26D,195A_13,Plant#13,1613-26_1622-26D,1613-26,1622-26D,26
76,1,4,19,98_26D-195A-15,98,26D,195A,1622,15,1613-26x1622-26D,1613-26,1622-26D,195A_15,Plant#15,1613-26_1622-26D,1613-26,1622-26D,26
77,1,5,1,100_26D-195A-16,100,26D,195A,1622,16,1613-26x1622-26D,1613-26,1622-26D,195A_16,Plant#16,1613-26_1622-26D,1613-26,1622-26D,26
78,1,5,2,101_26E-196A-2,101,26E,196A,1622,2,1613-26x1622-26E,1613-26,1622-26E,196A_2,Plant#2,1613-26_1622-26E,1613-26,1622-26E,26
79,1,5,3,104_28B-204A-1,104,28B,204A,1622,1,1613-28x1622-28B,1613-28,1622-28B,204A_1,Plant#1,1613-28_1622-28B,1613-28,1622-28B,28
80,1,5,4,107_28D-206A-9,107,28D,206A,1622,9,1613-28x1622-28D,1613-28,1622-28D,206A_9,Plant#9,1613-28_1622-28D,1613-28,1622-28D,28
81,1,5,5,108_28D-206A-11,108,28D,206A,1622,11,1613-28x1622-28D,1613-28,1622-28D,206A_11,Plant#11,1613-28_1622-28D,1613-28,1622-28D,28
82,1,5,6,111_29C-213A-2,111,29C,213A,1622,2,1613-29x1622-29C,1613-29,1622-29C,213A_2,Plant#2,1613-29_1622-29C,1613-29,1622-29C,29
83,1,5,7,112_2-4B-1,112,2,4B,1613,1,1613-2Dx1613-2,1613-2D,1613-2,4B_1,Plant#1,1613-2_1613-2D,1613-2,1613-2D,2
84,1,5,8,113_3C-11A-2,113,3C,11A,1622,2,1613-3x1622-3C,1613-3,1622-3C,11A_2,Plant#2,1613-3_1622-3C,1613-3,1622-3C,3
85,1,5,9,115_3D-12A-2,115,3D,12A,1622,2,1613-3x1622-3D,1613-3,1622-3D,12A_2,Plant#2,1613-3_1622-3D,1613-3,1622-3D,3
86,1,5,10,116_3F-13A-,116,3F,13A,1622,0,1613-3x1622-3F,1613-3,1622-3F,13A_0,Plant#0,1613-3_1622-3F,1613-3,1622-3F,3
87,1,5,11,117_3H-14A-2,117,3H,14A,1622,2,1613-3x1622-3H,1613-3,1622-3H,14A_2,Plant#2,1613-3_1622-3H,1613-3,1622-3H,3
88,1,5,12,118_3J-16A-1,118,3J,16A,1622,1,1613-3x1622-3J,1613-3,1622-3J,16A_1,Plant#1,1613-3_1622-3J,1613-3,1622-3J,3
89,1,5,13,119_3J-16A-2,119,3J,16A,1622,2,1613-3x1622-3J,1613-3,1622-3J,16A_2,Plant#2,1613-3_1622-3J,1613-3,1622-3J,3
90,1,5,14,120_30A-218A-2,120,30A,218A,1622,2,1613-30x1622-30A,1613-30,1622-30A,218A_2,Plant#2,1613-30_1622-30A,1613-30,1622-30A,30
91,1,5,15,121_30A-218A-8,121,30A,218A,1622,8,1613-30x1622-30A,1613-30,1622-30A,218A_8,plant#8,1613-30_1622-30A,1613-30,1622-30A,30
92,1,5,16,123_30E-222A-2,123,30E,222A,1622,2,1613-30x1622-30E,1613-30,1622-30E,222A_2,Plant#2,1613-30_1622-30E,1613-30,1622-30E,30
93,1,5,17,124_30L-228A-2,124,30L,228A,1622,2,1613-30x1622-30L,1613-30,1622-30L,228A_2,Plant#2,1613-30_1622-30L,1613-30,1622-30L,30
94,1,5,18,125_30B-219A-2,125,30B,219A,1622,2,1613-30x1622-30B,1613-30,1622-30B,219A_2,Plant#2,1613-30_1622-30B,1613-30,1622-30B,30
95,1,5,19,126_32D-236A-,126,32D,236A,1622,0,1613-32x1622-32D,1613-32,1622-32D,236A_0,Plant#0,1613-32_1622-32D,1613-32,1622-32D,32
96,1,6,1,128_4B-18A-1,128,4B,18A,1622,1,1613-4x1622-4B,1613-4,1622-4B,18A_1,Plant#1,1613-4_1622-4B,1613-4,1622-4B,4
97,1,6,2,129_4C-19A-2,129,4C,19A,1622,2,1613-4x1622-4C,1613-4,1622-4C,19A_2,Plant#2,1613-4_1622-4C,1613-4,1622-4C,4
98,1,6,3,130_4D-20A-8,130,4D,20A,1622,8,1613-4x1622-4D,1613-4,1622-4D,20A_8,plant#8,1613-4_1622-4D,1613-4,1622-4D,4
99,1,6,4,131_4G-23A-1,131,4G,23A,1622,1,1613-4x1622-4G,1613-4,1622-4G,23A_1,Plant#1,1613-4_1622-4G,1613-4,1622-4G,4
100,1,6,5,133_4L-27A-2,133,4L,27A,1622,2,1613-4x1622-4L,1613-4,1622-4L,27A_2,Plant#2,1613-4_1622-4L,1613-4,1622-4L,4
101,1,6,6,134_4L-27A-,134,4L,27A,1622,0,1613-4x1622-4L,1613-4,1622-4L,27A_0,Plant#0,1613-4_1622-4L,1613-4,1622-4L,4
102,1,6,7,135_5A-28A-1,135,5A,28A,1622,1,1613-5x16225A,1613-5,16225A,28A_1,Plant#1,1613-5_16225A,1613-5,16225A,5
103,1,6,8,138_5I-34A-8,138,5I,34A,1622,8,1613-5x1622-5I,1613-5,1622-5I,34A_8,plant#8,1613-5_1622-5I,1613-5,1622-5I,5
104,1,6,9,140_5B-29A-2,140,5B,29A,1622,2,1613-5x1622-5B,1613-5,1622-5B,29A_2,Plant#2,1613-5_1622-5B,1613-5,1622-5B,5
105,1,6,10,141_5E-31A-1,141,5E,31A,1622,1,1613-5x1622-5E,1613-5,1622-5E,31A_1,Plant#1,1613-5_1622-5E,1613-5,1622-5E,5
106,1,6,11,143_5F-32A-1,143,5F,32A,1622,1,1613-5x1622-5F,1613-5,1622-5F,32A_1,Plant#1,1613-5_1622-5F,1613-5,1622-5F,5
107,1,6,12,144_5F-32A-2,144,5F,32A,1622,2,1613-5x1622-5F,1613-5,1622-5F,32A_2,Plant#2,1613-5_1622-5F,1613-5,1622-5F,5
108,1,6,13,145_5G-33A-2,145,5G,33A,1622,2,1613-5x1622-5G,1613-5,1622-5G,33A_2,Plant#2,1613-5_1622-5G,1613-5,1622-5G,5
109,1,6,14,146_5L-37A-,146,5L,37A,1622,0,1613-5x1622-5L,1613-5,1622-5L,37A_0,Plant#0,1613-5_1622-5L,1613-5,1622-5L,5
110,1,6,15,147_6A-38A-1,147,6A,38A,1622,1,1613-6x1622-6A,1613-6,1622-6A,38A_1,Plant#1,1613-6_1622-6A,1613-6,1622-6A,6
111,1,6,16,149_6F-42A-8-1,149,6F,42A,1622,8-1,1613-6x1622-6F,1613-6,1622-6F,42A_8-1,plant#8,1613-6_1622-6F,1613-6,1622-6F,6
112,1,6,17,150_6F-42A-8-2,150,6F,42A,1622,8-2,1613-6x1622-6F,1613-6,1622-6F,42A_8-2,plant#8,1613-6_1622-6F,1613-6,1622-6F,6
113,1,6,18,151_6H-44A-2,151,6H,44A,1622,2,1613-6x1622-6H,1613-6,1622-6H,44A_2,Plant#2,1613-6_1622-6H,1613-6,1622-6H,6
114,1,6,19,152_6L-47A-2,152,6L,47A,1622,2,1613-6x1622-6L,1613-6,1622-6L,47A_2,Plant#2,1613-6_1622-6L,1613-6,1622-6L,6
115,1,7,1,153_6L-47A-9,153,6L,47A,1622,9,1613-6x1622-6L,1613-6,1622-6L,47A_9,Plant#9,1613-6_1622-6L,1613-6,1622-6L,6
116,1,7,2,155_17A-126A-2,155,17A,126A,1622,2,1613-7x1622-17A,1613-7,1622-17A,126A_2,Plant#2,1613-7_1622-17A,1613-7,1622-17A,7
117,1,7,3,156_7A-48A-1,156,7A,48A,1622,1,1613-7x1622-7A,1613-7,1622-7A,48A_1,Plant#1,1613-7_1622-7A,1613-7,1622-7A,7
118,1,7,4,157_7A-48A-2,157,7A,48A,1622,2,1613-7x1622-7A,1613-7,1622-7A,48A_2,Plant#2,1613-7_1622-7A,1613-7,1622-7A,7
119,1,7,5,158_7B-49A-8,158,7B,49A,1622,8,1613-7x1622-7B,1613-7,1622-7B,49A_8,plant#8,1613-7_1622-7B,1613-7,1622-7B,7
120,1,7,6,160_8B-59A-1,160,8B,59A,1622,1,1613-8x1622-8B,1613-8,1622-8B,59A_1,Plant#1,1613-8_1622-8B,1613-8,1622-8B,8
121,1,7,7,161_8-64A-2,161,8,64A,1613,2,1613-8x1622-8,1613-8,1622-8,64A_2,Plant#2,1613-8_1622-8,1613-8,1622-8,8
122,1,7,8,163_8A-58A-1,163,8A,58A,1622,1,1613-8x1622-8A,1613-8,1622-8A,58A_1,Plant#1,1613-8_1622-8A,1613-8,1622-8A,8
123,1,7,9,164_9F-69A-9,164,9F,69A,1622,9,1613-9x1622-9F,1613-9,1622-9F,69A_9,Plant#9,1613-9_1622-9F,1613-9,1622-9F,9
124,1,7,10,166_1-2B-1,166,1,2B,1613,1,1622-1Kx1613-1,1622-1K,1613-1,2B_1,Plant#1,1613-1_1622-1K,1613-1,1622-1K,1
125,1,7,11,168_10-76B-9,168,10,76B,1613,9,1622-10Cx1613-10,1622-10C,1613-10,76B_9,Plant#9,1613-10_1622-10C,1613-10,1622-10C,10
126,1,7,12,169_10-77B-8,169,10,77B,1613,8,1622-10Dx1613-10,1622-10D,1613-10,77B_8,plant#8,1613-10_1622-10D,1613-10,1622-10D,10
127,1,7,13,170_10-77B-13,170,10,77B,1613,13,1622-10Dx1613-10,1622-10D,1613-10,77B_13,Plant#13,1613-10_1622-10D,1613-10,1622-10D,10
128,1,7,14,172_10-77B-2,172,10,77B,1613,2,1622-10Dx1613-10,1622-10D,1613-10,77B_2,Plant#2,1613-10_1622-10D,1613-10,1622-10D,10
129,1,7,15,173_10-81B-2,173,10,81B,1613,2,1622-10Kx1613-10,1622-10K,1613-10,81B_2,Plant#2,1613-10_1622-10K,1613-10,1622-10K,10
130,1,7,16,175_11-84B-1,175,11,84B,1613,1,1622-11Dx1613-11,1622-11D,1613-11,84B_1,Plant#1,1613-11_1622-11D,1613-11,1622-11D,11
131,1,7,17,176_11-82B-8,176,11,82B,1613,8,1622-11Bx1613-11,1622-11B,1613-11,82B_8,plant#8,1613-11_1622-11B,1613-11,1622-11B,11
132,1,7,18,178_11-82B-13,178,11,82B,1613,13,1622-11Bx1613-11,1622-11B,1613-11,82B_13,Plant#13,1613-11_1622-11B,1613-11,1622-11B,11
133,1,7,19,183_11-87B-2,183,11,87B,1613,2,1622-11Gx1613-11,1622-11G,1613-11,87B_2,Plant#2,1613-11_1622-11G,1613-11,1622-11G,11
134,1,8,1,184_11-87B-,184,11,87B,1613,0,1622-11Gx1613-11,1622-11G,1613-11,87B_0,Plant#0,1613-11_1622-11G,1613-11,1622-11G,11
135,1,8,2,186_312-93B-1,186,12,93B,1613,1,1622-12Ex1613-12,1622-12E,1613-12,93B_1,Plant#1,1613-12_1622-12E,1613-12,1622-12E,12
136,1,8,3,187_313-101B-1,187,13,101B,1613,1,1622-13Hx1613-13,1622-13H,1613-13,101B_1,Plant#1,1613-13_1622-13H,1613-13,1622-13H,13
137,1,8,4,188_313-102B-1,188,13,102B,1613,1,1622-13Ix1613-13,1622-13I,1613-13,102B_1,Plant#1,1613-13_1622-13I,1613-13,1622-13I,13
138,1,8,5,189_313-102B-2,189,13,102B,1613,2,1622-13Ix1613-13,1622-13I,1613-13,102B_2,Plant#2,1613-13_1622-13I,1613-13,1622-13I,13
139,1,8,6,190_13-96B-2,190,13,96B,1613,2,1622-13Cx1613-13,1622-13C,1613-13,96B_2,Plant#2,1613-13_1622-13C,1613-13,1622-13C,13
140,1,8,7,191_13-100B-1,191,13,100B,1613,1,1622-13Gx1613-13,1622-13G,1613-13,100B_1,Plant#1,1613-13_1622-13G,1613-13,1622-13G,13
141,1,8,8,193_14-107B-1,193,14,107B,1613,1,1622-14Kx1613-14,1622-14K,1613-14,107B_1,Plant#1,1613-14_1622-14K,1613-14,1622-14K,14
142,1,8,9,194_14-103B-2,194,14,103B,1613,2,1622-14Ax1613-14,1622-14A,1613-14,103B_2,Plant#2,1613-14_1622-14A,1613-14,1622-14A,14
143,1,8,10,195_14-103B-8,195,14,103B,1613,8,1622-14Ax1613-14,1622-14A,1613-14,103B_8,plant#8,1613-14_1622-14A,1613-14,1622-14A,14
144,1,8,11,196_14-104B-1,196,14,104B,1613,1,1622-14Cx1613-14,1622-14C,1613-14,104B_1,Plant#1,1613-14_1622-14C,1613-14,1622-14C,14
145,1,8,12,198_14-107B-2,198,14,107B,1613,2,1622-14Kx1613-14,1622-14K,1613-14,107B_2,Plant#2,1613-14_1622-14K,1613-14,1622-14K,14
146,1,8,13,199_15-108B-2,199,15,108B,1613,2,1622-15Ax1613-15,1622-15A,1613-15,108B_2,Plant#2,1613-15_1622-15A,1613-15,1622-15A,15
147,1,8,14,200_15-109B-1,200,15,109B,1613,1,1613-15x1622-15B,1613-15,1622-15B,109B_1,Plant#1,1613-15_1622-15B,1613-15,1622-15B,15
148,1,8,15,201_15-109A-2,201,15,109A,1613,2,1622-15Bx1613-15,1622-15B,1613-15,109A_2,Plant#2,1613-15_1622-15B,1613-15,1622-15B,15
149,1,8,16,204_15-112B-11,204,15,112B,1613,11,1622-15Fx1613-15,1622-15F,1613-15,112B_11,Plant#11,1613-15_1622-15F,1613-15,1622-15F,15
150,1,8,17,206_16-118B-1,206,16,118B,1613,1,1622-16Bx1613-16,1622-16B,1613-16,118B_1,Plant#1,1613-16_1622-16B,1613-16,1622-16B,16
151,1,8,18,207_16-124B-1,207,16,124B,1613,1,1622-16Ix1613-16,1622-16I,1613-16,124B_1,Plant#1,1613-16_1622-16I,1613-16,1622-16I,16
152,1,8,19,208_16-124B-2,208,16,124B,1613,2,1622-16Ix1613-16,1622-16I,1613-16,124B_2,Plant#2,1613-16_1622-16I,1613-16,1622-16I,16
153,1,9,1,210_16-121B-1,210,16,121B,1613,1,1622-16Ex1613-16,1622-16E,1613-16,121B_1,Plant#1,1613-16_1622-16E,1613-16,1622-16E,16
154,1,9,2,211_16-121B-2,211,16,121B,1613,2,1622-16Ex1613-16,1622-16E,1613-16,121B_2,Plant#2,1613-16_1622-16E,1613-16,1622-16E,16
155,1,9,3,212_16-123B-8,212,16,123B,1613,8,1622-16Hx1613-16,1622-16H,1613-16,123B_8,plant#8,1613-16_1622-16H,1613-16,1622-16H,16
156,1,9,4,213_17-133B-2,213,17,133B,1613,2,1622-17Ix1613-17,1622-17I,1613-17,133B_2,Plant#2,1613-17_1622-17I,1613-17,1622-17I,17
157,1,9,5,214_17-136B-1,214,17,136B,1613,1,1622-17Lx1613-17,1622-17L,1613-17,136B_1,Plant#1,1613-17_1622-17L,1613-17,1622-17L,17
158,1,9,6,215_17-133B-1,215,17,133B,1613,1,1622-171x1613-17,1622-171,1613-17,133B_1,Plant#1,1613-17_1622-171,1613-17,1622-171,17
159,1,9,7,217_17-126B-9,217,17,126B,1613,9,1622-17Ax1613-17,1622-17A,1613-17,126B_9,Plant#9,1613-17_1622-17A,1613-17,1622-17A,17
160,1,9,8,218_17-131B-2,218,17,131B,1613,2,1622-17Gx1613-17,1622-17G,1613-17,131B_2,Plant#2,1613-17_1622-17G,1613-17,1622-17G,17
161,1,9,9,219_17-132B-1,219,17,132B,1613,1,1622-17Hx1613-17,1622-17H,1613-17,132B_1,Plant#1,1613-17_1622-17H,1613-17,1622-17H,17
162,1,9,10,220_17-132B-2,220,17,132B,1613,2,1622-17Hx1613-17,1622-17H,1613-17,132B_2,Plant#2,1613-17_1622-17H,1613-17,1622-17H,17
163,1,9,11,223_18-137B-2,223,18,137B,1613,2,1622-18Ax1613-18,1622-18A,1613-18,137B_2,Plant#2,1613-18_1622-18A,1613-18,1622-18A,18
164,1,9,12,224_18-139B-1,224,18,139B,1613,1,1622-18Cx1613-18,1622-18C,1613-18,139B_1,Plant#1,1613-18_1622-18C,1613-18,1622-18C,18
165,1,9,13,225_18-139B-2,225,18,139B,1613,2,1622-18Cx1613-18,1622-18C,1613-18,139B_2,Plant#2,1613-18_1622-18C,1613-18,1622-18C,18
166,1,9,14,226_18-140B-1,226,18,140B,1613,1,1622-18Dx1613-18,1622-18D,1613-18,140B_1,Plant#1,1613-18_1622-18D,1613-18,1622-18D,18
167,1,9,15,227_18-141B-,227,18,141B,1613,0,1622-18Ex1613-18,1622-18E,1613-18,141B_0,Plant#0,1613-18_1622-18E,1613-18,1622-18E,18
168,1,9,16,229_19-152B-2,229,19,152B,1613,2,1622-19Ix1613-19,1622-19I,1613-19,152B_2,Plant#2,1613-19_1622-19I,1613-19,1622-19I,19
169,1,9,17,230_19-148B-2,230,19,148B,1613,2,1622-19Bx1613-19,1622-19B,1613-19,148B_2,Plant#2,1613-19_1622-19B,1613-19,1622-19B,19
170,1,9,18,231_19-148B-10,231,19,148B,1613,10,1622-19Bx1613-19,1622-19B,1613-19,148B_10,Plant#10,1613-19_1622-19B,1613-19,1622-19B,19
171,1,9,19,232_19-148B-12,232,19,148B,1613,12,1622-19Bx1613-19,1622-19B,1613-19,148B_12,Plant#12,1613-19_1622-19B,1613-19,1622-19B,19
172,1,10,1,233_19-154B-2,233,19,154B,1613,2,1622-19Kx1613-19,1622-19K,1613-19,154B_2,Plant#2,1613-19_1622-19K,1613-19,1622-19K,19
173,1,10,2,234_1-2B-2,234,1,2B,1613,2,1622-1Kx1613-1,1622-1K,1613-1,2B_2,Plant#2,1613-1_1622-1K,1613-1,1622-1K,1
174,1,10,3,235_2-8B-1,235,2,8B,1613,1,1622-2Kx1613-2,1622-2K,1613-2,8B_1,Plant#1,1613-2_1622-2K,1613-2,1622-2K,2
175,1,10,4,236_20-162B-2,236,20,162B,1613,2,1622-20Ix1613-20,1622-20I,1613-20,162B_2,Plant#2,1613-20_1622-20I,1613-20,1622-20I,20
176,1,10,5,238_20-161B-8,238,20,161B,1613,8,1622-20Hx1613-20,1622-20H,1613-20,161B_8,plant#8,1613-20_1622-20H,1613-20,1622-20H,20
177,1,10,6,239_20-161B-9,239,20,161B,1613,9,1622-20Hx1613-20,1622-20H,1613-20,161B_9,Plant#9,1613-20_1622-20H,1613-20,1622-20H,20
178,1,10,7,240_20-161B-10,240,20,161B,1613,10,1622-20Hx1613-20,1622-20H,1613-20,161B_10,Plant#10,1613-20_1622-20H,1613-20,1622-20H,20
179,1,10,8,241_20-161B-12,241,20,161B,1613,12,1622-20Hx1613-20,1622-20H,1613-20,161B_12,Plant#12,1613-20_1622-20H,1613-20,1622-20H,20
180,1,10,9,242_20-164B-1,242,20,164B,1613,1,1622-20Kx1613-20,1622-20K,1613-20,164B_1,Plant#1,1613-20_1622-20K,1613-20,1622-20K,20
181,1,10,10,243_21-168B-1,243,21,168B,1613,1,1622-21Cx1613-21,1622-21C,1613-21,168B_1,Plant#1,1613-21_1622-21C,1613-21,1622-21C,21
182,1,10,11,244_21-168B-2,244,21,168B,1613,2,1622-21Cx1613-21,1622-21C,1613-21,168B_2,Plant#2,1613-21_1622-21C,1613-21,1622-21C,21
183,1,10,12,245_21-169B-1,245,21,169B,1613,1,1622-21Gx1613-21,1622-21G,1613-21,169B_1,Plant#1,1613-21_1622-21G,1613-21,1622-21G,21
184,1,10,13,247_22-176B-1,247,22,176B,1613,1,1622-22Fx1613-22,1622-22F,1613-22,176B_1,Plant#1,1613-22_1622-22F,1613-22,1622-22F,22
185,1,10,14,248_22-179B-1,248,22,179B,1613,1,1622-22Ix1613-22,1622-22I,1613-22,179B_1,Plant#1,1613-22_1622-22I,1613-22,1622-22I,22
186,1,10,15,249_22-173B-2,249,22,173B,1613,2,1622-22Bx1613-22,1622-22B,1613-22,173B_2,Plant#2,1613-22_1622-22B,1613-22,1622-22B,22
187,1,10,16,250_22-173B-,250,22,173B,1613,0,1622-22Bx1613-22,1622-22B,1613-22,173B_0,Plant#0,1613-22_1622-22B,1613-22,1622-22B,22
188,1,10,17,251_22-175B-2,251,22,175B,1613,2,1622-22Ex1613-22,1622-22E,1613-22,175B_2,Plant#2,1613-22_1622-22E,1613-22,1622-22E,22
189,1,10,18,252_22-176B-2,252,22,176B,1613,2,1622-22Fx1613-22,1622-22F,1613-22,176B_2,Plant#2,1613-22_1622-22F,1613-22,1622-22F,22
190,1,10,19,253_22-178B-1,253,22,178B,1613,1,1622-22Hx1613-22,1622-22H,1613-22,178B_1,Plant#1,1613-22_1622-22H,1613-22,1622-22H,22
191,1,11,1,255_23-184B-1,255,23,184B,1613,1,1622-23Dx1613-23,1622-23D,1613-23,184B_1,Plant#1,1613-23_1622-23D,1613-23,1622-23D,23
192,1,11,2,257_23-182B-10,257,23,182B,1613,10,1622-23Ax1613-23,1622-23A,1613-23,182B_10,Plant#10,1613-23_1622-23A,1613-23,1622-23A,23
193,1,11,3,258_23-183B-9,258,23,183B,1613,9,1622-23Cx1613-23,1622-23C,1613-23,183B_9,Plant#9,1613-23_1622-23C,1613-23,1622-23C,23
194,1,11,4,262_23-186B-9,262,23,186B,1613,9,1622-23Fx1613-23,1622-23F,1613-23,186B_9,Plant#9,1613-23_1622-23F,1613-23,1622-23F,23
195,1,11,5,263_25-188B-1,263,25,188B,1613,1,1622-25Cx1613-25,1622-25C,1613-25,188B_1,Plant#1,1613-25_1622-25C,1613-25,1622-25C,25
196,1,11,6,264_26-194B-1,264,26,194B,1613,1,1622-26Cx1613-26,1622-26C,1613-26,194B_1,Plant#1,1613-26_1622-26C,1613-26,1622-26C,26
197,1,11,7,265_26-195B-1,265,26,195B,1613,1,1622-26Dx1613-26,1622-26D,1613-26,195B_1,Plant#1,1613-26_1622-26D,1613-26,1622-26D,26
198,1,11,8,266_26-198B-1,266,26,198B,1613,1,1622-26Gx1613-26,1622-26G,1613-26,198B_1,Plant#1,1613-26_1622-26G,1613-26,1622-26G,26
199,1,11,9,267_26-193B-1,267,26,193B,1613,1,1622-26Bx1613-26,1622-26B,1613-26,193B_1,Plant#1,1613-26_1622-26B,1613-26,1622-26B,26
200,1,11,10,268_26-194B-2,268,26,194B,1613,2,1622-26Cx1613-26,1622-26C,1613-26,194B_2,Plant#2,1613-26_1622-26C,1613-26,1622-26C,26
201,1,11,11,269_26-194B-9,269,26,194B,1613,9,1622-26Cx1613-26,1622-26C,1613-26,194B_9,Plant#9,1613-26_1622-26C,1613-26,1622-26C,26
202,1,11,12,271_26-195B-10,271,26,195B,1613,10,1622-26Dx1613-26,1622-26D,1613-26,195B_10,Plant#10,1613-26_1622-26D,1613-26,1622-26D,26
203,1,11,13,272_26-195B-15,272,26,195B,1613,15,1622-26Dx1613-26,1622-26D,1613-26,195B_15,Plant#15,1613-26_1622-26D,1613-26,1622-26D,26
204,1,11,14,273_26-195B-12,273,26,195B,1613,12,1622-26Dx1613-26,1622-26D,1613-26,195B_12,Plant#12,1613-26_1622-26D,1613-26,1622-26D,26
205,1,11,15,274_26-196B-2,274,26,196B,1613,2,1622-26Ex1613-26,1622-26E,1613-26,196B_2,Plant#2,1613-26_1622-26E,1613-26,1622-26E,26
206,1,11,16,275_26-196B-,275,26,196B,1613,0,1622-26Ex1613-26,1622-26E,1613-26,196B_0,Plant#0,1613-26_1622-26E,1613-26,1622-26E,26
207,1,11,17,280_29-217B-1,280,29,217B,1613,1,1622-29Ix1613-29,1622-29I,1613-29,217B_1,Plant#1,1613-29_1622-29I,1613-29,1622-29I,29
208,1,11,18,282_29-214B-2,282,29,214B,1613,2,1622-29Dx1613-29,1622-29D,1613-29,214B_2,Plant#2,1613-29_1622-29D,1613-29,1622-29D,29
209,1,11,19,284_2-3B-1,284,2,3B,1613,1,1622-2Cx1613-2,1622-2C,1613-2,3B_1,Plant#1,1613-2_1622-2C,1613-2,1622-2C,2
210,1,12,1,285_2-3B-2,285,2,3B,1613,2,1622-2Cx1613-2,1622-2C,1613-2,3B_2,Plant#2,1613-2_1622-2C,1613-2,1622-2C,2
211,1,12,2,286_2-4B-2-A,286,2,4B,1613,2-A,1622-2Dx1613-2,1622-2D,1613-2,4B_2-A,Plant#2,1613-2_1622-2D,1613-2,1622-2D,2
212,1,12,3,287_2-4B-2-B,287,2,4B,1613,2-B,1622-2Dx1613-2,1622-2D,1613-2,4B_2-B,Plant#2,1613-2_1622-2D,1613-2,1622-2D,2
213,1,12,4,288_2-5B-2,288,2,5B,1613,2,1622-2Ex1613-2,1622-2E,1613-2,5B_2,Plant#2,1613-2_1622-2E,1613-2,1622-2E,2
214,1,12,5,291_30-227B-1,291,30,227B,1613,1,1622-30Kx1613-30,1622-30K,1613-30,227B_1,Plant#1,1613-30_1622-30K,1613-30,1622-30K,30
215,1,12,6,295_30-222B-2,295,30,222B,1613,2,1622-30Ex1613-30,1622-30E,1613-30,222B_2,Plant#2,1613-30_1622-30E,1613-30,1622-30E,30
216,1,12,7,296_30-223B-,296,30,223B,1613,0,1622-30Gx1613-30,1622-30G,1613-30,223B_0,Plant#0,1613-30_1622-30G,1613-30,1622-30G,30
217,1,12,8,297_30-224B-2,297,30,224B,1613,2,1622-30Hx1613-30,1622-30H,1613-30,224B_2,Plant#2,1613-30_1622-30H,1613-30,1622-30H,30
218,1,12,9,298_30-227B-,298,30,227B,1613,0,1622-30Kx1613-30,1622-30K,1613-30,227B_0,Plant#0,1613-30_1622-30K,1613-30,1622-30K,30
219,1,12,10,299_30-228B-1,299,30,228B,1613,1,1622-30Lx1613-30,1622-30L,1613-30,228B_1,Plant#1,1613-30_1622-30L,1613-30,1622-30L,30
220,1,12,11,300_32-240B-1,300,32,240B,1613,1,1622-32Hx1613-32,1622-32H,1613-32,240B_1,Plant#1,1613-32_1622-32H,1613-32,1622-32H,32
221,1,12,12,302_32-244B-1,302,32,244B,1613,1,1622-32Lx1613-32,1622-32L,1613-32,244B_1,Plant#1,1613-32_1622-32L,1613-32,1622-32L,32
222,1,12,13,303_3-11B-2,303,3,11B,1613,2,1622-3Cx1613-3,1622-3C,1613-3,11B_2,Plant#2,1613-3_1622-3C,1613-3,1622-3C,3
223,1,12,14,304_3-11B-1,304,3,11B,1613,1,1622-3Cx1613-3,1622-3C,1613-3,11B_1,Plant#1,1613-3_1622-3C,1613-3,1622-3C,3
224,1,12,15,305_3-13B-2,305,3,13B,1613,2,1622-3Fx1613-3,1622-3F,1613-3,13B_2,Plant#2,1613-3_1622-3F,1613-3,1622-3F,3
225,1,12,16,306_3-13B-9,306,3,13B,1613,9,1622-3Fx1613-3,1622-3F,1613-3,13B_9,Plant#9,1613-3_1622-3F,1613-3,1622-3F,3
226,1,12,17,307_3-16B-2,307,3,16B,1613,2,1622-3Jx1613-3,1622-3J,1613-3,16B_2,Plant#2,1613-3_1622-3J,1613-3,1622-3J,3
227,1,12,18,308_3-16B-11,308,3,16B,1613,11,1622-3Jx1613-3,1622-3J,1613-3,16B_11,Plant#11,1613-3_1622-3J,1613-3,1622-3J,3
228,1,12,19,309_3-17B-2,309,3,17B,1613,2,1622-3Kx1613-3,1622-3K,1613-3,17B_2,Plant#2,1613-3_1622-3K,1613-3,1622-3K,3
229,1,13,1,311_4-19B-1,311,4,19B,1613,1,1622-4Cx1613-4,1622-4C,1613-4,19B_1,Plant#1,1613-4_1622-4C,1613-4,1622-4C,4
230,1,13,2,312_4-21B-8,312,4,21B,1613,8,1622-4Ex1613-4,1622-4E,1613-4,21B_8,plant#8,1613-4_1622-4E,1613-4,1622-4E,4
231,1,13,3,314_4-24B-8,314,4,24B,1613,8,1622-4Hx1613-4,1622-4H,1613-4,24B_8,plant#8,1613-4_1622-4H,1613-4,1622-4H,4
232,1,13,4,315_4-25B-2,315,4,25B,1613,2,1622-4Jx1613-4,1622-4J,1613-4,25B_2,Plant#2,1613-4_1622-4J,1613-4,1622-4J,4
233,1,13,5,316_4-25B-1,316,4,25B,1613,1,1613-4x1622-4J,1622-4J,1613-4,25B_1,Plant#1,1622-4J_1613-4,1613-4,1622-4J,4
234,1,13,6,318_4-27B-1,318,4,27B,1613,1,1622-4Lx1613-4,1622-4L,1613-4,27B_1,Plant#1,1613-4_1622-4L,1613-4,1622-4L,4
235,1,13,7,319_5-34B-1,319,5,34B,1613,1,1622-5Ix1613-5,1622-5I,1613-5,34B_1,Plant#1,1613-5_1622-5I,1613-5,1622-5I,5
236,1,13,8,320_5-30B-1,320,5,30B,1613,1,1622-5Dx1613-5,1622-5D,1613-5,30B_1,Plant#1,1613-5_1622-5D,1613-5,1622-5D,5
237,1,13,9,321_5-31B-1,321,5,31B,1613,1,1622-5Ex1613-5,1622-5E,1613-5,31B_1,Plant#1,1613-5_1622-5E,1613-5,1622-5E,5
238,1,13,10,322_5-31B-2,322,5,31B,1613,2,1622-5Ex1613-5,1622-5E,1613-5,31B_2,Plant#2,1613-5_1622-5E,1613-5,1622-5E,5
239,1,13,11,324_5-33B-1,324,5,33B,1613,1,1622-5Gx1613-5,1622-5G,1613-5,33B_1,Plant#1,1613-5_1622-5G,1613-5,1622-5G,5
240,1,13,12,325_5-33B-2,325,5,33B,1613,2,1622-5Gx1613-5,1622-5G,1613-5,33B_2,Plant#2,1613-5_1622-5G,1613-5,1622-5G,5
241,1,13,13,326_6-47B-1,326,6,47B,1613,1,1622-6Lx1613-6,1622-6L,1613-6,47B_1,Plant#1,1613-6_1622-6L,1613-6,1622-6L,6
242,1,13,14,327_6-41B-1,327,6,41B,1613,1,1622-6Dx1613-6,1622-6D,1613-6,41B_1,Plant#1,1613-6_1622-6D,1613-6,1622-6D,6
243,1,13,15,328_6-41B-2,328,6,41B,1613,2,1622-6Dx1613-6,1622-6D,1613-6,41B_2,Plant#2,1613-6_1622-6D,1613-6,1622-6D,6
244,1,13,16,330_6-43B-10,330,6,43B,1613,10,1622-6Gx1613-6,1622-6G,1613-6,43B_10,Plant#10,1613-6_1622-6G,1613-6,1622-6G,6
245,1,13,17,331_6-44B-1,331,6,44B,1613,1,1622-6Hx1613-6,1622-6H,1613-6,44B_1,Plant#1,1613-6_1622-6H,1613-6,1622-6H,6
246,1,13,18,332_6-46B-1,332,6,46B,1613,1,1622-6Kx1613-6,1622-6K,1613-6,46B_1,Plant#1,1613-6_1622-6K,1613-6,1622-6K,6
247,1,13,19,333_6-47B-2,333,6,47B,1613,2,1622-6Lx1613-6,1622-6L,1613-6,47B_2,Plant#2,1613-6_1622-6L,1613-6,1622-6L,6
248,1,14,1,334_7-57B-1,334,7,57B,1613,1,1622-7Lx1613-7,1622-7L,1613-7,57B_1,Plant#1,1613-7_1622-7L,1613-7,1622-7L,7
249,1,14,2,335_7-48B-1,335,7,48B,1613,1,1622-7Ax1613-7,1622-7A,1613-7,48B_1,Plant#1,1613-7_1622-7A,1613-7,1622-7A,7
250,1,14,3,337_9-72B-1,337,9,72B,1613,1,1622-9Ix1613-9,1622-9I,1613-9,72B_1,Plant#1,1613-9_1622-9I,1613-9,1622-9I,9
251,1,14,4,338_9-67B-1,338,9,67B,1613,1,1622-9Dx1613-9,1622-9D,1613-9,67B_1,Plant#1,1613-9_1622-9D,1613-9,1622-9D,9
252,1,14,5,339_9-69B-1,339,9,69B,1613,1,1622-9Fx1613-9,1622-9F,1613-9,69B_1,Plant#1,1613-9_1622-9F,1613-9,1622-9F,9
253,1,14,6,342_9-70B-,342,9,70B,1613,0,1622-9Gx1613-9,1622-9G,1613-9,70B_0,Plant#0,1613-9_1622-9G,1613-9,1622-9G,9
254,1,14,7,343_10D-77A-7,343,10D,77A,1622,7,1613-10x1622-10D,1613-10,1622-10D,77A_7,Plant#7,1613-10_1622-10D,1613-10,1622-10D,10
255,1,14,8,344_11B-82A-4,344,11B,82A,1622,4,1613-11x1622-11B,1613-11,1622-11B,82A_4,Plant#4,1613-11_1622-11B,1613-11,1622-11B,11
256,1,14,9,350_14C-104A-4,350,14C,104A,1622,4,1613-14x1622-14C,1613-14,1622-14C,104A_4,Plant#4,1613-14_1622-14C,1613-14,1622-14C,14
257,1,14,10,351_14E-105A-4,351,14E,105A,1622,4,1613-14x1622-14E,1613-14,1622-14E,105A_4,Plant#4,1613-14_1622-14E,1613-14,1622-14E,14
258,1,14,11,353_14F-106A-3,353,14F,106A,1622,3,1613-14x1622-14F,1613-14,1622-14F,106A_3,Plant#3,1613-14_1622-14F,1613-14,1622-14F,14
259,1,14,12,354_15I-114A-4,354,15I,114A,1622,4,1613-15x1622-15I,1613-15,1622-15I,114A_4,Plant#4,1613-15_1622-15I,1613-15,1622-15I,15
260,1,14,13,355_15A-108A-6,355,15A,108A,1622,6,1613-15x1622-15A,1613-15,1622-15A,108A_6,Plant#6,1613-15_1622-15A,1613-15,1622-15A,15
261,1,14,14,356_15A-108A-3,356,15A,108A,1622,3,1613-15x1622-15A,1613-15,1622-15A,108A_3,Plant#3,1613-15_1622-15A,1613-15,1622-15A,15
262,1,14,15,357_15A-108A-7,357,15A,108A,1622,7,1613-15x1622-15A,1613-15,1622-15A,108A_7,Plant#7,1613-15_1622-15A,1613-15,1622-15A,15
263,1,14,16,358_15A-108A-4,358,15A,108A,1622,4,1613-15x1622-15A,1613-15,1622-15A,108A_4,Plant#4,1613-15_1622-15A,1613-15,1622-15A,15
264,1,14,17,360_15F-112A-3,360,15F,112A,1622,3,1613-15x1622-15F,1613-15,1622-15F,112A_3,Plant#3,1613-15_1622-15F,1613-15,1622-15F,15
265,1,14,18,361_15F-112A-6,361,15F,112A,1622,6,1613-15x1622-15F,1613-15,1622-15F,112A_6,Plant#6,1613-15_1622-15F,1613-15,1622-15F,15
266,1,14,19,362_15F-112A-7,362,15F,112A,1622,7,1613-15x1622-15F,1613-15,1622-15F,112A_7,Plant#7,1613-15_1622-15F,1613-15,1622-15F,15
267,1,15,1,363_15F-112A-5,363,15F,112A,1622,5,1613-15x1622-15F,1613-15,1622-15F,112A_5,Plant#5,1613-15_1622-15F,1613-15,1622-15F,15
268,1,15,2,364_15G-113A-4,364,15G,113A,1622,4,1613-15x1622-15G,1613-15,1622-15G,113A_4,Plant#4,1613-15_1622-15G,1613-15,1622-15G,15
269,1,15,3,366_17F-130A-5,366,17F,130A,1622,5,1613-17x1622-17F,1613-17,1622-17F,130A_5,Plant#5,1613-17_1622-17F,1613-17,1622-17F,17
270,1,15,4,367_17F-130A-6,367,17F,130A,1622,6,1613-17x1622-17F,1613-17,1622-17F,130A_6,Plant#6,1613-17_1622-17F,1613-17,1622-17F,17
271,1,15,5,368_17H-132A-6,368,17H,132A,1622,6,1613-17x1622-17H,1613-17,1622-17H,132A_6,Plant#6,1613-17_1622-17H,1613-17,1622-17H,17
272,1,15,6,369_17H-132A-4,369,17H,132A,1622,4,1613-17x1622-17H,1613-17,1622-17H,132A_4,Plant#4,1613-17_1622-17H,1613-17,1622-17H,17
273,1,15,7,370_18C-139A-4,370,18C,139A,1622,4,1613-18x1622-18C,1613-18,1622-18C,139A_4,Plant#4,1613-18_1622-18C,1613-18,1622-18C,18
274,1,15,8,371_18C-139A-6,371,18C,139A,1622,6,1613-18x1622-18C,1613-18,1622-18C,139A_6,Plant#6,1613-18_1622-18C,1613-18,1622-18C,18
275,1,15,9,372_18D-140A-6,372,18D,140A,1622,6,1613-18x1622-18D,1613-18,1622-18D,140A_6,Plant#6,1613-18_1622-18D,1613-18,1622-18D,18
276,1,15,10,373_18D-140A-7,373,18D,140A,1622,7,1613-18x1622-18D,1613-18,1622-18D,140A_7,Plant#7,1613-18_1622-18D,1613-18,1622-18D,18
277,1,15,11,374_18D-140A-4,374,18D,140A,1622,4,1613-18x1622-18D,1613-18,1622-18D,140A_4,Plant#4,1613-18_1622-18D,1613-18,1622-18D,18
278,1,15,12,375_18F-142A-3,375,18F,142A,1622,3,1613-18x1622-18F,1613-18,1622-18F,142A_3,Plant#3,1613-18_1622-18F,1613-18,1622-18F,18
279,1,15,13,376_18F-142A-4,376,18F,142A,1622,4,1613-18x1622-18F,1613-18,1622-18F,142A_4,Plant#4,1613-18_1622-18F,1613-18,1622-18F,18
280,1,15,14,378_19B-148A-3,378,19B,148A,1622,3,1613-19x1622-19B,1613-19,1622-19B,148A_3,Plant#3,1613-19_1622-19B,1613-19,1622-19B,19
281,1,15,15,379_19C-149A-7,379,19C,149A,1622,7,1613-19x1622-19C,1613-19,1622-19C,149A_7,Plant#7,1613-19_1622-19C,1613-19,1622-19C,19
282,1,15,16,380_19C-149A-4,380,19C,149A,1622,4,1613-19x1622-19C,1613-19,1622-19C,149A_4,Plant#4,1613-19_1622-19C,1613-19,1622-19C,19
283,1,15,17,381_19C-149A-5,381,19C,149A,1622,5,1613-19x1622-19C,1613-19,1622-19C,149A_5,Plant#5,1613-19_1622-19C,1613-19,1622-19C,19
284,1,15,18,382_19J-153A-6,382,19J,153A,1622,6,1613-19x1622-19J,1613-19,1622-19J,153A_6,Plant#6,1613-19_1622-19J,1613-19,1622-19J,19
285,1,15,19,383_19J-153A-5,383,19J,153A,1622,5,1613-19x1622-19J,1613-19,1622-19J,153A_5,Plant#5,1613-19_1622-19J,1613-19,1622-19J,19
286,1,16,1,384_19K-154A-3,384,19K,154A,1622,3,1613-19x1622-19K,1613-19,1622-19K,154A_3,Plant#3,1613-19_1622-19K,1613-19,1622-19K,19
287,1,16,2,385_19K-154A-5,385,19K,154A,1622,5,1613-19x1622-19K,1613-19,1622-19K,154A_5,Plant#5,1613-19_1622-19K,1613-19,1622-19K,19
288,1,16,3,386_2D-4A-4,386,2D,4A,1622,4,1613-2x1622-2D,1613-2,1622-2D,4A_4,Plant#4,1613-2_1622-2D,1613-2,1622-2D,2
289,1,16,4,387_2D-4A-3,387,2D,4A,1622,3,1613-2x1622-2D,1613-2,1622-2D,4A_3,Plant#3,1613-2_1622-2D,1613-2,1622-2D,2
290,1,16,5,389_20H-161A-3,389,20H,161A,1622,3,1613-20x1622-20H,1613-20,1622-20H,161A_3,Plant#3,1613-20_1622-20H,1613-20,1622-20H,20
291,1,16,6,390_20H-161A-6,390,20H,161A,1622,6,1613-20x1622-20H,1613-20,1622-20H,161A_6,Plant#6,1613-20_1622-20H,1613-20,1622-20H,20
292,1,16,7,391_20H-161A-7,391,20H,161A,1622,7,1613-20x1622-20H,1613-20,1622-20H,161A_7,Plant#7,1613-20_1622-20H,1613-20,1622-20H,20
293,1,16,8,392_21I-170A-4,392,21I,170A,1622,4,1613-21x1622-21I,1613-21,1622-21I,170A_4,Plant#4,1613-21_1622-21I,1613-21,1622-21I,21
294,1,16,9,393_21A-166A-3,393,21A,166A,1622,3,1613-21x1622-21A,1613-21,1622-21A,166A_3,Plant#3,1613-21_1622-21A,1613-21,1622-21A,21
295,1,16,10,397_22F-176A-4,397,22F,176A,1622,4,1613-22x1622-22F,1613-22,1622-22F,176A_4,Plant#4,1613-22_1622-22F,1613-22,1622-22F,22
296,1,16,11,400_22F-176A-7,400,22F,176A,1622,7,1613-22x1622-22F,1613-22,1622-22F,176A_7,Plant#7,1613-22_1622-22F,1613-22,1622-22F,22
297,1,16,12,401_22F-176A-3,401,22F,176A,1622,3,1613-22x1622-22F,1613-22,1622-22F,176A_3,Plant#3,1613-22_1622-22F,1613-22,1622-22F,22
298,1,16,13,402_22G-177A-3,402,22G,177A,1622,3,1613-22x1622-22G,1613-22,1622-22G,177A_3,Plant#3,1613-22_1622-22G,1613-22,1622-22G,22
299,1,16,14,404_23A-182A-4,404,23A,182A,1622,4,1613-23x1622-23A,1613-23,1622-23A,182A_4,Plant#4,1613-23_1622-23A,1613-23,1622-23A,23
300,1,16,15,405_23D-184A-6,405,23D,184A,1622,6,1613-23x1622-23D,1613-23,1622-23D,184A_6,Plant#6,1613-23_1622-23D,1613-23,1622-23D,23
301,1,16,16,406_23D-184A-7,406,23D,184A,1622,7,1613-23x1622-23D,1613-23,1622-23D,184A_7,Plant#7,1613-23_1622-23D,1613-23,1622-23D,23
302,1,16,17,408_23F-186A-7,408,23F,186A,1622,7,1613-23x1622-23F,1613-23,1622-23F,186A_7,Plant#7,1613-23_1622-23F,1613-23,1622-23F,23
303,1,16,18,409_26A-192A-4,409,26A,192A,1622,4,1613-26x1622-26A,1613-26,1622-26A,192A_4,Plant#4,1613-26_1622-26A,1613-26,1622-26A,26
304,1,16,19,410_26D-195A-3,410,26D,195A,1622,3,1613-26x1622-26D,1613-26,1622-26D,195A_3,Plant#3,1613-26_1622-26D,1613-26,1622-26D,26
305,1,17,1,411_26D-195A-4,411,26D,195A,1622,4,1613-26x1622-26D,1613-26,1622-26D,195A_4,Plant#4,1613-26_1622-26D,1613-26,1622-26D,26
306,1,17,2,413_26D-195A-8,413,26D,195A,1622,8,1613-26x1622-26D,1613-26,1622-26D,195A_8,Plant#8,1613-26_1622-26D,1613-26,1622-26D,26
307,1,17,3,414_26E-196A-5,414,26E,196A,1622,5,1613-26x1622-26E,1613-26,1622-26E,196A_5,Plant#5,1613-26_1622-26E,1613-26,1622-26E,26
308,1,17,4,416_26E-196A-4,416,26E,196A,1622,4,1613-26x1622-26E,1613-26,1622-26E,196A_4,Plant#4,1613-26_1622-26E,1613-26,1622-26E,26
309,1,17,5,420_28B-204A-5,420,28B,204A,1622,5,1613-28x1622-28B,1613-28,1622-28B,204A_5,Plant#5,1613-28_1622-28B,1613-28,1622-28B,28
310,1,17,6,421_28D-206A-3,421,28D,206A,1622,3,1613-28x1622-28D,1613-28,1622-28D,206A_3,Plant#3,1613-28_1622-28D,1613-28,1622-28D,28
311,1,17,7,422_28D-206A-6,422,28D,206A,1622,6,1613-28x1622-28D,1613-28,1622-28D,206A_6,Plant#6,1613-28_1622-28D,1613-28,1622-28D,28
312,1,17,8,423_28D-206A-7,423,28D,206A,1622,7,1613-28x1622-28D,1613-28,1622-28D,206A_7,Plant#7,1613-28_1622-28D,1613-28,1622-28D,28
313,1,17,9,425_28D-206A-4,425,28D,206A,1622,4,1613-28x1622-28D,1613-28,1622-28D,206A_4,Plant#4,1613-28_1622-28D,1613-28,1622-28D,28
314,1,17,10,427_29C-213A-5,427,29C,213A,1622,5,1613-29x1622-29C,1613-29,1622-29C,213A_5,Plant#5,1613-29_1622-29C,1613-29,1622-29C,29
315,1,17,11,428_29C-213A-6,428,29C,213A,1622,6,1613-29x1622-29C,1613-29,1622-29C,213A_6,Plant#6,1613-29_1622-29C,1613-29,1622-29C,29
316,1,17,12,432_3J-16A-3,432,3J,16A,1622,3,1613-3x1622-3J,1613-3,1622-3J,16A_3,Plant#3,1613-3_1622-3J,1613-3,1622-3J,3
317,1,17,13,435_30A-218A-5,435,30A,218A,1622,5,1613-30x1622-30A,1613-30,1622-30A,218A_5,Plant#5,1613-30_1622-30A,1613-30,1622-30A,30
318,1,17,14,436_30B-219A-4,436,30B,219A,1622,4,1613-30x1622-30B,1613-30,1622-30B,219A_4,Plant#4,1613-30_1622-30B,1613-30,1622-30B,30
319,1,17,15,437_30B-219A-7,437,30B,219A,1622,7,1613-30x1622-30B,1613-30,1622-30B,219A_7,Plant#7,1613-30_1622-30B,1613-30,1622-30B,30
320,1,17,16,438_30L-228A-4,438,30L,228A,1622,4,1613-30x1622-30L,1613-30,1622-30L,228A_4,Plant#4,1613-30_1622-30L,1613-30,1622-30L,30
321,1,17,17,439_30L-228A-3,439,30L,228A,1622,3,1613-30x1622-30L,1613-30,1622-30L,228A_3,Plant#3,1613-30_1622-30L,1613-30,1622-30L,30
322,1,17,18,440_31A-229A-3,440,31A,229A,1622,3,1613-31x1622-31A,1613-31,1622-31A,229A_3,Plant#3,1613-31_1622-31A,1613-31,1622-31A,31
323,1,17,19,441_31F-232A-5,441,31F,232A,1622,5,1613-31x1622-31F,1613-31,1622-31F,232A_5,Plant#5,1613-31_1622-31F,1613-31,1622-31F,31
324,1,18,1,442_31F-232A-6,442,31F,232A,1622,6,1613-31x1622-31F,1613-31,1622-31F,232A_6,Plant#6,1613-31_1622-31F,1613-31,1622-31F,31
325,1,18,2,446_5I-34A-4,446,5I,34A,1622,4,1613-5x1622-5I,1613-5,1622-5I,34A_4,Plant#4,1613-5_1622-5I,1613-5,1622-5I,5
326,1,18,3,447_5B-29A-3,447,5B,29A,1622,3,1613-5x1622-5B,1613-5,1622-5B,29A_3,Plant#3,1613-5_1622-5B,1613-5,1622-5B,5
327,1,18,4,449_5E-31A-5,449,5E,31A,1622,5,1613-5x1622-5E,1613-5,1622-5E,31A_5,Plant#5,1613-5_1622-5E,1613-5,1622-5E,5
328,1,18,5,450_5E-31A-6,450,5E,31A,1622,6,1613-5x1622-5E,1613-5,1622-5E,31A_6,Plant#6,1613-5_1622-5E,1613-5,1622-5E,5
329,1,18,6,451_5E-31A-7,451,5E,31A,1622,7,1613-5x1622-5E,1613-5,1622-5E,31A_7,Plant#7,1613-5_1622-5E,1613-5,1622-5E,5
330,1,18,7,452_5I-34A-3,452,5I,34A,1622,3,1613-5x1622-5I,1613-5,1622-5I,34A_3,Plant#3,1613-5_1622-5I,1613-5,1622-5I,5
331,1,18,8,453_6B-39A-6,453,6B,39A,1622,6,1613-6x1622-6B,1613-6,1622-6B,39A_6,Plant#6,1613-6_1622-6B,1613-6,1622-6B,6
332,1,18,9,454_6B-39A-4,454,6B,39A,1622,4,1613-6x1622-6B,1613-6,1622-6B,39A_4,Plant#4,1613-6_1622-6B,1613-6,1622-6B,6
333,1,18,10,456_6H-44A-4,456,6H,44A,1622,4,1613-6x1622-6H,1613-6,1622-6H,44A_4,Plant#4,1613-6_1622-6H,1613-6,1622-6H,6
334,1,18,11,457_7A-48A-3,457,7A,48A,1622,3,1613-7x1622-7A,1613-7,1622-7A,48A_3,Plant#3,1613-7_1622-7A,1613-7,1622-7A,7
335,1,18,12,459_9G-70A-4,459,9G,70A,1622,4,1613-9x1622-9G,1613-9,1622-9G,70A_4,Plant#4,1613-9_1622-9G,1613-9,1622-9G,9
336,1,18,13,461_10-76B-7,461,10,76B,1613,7,1622-10Cx1613-10,1622-10C,1613-10,76B_7,Plant#7,1613-10_1622-10C,1613-10,1622-10C,10
337,1,18,14,462_10-76B-8,462,10,76B,1613,8,1622-10Cx1613-10,1622-10C,1613-10,76B_8,Plant#8,1613-10_1622-10C,1613-10,1622-10C,10
338,1,18,15,464_10-77B-5,464,10,77B,1613,5,1622-10Dx1613-10,1622-10D,1613-10,77B_5,Plant#5,1613-10_1622-10D,1613-10,1622-10D,10
339,1,18,16,465_10-77B-6,465,10,77B,1613,6,1622-10Dx1613-10,1622-10D,1613-10,77B_6,Plant#6,1613-10_1622-10D,1613-10,1622-10D,10
340,1,18,17,466_10-77B-4,466,10,77B,1613,4,1622-10Dx1613-10,1622-10D,1613-10,77B_4,Plant#4,1613-10_1622-10D,1613-10,1622-10D,10
341,1,18,18,467_10-79B-4,467,10,79B,1613,4,1622-10Fx1613-10,1622-10F,1613-10,79B_4,Plant#4,1613-10_1622-10F,1613-10,1622-10F,10
342,1,18,19,469_10-81B-7,469,10,81B,1613,7,1622-10Kx1613-10,1622-10K,1613-10,81B_7,Plant#7,1613-10_1622-10K,1613-10,1622-10K,10
343,1,19,1,470_10-81B-5,470,10,81B,1613,5,1622-10Kx1613-10,1622-10K,1613-10,81B_5,Plant#5,1613-10_1622-10K,1613-10,1622-10K,10
344,1,19,2,475_11-86B-7,475,11,86B,1613,7,1622-11Fx1613-11,1622-11F,1613-11,86B_7,Plant#7,1613-11_1622-11F,1613-11,1622-11F,11
345,1,19,3,476_11-86B-5,476,11,86B,1613,5,1622-11Fx1613-11,1622-11F,1613-11,86B_5,Plant#5,1613-11_1622-11F,1613-11,1622-11F,11
346,1,19,4,477_11-86B-4,477,11,86B,1613,4,1622-11Fx1613-11,1622-11F,1613-11,86B_4,Plant#4,1613-11_1622-11F,1613-11,1622-11F,11
347,1,19,5,478_13-102B-4,478,13,102B,1613,4,1622-13Ix1613-13,1622-13I,1613-13,102B_4,Plant#4,1613-13_1622-13I,1613-13,1622-13I,13
348,1,19,6,479_13-99B-4,479,13,99B,1613,4,1622-13Fx1613-13,1622-13F,1613-13,99B_4,Plant#4,1613-13_1622-13F,1613-13,1622-13F,13
349,1,19,7,480_13-99B-3,480,13,99B,1613,3,1622-13Fx1613-13,1622-13F,1613-13,99B_3,Plant#3,1613-13_1622-13F,1613-13,1622-13F,13
350,1,19,8,481_13-100B-3,481,13,100B,1613,3,1622-13Gx1613-13,1622-13G,1613-13,100B_3,Plant#3,1613-13_1622-13G,1613-13,1622-13G,13
351,1,19,9,482_13-101B-5,482,13,101B,1613,5,1622-13Hx1613-13,1622-13H,1613-13,101B_5,Plant#5,1613-13_1622-13H,1613-13,1622-13H,13
352,1,19,10,483_14-103B-4,483,14,103B,1613,4,1622-14Ax1613-14,1622-14A,1613-14,103B_4,Plant#4,1613-14_1622-14A,1613-14,1622-14A,14
353,1,19,11,485_14-103B-7,485,14,103B,1613,7,1622-14Ax1613-14,1622-14A,1613-14,103B_7,Plant#7,1613-14_1622-14A,1613-14,1622-14A,14
354,1,19,12,486_14-103B-5,486,14,103B,1613,5,1622-14Ax1613-14,1622-14A,1613-14,103B_5,Plant#5,1613-14_1622-14A,1613-14,1622-14A,14
355,1,19,13,487_15-108B-6,487,15,108B,1613,6,1622-15Ax1613-15,1622-15A,1613-15,108B_6,Plant#6,1613-15_1622-15A,1613-15,1622-15A,15
356,1,19,14,488_15-108B-7,488,15,108B,1613,7,1622-15Ax1613-15,1622-15A,1613-15,108B_7,Plant#7,1613-15_1622-15A,1613-15,1622-15A,15
357,1,19,15,489_15-108B-4,489,15,108B,1613,4,1622-15Ax1613-15,1622-15A,1613-15,108B_4,Plant#4,1613-15_1622-15A,1613-15,1622-15A,15
358,1,19,16,490_15-108B-3,490,15,108B,1613,3,1622-15Ax1613-15,1622-15A,1613-15,108B_3,Plant#3,1613-15_1622-15A,1613-15,1622-15A,15
359,1,19,17,492_15-108B-5,492,15,108B,1613,5,1622-15Ax1613-15,1622-15A,1613-15,108B_5,Plant#5,1613-15_1622-15A,1613-15,1622-15A,15
360,1,19,18,493_15-112B-5,493,15,112B,1613,5,1622-15Fx1613-15,1622-15F,1613-15,112B_5,Plant#5,1613-15_1622-15F,1613-15,1622-15F,15
361,1,19,19,494_15-112B-4,494,15,112B,1613,4,1622-15Fx1613-15,1622-15F,1613-15,112B_4,Plant#4,1613-15_1622-15F,1613-15,1622-15F,15
362,1,20,1,495_15-113B-3,495,15,113B,1613,3,1622-15Gx1613-15,1622-15G,1613-15,113B_3,Plant#3,1613-15_1622-15G,1613-15,1622-15G,15
363,1,20,2,496_15-113B-5,496,15,113B,1613,5,1622-15Gx1613-15,1622-15G,1613-15,113B_5,Plant#5,1613-15_1622-15G,1613-15,1622-15G,15
364,1,20,3,498_16-124B-4,498,16,124B,1613,4,1622-16Ix1613-16,1622-16I,1613-16,124B_4,Plant#4,1613-16_1622-16I,1613-16,1622-16I,16
365,1,20,4,499_16-119B-7,499,16,119B,1613,7,1622-16Cx1613-16,1622-16C,1613-16,119B_7,Plant#7,1613-16_1622-16C,1613-16,1622-16C,16
366,1,20,5,502_17-133B-3,502,17,133B,1613,3,1622-17Ix1613-17,1622-17I,1613-17,133B_3,Plant#3,1613-17_1622-17I,1613-17,1622-17I,17
367,1,20,6,503_17-133B-5,503,17,133B,1613,5,1622-17Ix1613-17,1622-17I,1613-17,133B_5,Plant#5,1613-17_1622-17I,1613-17,1622-17I,17
368,1,20,7,504_18-139B-5,504,18,139B,1613,5,1622-18Cx1613-18,1622-18C,1613-18,139B_5,Plant#5,1613-18_1622-18C,1613-18,1622-18C,18
369,1,20,8,505_18-139B-6,505,18,139B,1613,6,1622-18Cx1613-18,1622-18C,1613-18,139B_6,Plant#6,1613-18_1622-18C,1613-18,1622-18C,18
370,1,20,9,506_18-139B-7,506,18,139B,1613,7,1622-18Cx1613-18,1622-18C,1613-18,139B_7,Plant#7,1613-18_1622-18C,1613-18,1622-18C,18
371,1,20,10,507_18-139B-4,507,18,139B,1613,4,1622-18Cx1613-18,1622-18C,1613-18,139B_4,Plant#4,1613-18_1622-18C,1613-18,1622-18C,18
372,1,20,11,508_18-139B-3,508,18,139B,1613,3,1622-18Cx1613-18,1622-18C,1613-18,139B_3,Plant#3,1613-18_1622-18C,1613-18,1622-18C,18
373,1,20,12,509_18-140B-3,509,18,140B,1613,3,1622-18Dx1613-18,1622-18D,1613-18,140B_3,Plant#3,1613-18_1622-18D,1613-18,1622-18D,18
374,1,20,13,510_18-147B-4,510,18,147B,1613,4,1622-18Lx1613-18,1622-18L,1613-18,147B_4,Plant#4,1613-18_1622-18L,1613-18,1622-18L,18
375,1,20,14,511_18-147B-3,511,18,147B,1613,3,1622-18Lx1613-18,1622-18L,1613-18,147B_3,Plant#3,1613-18_1622-18L,1613-18,1622-18L,18
376,1,20,15,512_19-148B-4,512,19,148B,1613,4,1622-19Bx1613-19,1622-19B,1613-19,148B_4,Plant#4,1613-19_1622-19B,1613-19,1622-19B,19
377,1,20,16,513_19-153B-3,513,19,153B,1613,3,1622-19Jx1613-19,1622-19J,1613-19,153B_3,Plant#3,1613-19_1622-19J,1613-19,1622-19J,19
378,1,20,17,514_15-153B-4,514,15,153B,1613,4,1622-19Jx1613-19,1622-19J,1613-19,153B_4,Plant#4,1613-19_1622-19J,1613-19,1622-19J,19
379,1,20,18,515_20-160B-4,515,20,160B,1613,4,1622-20Gx1613-20,1622-20G,1613-20,160B_4,Plant#4,1613-20_1622-20G,1613-20,1622-20G,20
380,1,20,19,518_20-161B-3,518,20,161B,1613,3,1622-20Hx1613-20,1622-20H,1613-20,161B_3,Plant#3,1613-20_1622-20H,1613-20,1622-20H,20
381,1,21,1,519_20-164B-5,519,20,164B,1613,5,1622-20Kx1613-20,1622-20K,1613-20,164B_5,Plant#5,1613-20_1622-20K,1613-20,1622-20K,20
382,1,21,2,521_21-169B-3,521,21,169B,1613,3,1622-21Gx1613-21,1622-21G,1613-21,169B_3,Plant#3,1613-21_1622-21G,1613-21,1622-21G,21
383,1,21,3,522_21-169B-4,522,21,169B,1613,4,1622-21Gx1613-21,1622-21G,1613-21,169B_4,Plant#4,1613-21_1622-21G,1613-21,1622-21G,21
384,1,21,4,524_21-169B-7,524,21,169B,1613,7,1622-21Gx1613-21,1622-21G,1613-21,169B_7,Plant#7,1613-21_1622-21G,1613-21,1622-21G,21
385,1,21,5,525_21-171B-4,525,21,171B,1613,4,1622-21Kx1613-21,1622-21K,1613-21,171B_4,Plant#4,1613-21_1622-21K,1613-21,1622-21K,21
386,1,21,6,527_22-179B-3,527,22,179B,1613,3,1622-22Ix1613-22,1622-22I,1613-22,179B_3,Plant#3,1613-22_1622-22I,1613-22,1622-22I,22
387,1,21,7,528_22-176B-3,528,22,176B,1613,3,1622-22Fx1613-22,1622-22F,1613-22,176B_3,Plant#3,1613-22_1622-22F,1613-22,1622-22F,22
388,1,21,8,529_22-176B-4,529,22,176B,1613,4,1622-22Fx1613-22,1622-22F,1613-22,176B_4,Plant#4,1613-22_1622-22F,1613-22,1622-22F,22
389,1,21,9,530_22-176B-5,530,22,176B,1613,5,1622-22Fx1613-22,1622-22F,1613-22,176B_5,Plant#5,1613-22_1622-22F,1613-22,1622-22F,22
390,1,21,10,532_22-178B-4,532,22,178B,1613,4,1622-22Hx1613-22,1622-22H,1613-22,178B_4,Plant#4,1613-22_1622-22H,1613-22,1622-22H,22
391,1,21,11,533_22-178B-3,533,22,178B,1613,3,1622-22Hx1613-22,1622-22H,1613-22,178B_3,Plant#3,1613-22_1622-22H,1613-22,1622-22H,22
392,1,21,12,535_22-178B-6,535,22,178B,1613,6,1622-22Hx1613-22,1622-22H,1613-22,178B_6,Plant#6,1613-22_1622-22H,1613-22,1622-22H,22
393,1,21,13,536_23-182B-4,536,23,182B,1613,4,1622-23Ax1613-23,1622-23A,1613-23,182B_4,Plant#4,1613-23_1622-23A,1613-23,1622-23A,23
394,1,21,14,537_23-182B-6,537,23,182B,1613,6,1622-23Ax1613-23,1622-23A,1613-23,182B_6,Plant#6,1613-23_1622-23A,1613-23,1622-23A,23
395,1,21,15,540_23-183B-3,540,23,183B,1613,3,1622-23Cx1613-23,1622-23C,1613-23,183B_3,Plant#3,1613-23_1622-23C,1613-23,1622-23C,23
396,1,21,16,542_23-184B-4,542,23,184B,1613,4,1622-23Dx1613-23,1622-23D,1613-23,184B_4,Plant#4,1613-23_1622-23D,1613-23,1622-23D,23
397,1,21,17,543_23-184B-3,543,23,184B,1613,3,1622-23Dx1613-23,1622-23D,1613-23,184B_3,Plant#3,1613-23_1622-23D,1613-23,1622-23D,23
398,1,21,18,544_23-184B-7,544,23,184B,1613,7,1622-23Dx1613-23,1622-23D,1613-23,184B_7,Plant#7,1613-23_1622-23D,1613-23,1622-23D,23
399,1,21,19,548_26-194B-8,548,26,194B,1613,8,1622-26Cx1613-26,1622-26C,1613-26,194B_8,Plant#8,1613-26_1622-26C,1613-26,1622-26C,26
400,1,22,1,549_26-195B-4,549,26,195B,1613,4,1622-26Dx1613-26,1622-26D,1613-26,195B_4,Plant#4,1613-26_1622-26D,1613-26,1622-26D,26
401,1,22,2,550_26-196B-4,550,26,196B,1613,4,1622-26Ex1613-26,1622-26E,1613-26,196B_4,Plant#4,1613-26_1622-26E,1613-26,1622-26E,26
402,1,22,3,551_26-196B-5,551,26,196B,1613,5,1622-26Ex1613-26,1622-26E,1613-26,196B_5,Plant#5,1613-26_1622-26E,1613-26,1622-26E,26
403,1,22,4,552_26-196B-6-A,552,26,196B,1613,6-A,1622-26Ex1613-26,1622-26E,1613-26,196B_6-A,Plant#6,1613-26_1622-26E,1613-26,1622-26E,26
404,1,22,5,553_26-196B-6-B,553,26,196B,1613,6-B,1622-26Ex1613-26,1622-26E,1613-26,196B_6-B,Plant#6,1613-26_1622-26E,1613-26,1622-26E,26
405,1,22,6,555_26-201B-4,555,26,201B,1613,4,1622-26Jx1613-26,1622-26J,1613-26,201B_4,Plant#4,1613-26_1622-26J,1613-26,1622-26J,26
406,1,22,7,556_26-201B-5,556,26,201B,1613,5,1622-26Jx1613-26,1622-26J,1613-26,201B_5,Plant#5,1613-26_1622-26J,1613-26,1622-26J,26
407,1,22,8,557_26-201B-3,557,26,201B,1613,3,1622-26Jx1613-26,1622-26J,1613-26,201B_3,Plant#3,1613-26_1622-26J,1613-26,1622-26J,26
408,1,22,9,558_28-206B-5,558,28,206B,1613,5,1622-28Dx1613-28,1622-28D,1613-28,206B_5,Plant#5,1613-28_1622-28D,1613-28,1622-28D,28
409,1,22,10,559_28-206B-7,559,28,206B,1613,7,1622-28Dx1613-28,1622-28D,1613-28,206B_7,Plant#7,1613-28_1622-28D,1613-28,1622-28D,28
410,1,22,11,561_28-211B-3,561,28,211B,1613,3,1622-28Kx1613-28,1622-28K,1613-28,211B_3,Plant#3,1613-28_1622-28K,1613-28,1622-28K,28
411,1,22,12,564_2-5B-5-B,564,2,5B,1613,5-B,1622-2Ex1613-2,1622-2E,1613-2,5B_5-B,Plant#5,1613-2_1622-2E,1613-2,1622-2E,2
412,1,22,13,565_2-5B-5-A,565,2,5B,1613,5-A,1622-2Ex1613-2,1622-2E,1613-2,5B_5-A,Plant#5,1613-2_1622-2E,1613-2,1622-2E,2
413,1,22,14,570_30-218B-4,570,30,218B,1613,4,1622-30Ax1613-30,1622-30A,1613-30,218B_4,Plant#4,1613-30_1622-30A,1613-30,1622-30A,30
414,1,22,15,572_20-223B-4,572,20,223B,1613,4,1622-30Gx1613-30,1622-30G,1613-30,223B_4,Plant#4,1613-30_1622-30G,1613-30,1622-30G,30
415,1,22,16,575_30-227B-5,575,30,227B,1613,5,1622-30Kx1613-30,1622-30K,1613-30,227B_5,Plant#5,1613-30_1622-30K,1613-30,1622-30K,30
416,1,22,17,576_30-227B-6,576,30,227B,1613,6,1622-30Kx1613-30,1622-30K,1613-30,227B_6,Plant#6,1613-30_1622-30K,1613-30,1622-30K,30
417,1,22,18,577_31-231B-3,577,31,231B,1613,3,1622-31Dx1613-31,1622-31D,1613-31,231B_3,Plant#3,1613-31_1622-31D,1613-31,1622-31D,31
418,1,22,19,581_3-10B-4,581,3,10B,1613,4,1622-3Bx1613-3,1622-3B,1613-3,10B_4,Plant#4,1613-3_1622-3B,1613-3,1622-3B,3
419,1,23,1,582_3-10B-3,582,3,10B,1613,3,1622-3Bx1613-3,1622-3B,1613-3,10B_3,Plant#3,1613-3_1622-3B,1613-3,1622-3B,3
420,1,23,2,584_3-11B-5,584,3,11B,1613,5,1622-3Cx1613-3,1622-3C,1613-3,11B_5,Plant#5,1613-3_1622-3C,1613-3,1622-3C,3
421,1,23,3,585_3-11B-7,585,3,11B,1613,7,1622-3Cx1613-3,1622-3C,1613-3,11B_7,Plant#7,1613-3_1622-3C,1613-3,1622-3C,3
422,1,23,4,586_3-13B-3,586,3,13B,1613,3,1622-3Fx1613-3,1622-3F,1613-3,13B_3,Plant#3,1613-3_1622-3F,1613-3,1622-3F,3
423,1,23,5,587_3-16B-5,587,3,16B,1613,5,1622-3Jx1613-3,1622-3J,1613-3,16B_5,Plant#5,1613-3_1622-3J,1613-3,1622-3J,3
424,1,23,6,588_3-16B-4,588,3,16B,1613,4,1622-3Jx1613-3,1622-3J,1613-3,16B_4,Plant#4,1613-3_1622-3J,1613-3,1622-3J,3
425,1,23,7,593_5-31B-7,593,5,31B,1613,7,1622-5Ex1613-5,1622-5E,1613-5,31B_7,Plant#7,1613-5_1622-5E,1613-5,1622-5E,5
426,1,23,8,594_5-31B-4,594,5,31B,1613,4,1622-5Ex1613-5,1622-5E,1613-5,31B_4,Plant#4,1613-5_1622-5E,1613-5,1622-5E,5
427,1,23,9,596_6-38B-7,596,6,38B,1613,7,1622-6Ax1613-6,1622-6A,1613-6,38B_7,Plant#7,1613-6_1622-6A,1613-6,1622-6A,6
428,1,23,10,598_6-41B-6,598,6,41B,1613,6,1622-6Dx1613-6,1622-6D,1613-6,41B_6,Plant#6,1613-6_1622-6D,1613-6,1622-6D,6
429,1,23,11,599_6-43B-3,599,6,43B,1613,3,1622-6Gx1613-6,1622-6G,1613-6,43B_3,Plant#3,1613-6_1622-6G,1613-6,1622-6G,6
430,1,23,12,600_7-48B-4,600,7,48B,1613,4,1622-7Ax1613-7,1622-7A,1613-7,48B_4,Plant#4,1613-7_1622-7A,1613-7,1622-7A,7
431,1,23,13,601_7-48B-3,601,7,48B,1613,3,1622-7Ax1613-7,1622-7A,1613-7,48B_3,Plant#3,1613-7_1622-7A,1613-7,1622-7A,7
432,1,23,14,605_9-69B-3,605,9,69B,1613,3,1622-9Fx1613-9,1622-9F,1613-9,69B_3,Plant#3,1613-9_1622-9F,1613-9,1622-9F,9
433,1,23,15,607_9-70B-4,607,9,70B,1613,4,1622-9Gx1613-9,1622-9G,1613-9,70B_4,Plant#4,1613-9_1622-9G,1613-9,1622-9G,9
434,1,23,16,608_23F-186A-2,608,23F,186A,1622,2,1613-23x1622-23F,1613-23,1622-23F,186A_2,Plant#2,1613-23_1622-23F,1613-23,1622-23F,23
435,1,23,17,609_29B-212A-2,609,29B,212A,1622,2,1613-29x1622-29B,1613-29,1622-29B,212A_2,Plant#2,1613-29_1622-29B,1613-29,1622-29B,29
436,1,23,18,603_7-49B-3,603,7,49B,1613,3,1622-7Bx1613-7,1622-7B,1613-7,49B_3,Plant#3,1613-7_1622-7B,1613-7,1622-7B,7
