Roza2019_VCF_ID1,Roza2019_VCF_ID,Sample_ID,Plant_ID.x,Ordering,rep,col,row,Plant_ID.y,Male_parent,Planting_ID,Male_parent_pop,plant,BC_ID,Female,Male,Planting_ID1,PlantNo,BC_ID1,Susceptible_parent,F1,Susceptible_parent1,PC1,PC2,PC3,group
SM:1_S502_R1_001,1_S502_R1_001,1_10B-75A-,1,1,1,1,1,1,10B,75A,1622,0,1613-10x1622-10B,1613-10,1622-10B,75A_0,Plant#0,1613-10_1622-10B,1613-10,1622-10B,10,1.20738228394758,1.64256748144402,-12.9619357518165,2
SM:4_S444_R1_001,4_S444_R1_001,4_10D-77A-14,4,2,1,1,2,4,10D,77A,1622,14,1613-10x1622-10D,1613-10,1622-10D,77A_14,Plant#14,1613-10_1622-10D,1613-10,1622-10D,10,-62.8088501511593,12.5993424253697,2.82093419364097,3
SM:5_S1_R1_001,5_S1_R1_001,5_10D-77A-11,5,3,1,1,3,5,10D,77A,1622,11,1613-10x1622-10D,1613-10,1622-10D,77A_11,Plant#11,1613-10_1622-10D,1613-10,1622-10D,10,-5.89866817975544,-23.4048370409652,-11.9917984305586,1
SM:6_S6_R1_001,6_S6_R1_001,6_10D-77A-12,6,4,1,1,4,6,10D,77A,1622,12,1613-10x1622-10D,1613-10,1622-10D,77A_12,Plant#12,1613-10_1622-10D,1613-10,1622-10D,10,-18.6327180892448,-38.8401141289127,-23.7358660873422,1
SM:7_S456_R1_001,7_S456_R1_001,7_10E-78A-1,7,5,1,1,5,7,10E,78A,1622,1,1613-10x1622-10E,1613-10,1622-10E,78A_1,Plant#1,1613-10_1622-10E,1613-10,1622-10E,10,-62.8159783885122,13.5365803618914,4.4486333730155,3
SM:9_S11_R1_001,9_S11_R1_001,9_11F-86A-2,9,6,1,1,6,9,11F,86A,1622,2,1613-11x1622-11F,1613-11,1622-11F,86A_2,Plant#2,1613-11_1622-11F,1613-11,1622-11F,11,16.0748447124657,-9.39451314658659,-6.29049016598943,2
SM:12_S468_R1_001,12_S468_R1_001,12_11B-82A-10,12,7,1,1,7,12,11B,82A,1622,10,1613-11x1622-11B,1613-11,1622-11B,82A_10,Plant#10,1613-11_1622-11B,1613-11,1622-11B,11,-31.7491486121143,18.2127586746933,17.2242528972287,3
SM:13_S16_R1_001,13_S16_R1_001,13_11B-82A-18,13,8,1,1,8,13,11B,82A,1622,18,1613-11x1622-11B,1613-11,1622-11B,82A_18,Plant#18,1613-11_1622-11B,1613-11,1622-11B,11,2.23229310694287,-24.2386350136256,7.41786181104388,2
SM:14_S20_R1_001,14_S20_R1_001,14_11F-86A-11,14,9,1,1,9,14,11F,86A,1622,11,1613-11x1622-11F,1613-11,1622-11F,86A_11,Plant#11,1613-11_1622-11F,1613-11,1622-11F,11,9.72763795989828,-1.41944940018444,1.0309739043312,2
SM:15_S24_R1_001,15_S24_R1_001,15_13A-95A-1,15,10,1,1,10,15,13A,95A,1622,1,1613-13x1622-13A,1613-13,1622-13A,95A_1,Plant#1,1613-13_1622-13A,1613-13,1622-13A,13,21.6817191446484,7.10878088426666,-13.741183154544,2
SM:16_S28_R1_001,16_S28_R1_001,16_13C-96A-1,16,11,1,1,11,16,13C,96A,1622,1,1613-13x1622-13C,1613-13,1622-13C,96A_1,Plant#1,1613-13_1622-13C,1613-13,1622-13C,13,11.4402331392615,-17.7251369401692,6.25511894883124,2
SM:17_S480_R1_001,17_S480_R1_001,17_13D-97A-1,17,12,1,1,12,17,13D,97A,1622,1,1613-13x1622-13D,1613-13,1622-13D,97A_1,Plant#1,1613-13_1622-13D,1613-13,1622-13D,13,8.69499085843062,-7.80612116816144,-8.8184182992173,2
SM:18_S32_R1_001,18_S32_R1_001,18_13D-97A-2,18,13,1,1,13,18,13D,97A,1622,2,1613-13x1622-13D,1613-13,1622-13D,97A_2,Plant#2,1613-13_1622-13D,1613-13,1622-13D,13,12.5941994774747,-15.2092384240103,18.2410460110487,2
SM:19_S2_R1_001,19_S2_R1_001,19_13F-99A-2,19,14,1,1,14,19,13F,99A,1622,2,1613-13x1622-13F,1613-13,1622-13F,99A_2,Plant#2,1613-13_1622-13F,1613-13,1622-13F,13,4.59576473985519,-22.5741407442252,9.03254068024283,2
SM:20_S7_R1_001,20_S7_R1_001,20_14C-104A-8,20,15,1,1,15,20,14C,104A,1622,8,1613-14x1622-14C,1613-14,1622-14C,104A_8,plant#8,1613-14_1622-14C,1613-14,1622-14C,14,31.2618568906929,29.1819865881423,3.57846642771158,2
SM:22_S12_R1_001,22_S12_R1_001,22_14K-107A-2,22,16,1,1,16,22,14K,107A,1622,2,1613-14x1622-14K,1613-14,1622-14K,107A_2,Plant#2,1613-14_1622-14K,1613-14,1622-14K,14,26.1667331434771,10.7534033476084,2.58121599879,2
SM:23_S17_R1_001,23_S17_R1_001,23_15I-114A-1,23,17,1,1,17,23,15I,114A,1622,1,1613-15x1622-15I,1613-15,1622-15I,114A_1,Plant#1,1613-15_1622-15I,1613-15,1622-15I,15,-112.879347627615,39.9694204240715,10.5723388872123,3
SM:24_S21_R1_001,24_S21_R1_001,24_15A-108A-1,24,18,1,1,18,24,15A,108A,1622,1,1613-15x1622-15A,1613-15,1622-15A,108A_1,Plant#1,1613-15_1622-15A,1613-15,1622-15A,15,-114.843480009173,37.4999519209297,15.7227888848737,3
SM:25_S25_R1_001,25_S25_R1_001,25_15A-108A-9,25,19,1,1,19,25,15A,108A,1622,9,1613-15x1622-15A,1613-15,1622-15A,108A_9,Plant#9,1613-15_1622-15A,1613-15,1622-15A,15,-124.711895646395,36.5913898073763,7.70944951525652,3
SM:26_S29_R1_001,26_S29_R1_001,26_15B-109A-1,26,20,1,2,1,26,15B,109A,1622,1,1613-15x1622-15B,1613-15,1622-15B,109A_1,Plant#1,1613-15_1622-15B,1613-15,1622-15B,15,-66.28346083914,16.8407214410162,-0.185435565803757,3
SM:27_S491_R1_001,27_S491_R1_001,27_15D-110A-1,27,21,1,2,2,27,15D,110A,1622,1,1613-15x1622-15D,1613-15,1622-15D,110A_1,Plant#1,1613-15_1622-15D,1613-15,1622-15D,15,-69.4146127116288,-29.2613045684682,-6.45898507222704,3
SM:29_S3_R1_001,29_S3_R1_001,29_15G-113A-15,29,23,1,2,4,29,15G,113A,1622,15,1613-15x1622-15G,1613-15,1622-15G,113A_15,Plant#15,1613-15_1622-15G,1613-15,1622-15G,15,-106.297384188329,43.4772280303929,17.2857935958178,3
SM:30_S8_R1_001,30_S8_R1_001,30_15G-113A-1,30,24,1,2,5,30,15G,113A,1622,1,1613-15x1622-15G,1613-15,1622-15G,113A_1,Plant#1,1613-15_1622-15G,1613-15,1622-15G,15,-86.8241650116058,-19.3809606914396,-15.1440120832583,3
SM:34_S434_R1_001,34_S434_R1_001,34_15-113B-2,34,27,1,2,8,34,15,113B,1613,2,1613-15Gx1622-15,1613-15,1622-15G,113B_2,Plant#2,1613-15_1622-15G,1613-15,1622-15G,15,-47.9745508408034,5.70767452969793,-2.3645071441615,3
SM:36_S458_R1_001,36_S458_R1_001,36_15G-113A-8,36,28,1,2,9,36,15G,113A,1622,8,1613-15x1622-15G,1613-15,1622-15G,113A_8,plant#8,1613-15_1622-15G,1613-15,1622-15G,15,3.02948424052052,-3.97836506407344,5.45316258959468,2
SM:37_S423_R1_001,37_S423_R1_001,37_16E-121A-1,37,29,1,2,10,37,16E,121A,1622,1,1613-16x1622-16E,1613-16,1622-16E,121A_1,Plant#1,1613-16_1622-16E,1613-16,1622-16E,16,-27.7646893896365,-71.7117085752106,-30.9994004268755,1
SM:40_S459_R1_001,40_S459_R1_001,40_16D-120A-1,40,30,1,2,11,40,16D,120A,1622,1,1613-16x1622-16D,1613-16,1622-16D,120A_1,Plant#1,1613-16_1622-16D,1613-16,1622-16D,16,-38.0265513164629,-87.8927988402034,-41.7216086475728,1
SM:41_S470_R1_001,41_S470_R1_001,41_16D-120A-2,41,31,1,2,12,41,16D,120A,1622,2,1613-16x1622-16D,1613-16,1622-16D,120A_2,Plant#2,1613-16_1622-16D,1613-16,1622-16D,16,-17.3349584973258,-103.222806313958,-38.8881873210464,1
SM:42_S482_R1_001,42_S482_R1_001,42_16E-121A-2,42,32,1,2,13,42,16E,121A,1622,2,1613-16x1622-16E,1613-16,1622-16E,121A_2,Plant#2,1613-16_1622-16E,1613-16,1622-16E,16,6.10870387426541,-83.508973203685,26.0717345842213,1
SM:44_S505_R1_001,44_S505_R1_001,44_17E-129A-1,44,33,1,2,14,44,17E,129A,1622,1,1613-17x1622-17E,1613-17,1622-17E,129A_1,Plant#1,1613-17_1622-17E,1613-17,1622-17E,17,3.66398778684712,-41.0311030386624,22.0361013541981,1
SM:46_S483_R1_001,46_S483_R1_001,46_17F-130A-1,46,34,1,2,15,46,17F,130A,1622,1,1613-17x1622-17F,1613-17,1622-17F,130A_1,Plant#1,1613-17_1622-17F,1613-17,1622-17F,17,24.8668964360485,13.5851277721372,-59.2841060091973,2
SM:47_S494_R1_001,47_S494_R1_001,47_17F-130A-2,47,35,1,2,16,47,17F,130A,1622,2,1613-17x1622-17F,1613-17,1622-17F,130A_2,Plant#2,1613-17_1622-17F,1613-17,1622-17F,17,24.2376298175833,16.3408998150922,-67.8740280112682,2
SM:48_S13_R1_001,48_S13_R1_001,48_17L-136A-,48,36,1,2,17,48,17L,136A,1622,0,1613-17x1622-17L,1613-17,1622-17L,136A_0,Plant#0,1613-17_1622-17L,1613-17,1622-17L,17,9.06164946730582,-1.9868661473519,11.5591297729556,2
SM:49_S18_R1_001,49_S18_R1_001,49_18E-141A-1,49,37,1,2,18,49,18E,141A,1622,1,1613-18x1622-18E,1613-18,1622-18E,141A_1,Plant#1,1613-18_1622-18E,1613-18,1622-18E,18,-30.3575581519677,-95.4155913520067,-40.6895108071573,1
SM:50_S22_R1_001,50_S22_R1_001,50_18A-137A-8,50,38,1,2,19,50,18A,137A,1622,8,1613-18x1622-18A,1613-18,1622-18A,137A_8,plant#8,1613-18_1622-18A,1613-18,1622-18A,18,2.50495591798602,-60.2240061036162,35.7128288257009,1
SM:51_S26_R1_001,51_S26_R1_001,51_18C-139A-2,51,39,1,3,1,51,18C,139A,1622,2,1613-18x1622-18C,1613-18,1622-18C,139A_2,Plant#2,1613-18_1622-18C,1613-18,1622-18C,18,-3.33167637281932,-27.2848050738661,-7.36387626681118,1
SM:52_S30_R1_001,52_S30_R1_001,52_18C-139A-8,52,40,1,3,2,52,18C,139A,1622,8,1613-18x1622-18C,1613-18,1622-18C,139A_8,plant#8,1613-18_1622-18C,1613-18,1622-18C,18,-37.5693109092332,-88.7814750550031,-40.491265571216,1
SM:53_S34_R1_001,53_S34_R1_001,53_18D-140A-1,53,41,1,3,3,53,18D,140A,1622,1,1613-18x1622-18D,1613-18,1622-18D,140A_1,Plant#1,1613-18_1622-18D,1613-18,1622-18D,18,-14.8619201691889,-104.179656771345,-37.9496125180894,1
SM:54_S4_R1_001,54_S4_R1_001,54_18D-140A-2,54,42,1,3,4,54,18D,140A,1622,2,1613-18x1622-18D,1613-18,1622-18D,140A_2,Plant#2,1613-18_1622-18D,1613-18,1622-18D,18,6.46227896649178,-82.8621586820235,31.3491150738829,1
SM:55_S9_R1_001,55_S9_R1_001,55_18E-141A-2,55,43,1,3,5,55,18E,141A,1622,2,1613-18x1622-18E,1613-18,1622-18E,141A_2,Plant#2,1613-18_1622-18E,1613-18,1622-18E,18,-4.9373731257063,-56.0447562834995,40.0695754151006,1
SM:56_S14_R1_001,56_S14_R1_001,56_18F-142A-1,56,44,1,3,6,56,18F,142A,1622,1,1613-18x1622-18F,1613-18,1622-18F,142A_1,Plant#1,1613-18_1622-18F,1613-18,1622-18F,18,5.97363872887122,-52.218400206193,35.5474106672041,1
SM:57_S19_R1_001,57_S19_R1_001,57_18F-142A-2,57,45,1,3,7,57,18F,142A,1622,2,1613-18x1622-18F,1613-18,1622-18F,142A_2,Plant#2,1613-18_1622-18F,1613-18,1622-18F,18,25.6419914000898,17.1413784831101,60.5812691498853,2
SM:59_S23_R1_001,59_S23_R1_001,59_19C-149A-1,59,46,1,3,8,59,19C,149A,1622,1,1613-19x1622-19C,1613-19,1622-19C,149A_1,Plant#1,1613-19_1622-19C,1613-19,1622-19C,19,25.6221660501933,15.6035727258005,-59.3182001557467,2
SM:60_S27_R1_001,60_S27_R1_001,60_19C-149A-2,60,47,1,3,9,60,19C,149A,1622,2,1613-19x1622-19C,1613-19,1622-19C,149A_2,Plant#2,1613-19_1622-19C,1613-19,1622-19C,19,25.9969100429245,17.7842400223902,-68.9493874551355,2
SM:62_S31_R1_001,62_S31_R1_001,62_2-4A-1,62,48,1,3,10,62,2,4A,1613,1,1613-2x1622-2D,1613-2,1622-2D,4A_1,Plant#1,1613-2_1622-2D,1613-2,1622-2D,2,25.0105745958882,30.6936767426683,-31.5963877745782,2
SM:63_S36_R1_001,63_S36_R1_001,63_2C-3A-2,63,49,1,3,11,63,2C,3A,1622,2,1613-2x1622-2C,1613-2,1622-2C,3A_2,Plant#2,1613-2_1622-2C,1613-2,1622-2C,2,24.5594934411451,45.0518449076166,-32.2385180865553,2
SM:64_S47_R1_001,64_S47_R1_001,64_2D-4A-2,64,50,1,3,12,64,2D,4A,1622,2,1613-2x1622-2D,1613-2,1622-2D,4A_2,Plant#2,1613-2_1622-2D,1613-2,1622-2D,2,37.9492478437638,29.6676529486087,-34.5126618135888,2
SM:65_S59_R1_001,65_S59_R1_001,65_2E-5A-2,65,51,1,3,13,65,2E,5A,1622,2,1613-2x1622-2E,1613-2,1622-2E,5A_2,Plant#2,1613-2_1622-2E,1613-2,1622-2E,2,22.6062194293664,36.7777354451704,-13.9260663707023,2
SM:66_S71_R1_001,66_S71_R1_001,66_2L-9A-1,66,52,1,3,14,66,2L,9A,1622,1,1613-2x1622-2L,1613-2,1622-2L,9A_1,Plant#1,1613-2_1622-2L,1613-2,1622-2L,2,34.0759641549123,22.8733649620815,22.4706602700619,2
SM:67_S83_R1_001,67_S83_R1_001,67_20H-161A-2,67,53,1,3,15,67,20H,161A,1622,2,1613-20x1622-20H,1613-20,1622-20H,161A_2,Plant#2,1613-20_1622-20H,1613-20,1622-20H,20,13.2567276875674,44.2935771464004,-11.3622040761774,2
SM:68_S95_R1_001,68_S95_R1_001,68_20H-161A-17-1,68,54,1,3,16,68,20H,161A,1622,17-1,1613-20x1622-20H,1613-20,1622-20H,161A_17-1,Plant#17,1613-20_1622-20H,1613-20,1622-20H,20,12.3561321251786,54.8859379725097,-5.62001299982092,2
SM:69_S106_R1_001,69_S106_R1_001,69_20H-161A-2,69,55,1,3,17,69,20H,161A,1622,2,1613-20x1622-20H,1613-20,1622-20H,161A_2,Plant#2,1613-20_1622-20H,1613-20,1622-20H,20,24.5358473485373,39.0939043431283,2.52476763522911,2
SM:70_S118_R1_001,70_S118_R1_001,70_21A-166A-2,70,56,1,3,18,70,21A,166A,1622,2,1613-21x1622-21A,1613-21,1622-21A,166A_2,Plant#2,1613-21_1622-21A,1613-21,1622-21A,21,-5.22718083003631,-23.3284480062955,0.274654048941353,1
SM:72_S37_R1_001,72_S37_R1_001,72_21G-169A-1,72,57,1,3,19,72,21G,169A,1622,1,1613-21x1622-21G,1613-21,1622-21G,169A_1,Plant#1,1613-21_1622-21G,1613-21,1622-21G,21,-60.6723538494259,1.21493134875527,0.588084575228816,3
SM:74_S48_R1_001,74_S48_R1_001,74_21K-171A-9,74,58,1,4,1,74,21K,171A,1622,9,1613-21x1622-21K,1613-21,1622-21K,171A_9,Plant#9,1613-21_1622-21K,1613-21,1622-21K,21,-62.9263205420192,-7.08822222927086,-14.1478678444487,3
SM:76_S60_R1_001,76_S60_R1_001,76_21K-171A-1,76,59,1,4,2,76,21K,171A,1622,1,1613-21x1622-21K,1613-21,1622-21K,171A_1,Plant#1,1613-21_1622-21K,1613-21,1622-21K,21,-5.78070020351692,-40.7922910747572,-15.7950451370764,1
SM:77_S72_R1_001,77_S72_R1_001,77_22I-179A-1,77,60,1,4,3,77,22I,179A,1622,1,1613-22x1622-22I,1613-22,1622-22I,179A_1,Plant#1,1613-22_1622-22I,1613-22,1622-22I,22,23.3958123392534,36.3982074551168,-39.2831022714219,2
SM:79_S84_R1_001,79_S84_R1_001,79_22I-179A-2,79,61,1,4,4,79,22I,179A,1622,2,1613-22x1622-22I,1613-22,1622-22I,179A_2,Plant#2,1613-22_1622-22I,1613-22,1622-22I,22,20.5113617286822,18.5660204781725,-8.11212853939943,2
SM:81_S96_R1_001,81_S96_R1_001,81_22F-176A-2,81,62,1,4,5,81,22F,176A,1622,2,1613-22x1622-22F,1613-22,1622-22F,176A_2,Plant#2,1613-22_1622-22F,1613-22,1622-22F,22,3.96761817521561,14.3019560111072,-17.7075124606523,2
SM:82_S107_R1_001,82_S107_R1_001,82_22F-176A-8,82,63,1,4,6,82,22F,176A,1622,8,1613-22x1622-22F,1613-22,1622-22F,176A_8,plant#8,1613-22_1622-22F,1613-22,1622-22F,22,-46.6729654770521,33.8590005689258,16.9955012292243,3
SM:83_S119_R1_001,83_S119_R1_001,83_22F-176A-9,83,64,1,4,7,83,22F,176A,1622,9,1613-22x1622-22F,1613-22,1622-22F,176A_9,Plant#9,1613-22_1622-22F,1613-22,1622-22F,22,10.5989160781911,26.7122694484504,4.64451194739925,2
SM:85_S38_R1_001,85_S38_R1_001,85_22H-178A-2,85,65,1,4,8,85,22H,178A,1622,2,1613-22x1622-22H,1613-22,1622-22H,178A_2,Plant#2,1613-22_1622-22H,1613-22,1622-22H,22,17.8345639350667,36.8057741087963,-6.65813672321902,2
SM:87_S49_R1_001,87_S49_R1_001,87_23C-183A-10,87,66,1,4,9,87,23C,183A,1622,10,1613-23x1622-23C,1613-23,1622-23C,183A_10,Plant#10,1613-23_1622-23C,1613-23,1622-23C,23,23.7604660366083,9.32983764074394,4.57687789908413,2
SM:88_S61_R1_001,88_S61_R1_001,88_23C-183A-12,88,67,1,4,10,88,23C,183A,1622,12,1613-23x1622-23C,1613-23,1622-23C,183A_12,Plant#12,1613-23_1622-23C,1613-23,1622-23C,23,3.90540881535345,-9.96596232325406,-1.06749029271039,2
SM:89_S73_R1_001,89_S73_R1_001,89_23D-184A-1,89,68,1,4,11,89,23D,184A,1622,1,1613-23x1622-23D,1613-23,1622-23D,184A_1,Plant#1,1613-23_1622-23D,1613-23,1622-23D,23,6.2686507898245,-14.1032374878024,-14.9001709142621,2
SM:90_S85_R1_001,90_S85_R1_001,90_23D-184A-2,90,69,1,4,12,90,23D,184A,1622,2,1613-23x1622-23D,1613-23,1622-23D,184A_2,Plant#2,1613-23_1622-23D,1613-23,1622-23D,23,-3.06756337825933,-4.54471896528202,-14.7666149651818,2
SM:92_S97_R1_001,92_S97_R1_001,92_25I-189A-,92,70,1,4,13,92,25I,189A,1622,0,1613-25x1622-25I,1613-25,1622-25I,189A_0,Plant#0,1613-25_1622-25I,1613-25,1622-25I,25,24.6824863242253,6.31878092769636,-5.3218911014562,2
SM:93_S108_R1_001,93_S108_R1_001,93_25I-189A-1,93,71,1,4,14,93,25I,189A,1622,1,1613-25x1622-25I,1613-25,1622-25I,189A_1,Plant#1,1613-25_1622-25I,1613-25,1622-25I,25,-8.81819652393221,-50.6780306482624,-28.0707615664638,1
SM:94_S120_R1_001,94_S120_R1_001,94_26A-192A-1,94,72,1,4,15,94,26A,192A,1622,1,1613-26x1622-26A,1613-26,1622-26A,192A_1,Plant#1,1613-26_1622-26A,1613-26,1622-26A,26,9.26680444661481,12.2084794015129,-5.17817983219493,2
SM:95_S39_R1_001,95_S39_R1_001,95_26A-192A-2,95,73,1,4,16,95,26A,192A,1622,2,1613-26x1622-26A,1613-26,1622-26A,192A_2,Plant#2,1613-26_1622-26A,1613-26,1622-26A,26,15.6948251705144,29.7617571154859,9.03807606800788,2
SM:96_S50_R1_001,96_S50_R1_001,96_26D-195A-9,96,74,1,4,17,96,26D,195A,1622,9,1613-26x1622-26D,1613-26,1622-26D,195A_9,Plant#9,1613-26_1622-26D,1613-26,1622-26D,26,15.3991401162999,0.954663671710102,10.010141658418,2
SM:97_S62_R1_001,97_S62_R1_001,97_26D-195A-13,97,75,1,4,18,97,26D,195A,1622,13,1613-26x1622-26D,1613-26,1622-26D,195A_13,Plant#13,1613-26_1622-26D,1613-26,1622-26D,26,9.91277168626737,21.0394719719568,7.70391569120104,2
SM:98_S74_R1_001,98_S74_R1_001,98_26D-195A-15,98,76,1,4,19,98,26D,195A,1622,15,1613-26x1622-26D,1613-26,1622-26D,195A_15,Plant#15,1613-26_1622-26D,1613-26,1622-26D,26,8.19564406119854,-7.69719429423855,27.2520303969703,2
SM:100_S86_R1_001,100_S86_R1_001,100_26D-195A-16,100,77,1,5,1,100,26D,195A,1622,16,1613-26x1622-26D,1613-26,1622-26D,195A_16,Plant#16,1613-26_1622-26D,1613-26,1622-26D,26,19.1399712750647,34.4335465825235,-25.6544467286196,2
SM:104_S109_R1_001,104_S109_R1_001,104_28B-204A-1,104,79,1,5,3,104,28B,204A,1622,1,1613-28x1622-28B,1613-28,1622-28B,204A_1,Plant#1,1613-28_1622-28B,1613-28,1622-28B,28,-4.13794504589218,-40.6941782085356,-2.55239867898213,1
SM:107_S121_R1_001,107_S121_R1_001,107_28D-206A-9,107,80,1,5,4,107,28D,206A,1622,9,1613-28x1622-28D,1613-28,1622-28D,206A_9,Plant#9,1613-28_1622-28D,1613-28,1622-28D,28,-4.7148252614601,-43.7296988807609,-37.0587826103097,1
SM:108_S40_R1_001,108_S40_R1_001,108_28D-206A-11,108,81,1,5,5,108,28D,206A,1622,11,1613-28x1622-28D,1613-28,1622-28D,206A_11,Plant#11,1613-28_1622-28D,1613-28,1622-28D,28,4.50442678679994,-57.09254742891,-18.365459324107,1
SM:111_S51_R1_001,111_S51_R1_001,111_29C-213A-2,111,82,1,5,6,111,29C,213A,1622,2,1613-29x1622-29C,1613-29,1622-29C,213A_2,Plant#2,1613-29_1622-29C,1613-29,1622-29C,29,32.913469239057,12.1578263928721,29.0232424512492,2
SM:112_S63_R1_001,112_S63_R1_001,112_2-4B-1,112,83,1,5,7,112,2,4B,1613,1,1613-2Dx1613-2,1613-2D,1613-2,4B_1,Plant#1,1613-2_1613-2D,1613-2,1613-2D,2,48.3392624104508,54.2655420393585,-57.2945754446138,2
SM:113_S75_R1_001,113_S75_R1_001,113_3C-11A-2,113,84,1,5,8,113,3C,11A,1622,2,1613-3x1622-3C,1613-3,1622-3C,11A_2,Plant#2,1613-3_1622-3C,1613-3,1622-3C,3,25.5756993334224,-8.88924564351737,58.1934555104421,2
SM:115_S87_R1_001,115_S87_R1_001,115_3D-12A-2,115,85,1,5,9,115,3D,12A,1622,2,1613-3x1622-3D,1613-3,1622-3D,12A_2,Plant#2,1613-3_1622-3D,1613-3,1622-3D,3,23.3270351293804,2.64713244727535,-29.290153525474,2
SM:116_S98_R1_001,116_S98_R1_001,116_3F-13A-,116,86,1,5,10,116,3F,13A,1622,0,1613-3x1622-3F,1613-3,1622-3F,13A_0,Plant#0,1613-3_1622-3F,1613-3,1622-3F,3,-49.0807740804041,37.5272338559611,-24.6409729568883,3
SM:117_S110_R1_001,117_S110_R1_001,117_3H-14A-2,117,87,1,5,11,117,3H,14A,1622,2,1613-3x1622-3H,1613-3,1622-3H,14A_2,Plant#2,1613-3_1622-3H,1613-3,1622-3H,3,22.0338265459772,14.5608680097427,-20.9115656754828,2
SM:118_S122_R1_001,118_S122_R1_001,118_3J-16A-1,118,88,1,5,12,118,3J,16A,1622,1,1613-3x1622-3J,1613-3,1622-3J,16A_1,Plant#1,1613-3_1622-3J,1613-3,1622-3J,3,7.67719645125584,19.0489208441257,-29.0550237759651,2
SM:121_S64_R1_001,121_S64_R1_001,121_30A-218A-8,121,91,1,5,15,121,30A,218A,1622,8,1613-30x1622-30A,1613-30,1622-30A,218A_8,plant#8,1613-30_1622-30A,1613-30,1622-30A,30,35.8086869175746,-14.8224381384687,69.6265285070098,2
SM:123_S76_R1_001,123_S76_R1_001,123_30E-222A-2,123,92,1,5,16,123,30E,222A,1622,2,1613-30x1622-30E,1613-30,1622-30E,222A_2,Plant#2,1613-30_1622-30E,1613-30,1622-30E,30,6.58063019383154,-60.2799510262308,-4.42756395718477,1
SM:124_S88_R1_001,124_S88_R1_001,124_30L-228A-2,124,93,1,5,17,124,30L,228A,1622,2,1613-30x1622-30L,1613-30,1622-30L,228A_2,Plant#2,1613-30_1622-30L,1613-30,1622-30L,30,7.83900742583053,8.74677012787802,29.9012665133315,2
SM:125_S99_R1_001,125_S99_R1_001,125_30B-219A-2,125,94,1,5,18,125,30B,219A,1622,2,1613-30x1622-30B,1613-30,1622-30B,219A_2,Plant#2,1613-30_1622-30B,1613-30,1622-30B,30,26.4120962214629,-10.3249136459259,24.3175215160198,2
SM:126_S111_R1_001,126_S111_R1_001,126_32D-236A-,126,95,1,5,19,126,32D,236A,1622,0,1613-32x1622-32D,1613-32,1622-32D,236A_0,Plant#0,1613-32_1622-32D,1613-32,1622-32D,32,-62.260167051073,20.0561555807744,5.87991299363291,3
SM:128_S123_R1_001,128_S123_R1_001,128_4B-18A-1,128,96,1,6,1,128,4B,18A,1622,1,1613-4x1622-4B,1613-4,1622-4B,18A_1,Plant#1,1613-4_1622-4B,1613-4,1622-4B,4,34.5832222543075,23.148639719771,5.47710173309353,2
SM:129_S41_R1_001,129_S41_R1_001,129_4C-19A-2,129,97,1,6,2,129,4C,19A,1622,2,1613-4x1622-4C,1613-4,1622-4C,19A_2,Plant#2,1613-4_1622-4C,1613-4,1622-4C,4,29.9726860479291,16.6445620554912,5.0674892596092,2
SM:130_S53_R1_001,130_S53_R1_001,130_4D-20A-8,130,98,1,6,3,130,4D,20A,1622,8,1613-4x1622-4D,1613-4,1622-4D,20A_8,plant#8,1613-4_1622-4D,1613-4,1622-4D,4,28.4229306815541,30.4230324164406,-5.09874166546912,2
SM:131_S65_R1_001,131_S65_R1_001,131_4G-23A-1,131,99,1,6,4,131,4G,23A,1622,1,1613-4x1622-4G,1613-4,1622-4G,23A_1,Plant#1,1613-4_1622-4G,1613-4,1622-4G,4,16.0802785807583,23.1881838131875,11.4401309888427,2
SM:133_S77_R1_001,133_S77_R1_001,133_4L-27A-2,133,100,1,6,5,133,4L,27A,1622,2,1613-4x1622-4L,1613-4,1622-4L,27A_2,Plant#2,1613-4_1622-4L,1613-4,1622-4L,4,34.1955434949023,22.0853353972423,7.2642626537256,2
SM:134_S89_R1_001,134_S89_R1_001,134_4L-27A-,134,101,1,6,6,134,4L,27A,1622,0,1613-4x1622-4L,1613-4,1622-4L,27A_0,Plant#0,1613-4_1622-4L,1613-4,1622-4L,4,33.054139274786,20.2851996250235,7.92904034842117,2
SM:135_S100_R1_001,135_S100_R1_001,135_5A-28A-1,135,102,1,6,7,135,5A,28A,1622,1,1613-5x16225A,1613-5,16225A,28A_1,Plant#1,1613-5_16225A,1613-5,16225A,5,32.3744404730164,14.391926942563,23.810113530961,2
SM:138_S112_R1_001,138_S112_R1_001,138_5I-34A-8,138,103,1,6,8,138,5I,34A,1622,8,1613-5x1622-5I,1613-5,1622-5I,34A_8,plant#8,1613-5_1622-5I,1613-5,1622-5I,5,37.7870397676061,-18.728782222852,88.3846838316187,2
SM:140_S124_R1_001,140_S124_R1_001,140_5B-29A-2,140,104,1,6,9,140,5B,29A,1622,2,1613-5x1622-5B,1613-5,1622-5B,29A_2,Plant#2,1613-5_1622-5B,1613-5,1622-5B,5,9.53672241486269,-17.9359714527538,50.6340065605186,2
SM:141_S42_R1_001,141_S42_R1_001,141_5E-31A-1,141,105,1,6,10,141,5E,31A,1622,1,1613-5x1622-5E,1613-5,1622-5E,31A_1,Plant#1,1613-5_1622-5E,1613-5,1622-5E,5,17.2379885762157,10.2842836961805,48.6427413513803,2
SM:143_S54_R1_001,143_S54_R1_001,143_5F-32A-1,143,106,1,6,11,143,5F,32A,1622,1,1613-5x1622-5F,1613-5,1622-5F,32A_1,Plant#1,1613-5_1622-5F,1613-5,1622-5F,5,25.9351757121882,-11.881234867442,107.816884492557,2
SM:144_S66_R1_001,144_S66_R1_001,144_5F-32A-2,144,107,1,6,12,144,5F,32A,1622,2,1613-5x1622-5F,1613-5,1622-5F,32A_2,Plant#2,1613-5_1622-5F,1613-5,1622-5F,5,-38.8167668812369,12.8687301521178,75.9684926595549,3
SM:145_S78_R1_001,145_S78_R1_001,145_5G-33A-2,145,108,1,6,13,145,5G,33A,1622,2,1613-5x1622-5G,1613-5,1622-5G,33A_2,Plant#2,1613-5_1622-5G,1613-5,1622-5G,5,8.26991497581549,-53.2833637075813,36.506711914169,1
SM:146_S90_R1_001,146_S90_R1_001,146_5L-37A-,146,109,1,6,14,146,5L,37A,1622,0,1613-5x1622-5L,1613-5,1622-5L,37A_0,Plant#0,1613-5_1622-5L,1613-5,1622-5L,5,27.1202537449193,6.11131524425484,47.2480586728831,2
SM:147_S101_R1_001,147_S101_R1_001,147_6A-38A-1,147,110,1,6,15,147,6A,38A,1622,1,1613-6x1622-6A,1613-6,1622-6A,38A_1,Plant#1,1613-6_1622-6A,1613-6,1622-6A,6,-22.3236652911237,-18.7257720729015,-33.9271425215576,1
SM:149_S113_R1_001,149_S113_R1_001,149_6F-42A-8-1,149,111,1,6,16,149,6F,42A,1622,8-1,1613-6x1622-6F,1613-6,1622-6F,42A_8-1,plant#8,1613-6_1622-6F,1613-6,1622-6F,6,-33.7577927764901,-50.5412813345802,-37.1204521864874,1
SM:150_S125_R1_001,150_S125_R1_001,150_6F-42A-8-2,150,112,1,6,17,150,6F,42A,1622,8-2,1613-6x1622-6F,1613-6,1622-6F,42A_8-2,plant#8,1613-6_1622-6F,1613-6,1622-6F,6,17.2615215969175,6.83429427076844,-13.0249744249358,2
SM:151_S43_R1_001,151_S43_R1_001,151_6H-44A-2,151,113,1,6,18,151,6H,44A,1622,2,1613-6x1622-6H,1613-6,1622-6H,44A_2,Plant#2,1613-6_1622-6H,1613-6,1622-6H,6,-14.4935662530333,-34.7004407167109,-33.9347764826367,1
SM:152_S55_R1_001,152_S55_R1_001,152_6L-47A-2,152,114,1,6,19,152,6L,47A,1622,2,1613-6x1622-6L,1613-6,1622-6L,47A_2,Plant#2,1613-6_1622-6L,1613-6,1622-6L,6,-12.9584463362397,-4.88713255538449,-12.5209482991205,2
SM:153_S67_R1_001,153_S67_R1_001,153_6L-47A-9,153,115,1,7,1,153,6L,47A,1622,9,1613-6x1622-6L,1613-6,1622-6L,47A_9,Plant#9,1613-6_1622-6L,1613-6,1622-6L,6,-4.07235276471141,-50.5874628556646,-25.4719544939938,1
SM:155_S79_R1_001,155_S79_R1_001,155_17A-126A-2,155,116,1,7,2,155,17A,126A,1622,2,1613-7x1622-17A,1613-7,1622-17A,126A_2,Plant#2,1613-7_1622-17A,1613-7,1622-17A,7,27.3658964261522,-15.9970606635903,48.4499509952805,2
SM:156_S91_R1_001,156_S91_R1_001,156_7A-48A-1,156,117,1,7,3,156,7A,48A,1622,1,1613-7x1622-7A,1613-7,1622-7A,48A_1,Plant#1,1613-7_1622-7A,1613-7,1622-7A,7,-30.7778743463,34.2868083416608,17.4208682532761,3
SM:157_S102_R1_001,157_S102_R1_001,157_7A-48A-2,157,118,1,7,4,157,7A,48A,1622,2,1613-7x1622-7A,1613-7,1622-7A,48A_2,Plant#2,1613-7_1622-7A,1613-7,1622-7A,7,38.6384146307373,43.6367195472498,-23.5283992014981,2
SM:158_S114_R1_001,158_S114_R1_001,158_7B-49A-8,158,119,1,7,5,158,7B,49A,1622,8,1613-7x1622-7B,1613-7,1622-7B,49A_8,plant#8,1613-7_1622-7B,1613-7,1622-7B,7,-49.568836991921,41.5094380465431,5.5560047971528,3
SM:160_S126_R1_001,160_S126_R1_001,160_8B-59A-1,160,120,1,7,6,160,8B,59A,1622,1,1613-8x1622-8B,1613-8,1622-8B,59A_1,Plant#1,1613-8_1622-8B,1613-8,1622-8B,8,17.9329995232837,-8.07475301029546,66.8924242713413,2
SM:161_S44_R1_001,161_S44_R1_001,161_8-64A-2,161,121,1,7,7,161,8,64A,1613,2,1613-8x1622-8,1613-8,1622-8,64A_2,Plant#2,1613-8_1622-8,1613-8,1622-8,8,19.2448101852015,8.8030381967264,10.1879385514735,2
SM:163_S56_R1_001,163_S56_R1_001,163_8A-58A-1,163,122,1,7,8,163,8A,58A,1622,1,1613-8x1622-8A,1613-8,1622-8A,58A_1,Plant#1,1613-8_1622-8A,1613-8,1622-8A,8,1.17282653737032,-1.00693707833544,-15.562538793323,2
SM:164_S68_R1_001,164_S68_R1_001,164_9F-69A-9,164,123,1,7,9,164,9F,69A,1622,9,1613-9x1622-9F,1613-9,1622-9F,69A_9,Plant#9,1613-9_1622-9F,1613-9,1622-9F,9,33.3655123480119,-1.98107866661674,2.43540005928489,2
SM:166_S80_R1_001,166_S80_R1_001,166_1-2B-1,166,124,1,7,10,166,1,2B,1613,1,1622-1Kx1613-1,1622-1K,1613-1,2B_1,Plant#1,1613-1_1622-1K,1613-1,1622-1K,1,30.1580983875924,5.12939230128894,9.31279674674018,2
SM:168_S92_R1_001,168_S92_R1_001,168_10-76B-9,168,125,1,7,11,168,10,76B,1613,9,1622-10Cx1613-10,1622-10C,1613-10,76B_9,Plant#9,1613-10_1622-10C,1613-10,1622-10C,10,-45.4740079492595,10.36291252342,-4.51754729799303,3
SM:169_S10_R1_001,169_S10_R1_001,169_10-77B-8,169,126,1,7,12,169,10,77B,1613,8,1622-10Dx1613-10,1622-10D,1613-10,77B_8,plant#8,1613-10_1622-10D,1613-10,1622-10D,10,22.2297639364025,-8.6355097163146,53.6899859839107,2
SM:170_S115_R1_001,170_S115_R1_001,170_10-77B-13,170,127,1,7,13,170,10,77B,1613,13,1622-10Dx1613-10,1622-10D,1613-10,77B_13,Plant#13,1613-10_1622-10D,1613-10,1622-10D,10,-21.392372939155,-60.7814016788979,-21.4003411855474,1
SM:172_S127_R1_001,172_S127_R1_001,172_10-77B-2,172,128,1,7,14,172,10,77B,1613,2,1622-10Dx1613-10,1622-10D,1613-10,77B_2,Plant#2,1613-10_1622-10D,1613-10,1622-10D,10,-10.4305040111998,-4.56282204988158,-10.5532836060193,2
SM:173_S45_R1_001,173_S45_R1_001,173_10-81B-2,173,129,1,7,15,173,10,81B,1613,2,1622-10Kx1613-10,1622-10K,1613-10,81B_2,Plant#2,1613-10_1622-10K,1613-10,1622-10K,10,-7.1764487124924,-14.0950513735652,-0.435424018848519,2
SM:175_S57_R1_001,175_S57_R1_001,175_11-84B-1,175,130,1,7,16,175,11,84B,1613,1,1622-11Dx1613-11,1622-11D,1613-11,84B_1,Plant#1,1613-11_1622-11D,1613-11,1622-11D,11,20.4767161082544,31.8171065641848,-35.0200553830973,2
SM:176_S69_R1_001,176_S69_R1_001,176_11-82B-8,176,131,1,7,17,176,11,82B,1613,8,1622-11Bx1613-11,1622-11B,1613-11,82B_8,plant#8,1613-11_1622-11B,1613-11,1622-11B,11,14.4834529012956,-9.96611170902732,8.13582389325221,2
SM:178_S81_R1_001,178_S81_R1_001,178_11-82B-13,178,132,1,7,18,178,11,82B,1613,13,1622-11Bx1613-11,1622-11B,1613-11,82B_13,Plant#13,1613-11_1622-11B,1613-11,1622-11B,11,-9.97673656105298,-38.9485136534943,-21.614108675527,1
SM:183_S93_R1_001,183_S93_R1_001,183_11-87B-2,183,133,1,7,19,183,11,87B,1613,2,1622-11Gx1613-11,1622-11G,1613-11,87B_2,Plant#2,1613-11_1622-11G,1613-11,1622-11G,11,30.4089879713968,-9.60549488724837,54.1275886941749,2
SM:184_S104_R1_001,184_S104_R1_001,184_11-87B-,184,134,1,8,1,184,11,87B,1613,0,1622-11Gx1613-11,1622-11G,1613-11,87B_0,Plant#0,1613-11_1622-11G,1613-11,1622-11G,11,20.0291200620753,-6.19042512957316,55.2958204660085,2
SM:186_S116_R1_001,186_S116_R1_001,186_312-93B-1,186,135,1,8,2,186,12,93B,1613,1,1622-12Ex1613-12,1622-12E,1613-12,93B_1,Plant#1,1613-12_1622-12E,1613-12,1622-12E,12,5.68238921027751,-14.607348328647,13.4826867812272,2
SM:187_S15_R1_001,187_S15_R1_001,187_313-101B-1,187,136,1,8,3,187,13,101B,1613,1,1622-13Hx1613-13,1622-13H,1613-13,101B_1,Plant#1,1613-13_1622-13H,1613-13,1622-13H,13,12.6257826625195,12.2875185692007,-33.7157751293551,2
SM:188_S5_R1_001,188_S5_R1_001,188_313-102B-1,188,137,1,8,4,188,13,102B,1613,1,1622-13Ix1613-13,1622-13I,1613-13,102B_1,Plant#1,1613-13_1622-13I,1613-13,1622-13I,13,23.2846519467522,5.42116343754752,2.94729125011458,2
SM:189_S58_R1_001,189_S58_R1_001,189_313-102B-2,189,138,1,8,5,189,13,102B,1613,2,1622-13Ix1613-13,1622-13I,1613-13,102B_2,Plant#2,1613-13_1622-13I,1613-13,1622-13I,13,30.9691597763573,4.60821118664605,5.33504192349239,2
SM:190_S70_R1_001,190_S70_R1_001,190_13-96B-2,190,139,1,8,6,190,13,96B,1613,2,1622-13Cx1613-13,1622-13C,1613-13,96B_2,Plant#2,1613-13_1622-13C,1613-13,1622-13C,13,8.2480406146502,-9.4888587336361,1.4200453145978,2
SM:191_S82_R1_001,191_S82_R1_001,191_13-100B-1,191,140,1,8,7,191,13,100B,1613,1,1622-13Gx1613-13,1622-13G,1613-13,100B_1,Plant#1,1613-13_1622-13G,1613-13,1622-13G,13,19.44929478386,-18.4674094035206,4.7599056628233,2
SM:193_S94_R1_001,193_S94_R1_001,193_14-107B-1,193,141,1,8,8,193,14,107B,1613,1,1622-14Kx1613-14,1622-14K,1613-14,107B_1,Plant#1,1613-14_1622-14K,1613-14,1622-14K,14,-56.7880166997859,11.5563181053067,9.01588568143811,3
SM:194_S105_R1_001,194_S105_R1_001,194_14-103B-2,194,142,1,8,9,194,14,103B,1613,2,1622-14Ax1613-14,1622-14A,1613-14,103B_2,Plant#2,1613-14_1622-14A,1613-14,1622-14A,14,-29.0086182588252,23.1109281507608,30.1308914790607,3
SM:195_S117_R1_001,195_S117_R1_001,195_14-103B-8,195,143,1,8,10,195,14,103B,1613,8,1622-14Ax1613-14,1622-14A,1613-14,103B_8,plant#8,1613-14_1622-14A,1613-14,1622-14A,14,28.5470060054398,15.5197545900077,1.87017936378605,2
SM:196_S129_R1_001,196_S129_R1_001,196_14-104B-1,196,144,1,8,11,196,14,104B,1613,1,1622-14Cx1613-14,1622-14C,1613-14,104B_1,Plant#1,1613-14_1622-14C,1613-14,1622-14C,14,1.90527940092474,-61.3815079954925,-19.2320619072134,1
SM:198_S130_R1_001,198_S130_R1_001,198_14-107B-2,198,145,1,8,12,198,14,107B,1613,2,1622-14Kx1613-14,1622-14K,1613-14,107B_2,Plant#2,1613-14_1622-14K,1613-14,1622-14K,14,3.1079326587692,-38.9868874744576,-9.08997148876705,1
SM:199_S141_R1_001,199_S141_R1_001,199_15-108B-2,199,146,1,8,13,199,15,108B,1613,2,1622-15Ax1613-15,1622-15A,1613-15,108B_2,Plant#2,1613-15_1622-15A,1613-15,1622-15A,15,-103.729626693726,43.9077739130959,22.9881497124901,3
SM:200_S153_R1_001,200_S153_R1_001,200_15-109B-1,200,147,1,8,14,200,15,109B,1613,1,1613-15x1622-15B,1613-15,1622-15B,109B_1,Plant#1,1613-15_1622-15B,1613-15,1622-15B,15,-33.2059503751834,14.8954515693426,55.0804174338197,3
SM:201_S165_R1_001,201_S165_R1_001,201_15-109A-2,201,148,1,8,15,201,15,109A,1613,2,1622-15Bx1613-15,1622-15B,1613-15,109A_2,Plant#2,1613-15_1622-15B,1613-15,1622-15B,15,-26.502366990447,17.2669276989827,64.82280947674,3
SM:204_S176_R1_001,204_S176_R1_001,204_15-112B-11,204,149,1,8,16,204,15,112B,1613,11,1622-15Fx1613-15,1622-15F,1613-15,112B_11,Plant#11,1613-15_1622-15F,1613-15,1622-15F,15,-48.7178117496103,6.94286935337485,13.3694595996497,3
SM:206_S188_R1_001,206_S188_R1_001,206_16-118B-1,206,150,1,8,17,206,16,118B,1613,1,1622-16Bx1613-16,1622-16B,1613-16,118B_1,Plant#1,1613-16_1622-16B,1613-16,1622-16B,16,-1.53553252381942,-25.2917850665452,34.6979896473203,1
SM:207_S200_R1_001,207_S200_R1_001,207_16-124B-1,207,151,1,8,18,207,16,124B,1613,1,1622-16Ix1613-16,1622-16I,1613-16,124B_1,Plant#1,1613-16_1622-16I,1613-16,1622-16I,16,-19.9229379266978,-88.6263245438964,-29.314657447506,1
SM:208_S212_R1_001,208_S212_R1_001,208_16-124B-2,208,152,1,8,19,208,16,124B,1613,2,1622-16Ix1613-16,1622-16I,1613-16,124B_2,Plant#2,1613-16_1622-16I,1613-16,1622-16I,16,-16.9037805828274,-21.0099537483566,-5.59249021595677,1
SM:210_S131_R1_001,210_S131_R1_001,210_16-121B-1,210,153,1,9,1,210,16,121B,1613,1,1622-16Ex1613-16,1622-16E,1613-16,121B_1,Plant#1,1613-16_1622-16E,1613-16,1622-16E,16,1.37763986706181,-27.126713290844,1.81683934474368,2
SM:211_S142_R1_001,211_S142_R1_001,211_16-121B-2,211,154,1,9,2,211,16,121B,1613,2,1622-16Ex1613-16,1622-16E,1613-16,121B_2,Plant#2,1613-16_1622-16E,1613-16,1622-16E,16,-8.05873101440582,-46.2838626701036,34.739452305083,1
SM:212_S154_R1_001,212_S154_R1_001,212_16-123B-8,212,155,1,9,3,212,16,123B,1613,8,1622-16Hx1613-16,1622-16H,1613-16,123B_8,plant#8,1613-16_1622-16H,1613-16,1622-16H,16,-14.8922875618176,-26.1312997738639,-32.5254696125326,1
SM:213_S35_R1_001,213_S35_R1_001,213_17-133B-2,213,156,1,9,4,213,17,133B,1613,2,1622-17Ix1613-17,1622-17I,1613-17,133B_2,Plant#2,1613-17_1622-17I,1613-17,1622-17I,17,14.9442802134855,9.07690631363199,2.40387469502858,2
SM:214_S177_R1_001,214_S177_R1_001,214_17-136B-1,214,157,1,9,5,214,17,136B,1613,1,1622-17Lx1613-17,1622-17L,1613-17,136B_1,Plant#1,1613-17_1622-17L,1613-17,1622-17L,17,0.118166733779494,-8.23180670767031,-4.70897655956185,2
SM:215_S189_R1_001,215_S189_R1_001,215_17-133B-1,215,158,1,9,6,215,17,133B,1613,1,1622-171x1613-17,1622-171,1613-17,133B_1,Plant#1,1613-17_1622-171,1613-17,1622-171,17,3.0334853897156,-12.0456648207645,-0.0466546401077227,2
SM:217_S201_R1_001,217_S201_R1_001,217_17-126B-9,217,159,1,9,7,217,17,126B,1613,9,1622-17Ax1613-17,1622-17A,1613-17,126B_9,Plant#9,1613-17_1622-17A,1613-17,1622-17A,17,19.6185868156297,-18.915918480236,47.9780777865653,2
SM:219_S132_R1_001,219_S132_R1_001,219_17-132B-1,219,161,1,9,9,219,17,132B,1613,1,1622-17Hx1613-17,1622-17H,1613-17,132B_1,Plant#1,1613-17_1622-17H,1613-17,1622-17H,17,14.4621643123054,24.6002677363267,-25.1463605508615,2
SM:220_S143_R1_001,220_S143_R1_001,220_17-132B-2,220,162,1,9,10,220,17,132B,1613,2,1622-17Hx1613-17,1622-17H,1613-17,132B_2,Plant#2,1613-17_1622-17H,1613-17,1622-17H,17,10.5062566881994,-18.0580631277327,-8.76431362677154,2
SM:223_S155_R1_001,223_S155_R1_001,223_18-137B-2,223,163,1,9,11,223,18,137B,1613,2,1622-18Ax1613-18,1622-18A,1613-18,137B_2,Plant#2,1613-18_1622-18A,1613-18,1622-18A,18,-6.36623920238694,-29.2441942612392,-6.168273090404,1
SM:224_S166_R1_001,224_S166_R1_001,224_18-139B-1,224,164,1,9,12,224,18,139B,1613,1,1622-18Cx1613-18,1622-18C,1613-18,139B_1,Plant#1,1613-18_1622-18C,1613-18,1622-18C,18,2.02310080382258,-54.2980305193326,23.2302410508012,1
SM:225_S178_R1_001,225_S178_R1_001,225_18-139B-2,225,165,1,9,13,225,18,139B,1613,2,1622-18Cx1613-18,1622-18C,1613-18,139B_2,Plant#2,1613-18_1622-18C,1613-18,1622-18C,18,-16.2985956141072,-70.3419182335653,-20.2385779947164,1
SM:226_S190_R1_001,226_S190_R1_001,226_18-140B-1,226,166,1,9,14,226,18,140B,1613,1,1622-18Dx1613-18,1622-18D,1613-18,140B_1,Plant#1,1613-18_1622-18D,1613-18,1622-18D,18,-31.8988219926796,-91.6272261762124,-34.6167105538246,1
SM:227_S202_R1_001,227_S202_R1_001,227_18-141B-,227,167,1,9,15,227,18,141B,1613,0,1622-18Ex1613-18,1622-18E,1613-18,141B_0,Plant#0,1613-18_1622-18E,1613-18,1622-18E,18,-25.2438078244114,-55.1391734793818,-20.0563749673382,1
SM:229_S214_R1_001,229_S214_R1_001,229_19-152B-2,229,168,1,9,16,229,19,152B,1613,2,1622-19Ix1613-19,1622-19I,1613-19,152B_2,Plant#2,1613-19_1622-19I,1613-19,1622-19I,19,17.4549740990972,1.85187629206434,-63.2416576535649,2
SM:230_S503_R1_001,230_S503_R1_001,230_19-148B-2,230,169,1,9,17,230,19,148B,1613,2,1622-19Bx1613-19,1622-19B,1613-19,148B_2,Plant#2,1613-19_1622-19B,1613-19,1622-19B,19,24.015079948087,31.0271516321467,-59.2191982781515,2
SM:231_S144_R1_001,231_S144_R1_001,231_19-148B-10,231,170,1,9,18,231,19,148B,1613,10,1622-19Bx1613-19,1622-19B,1613-19,148B_10,Plant#10,1613-19_1622-19B,1613-19,1622-19B,19,35.8047646898311,13.2910371611559,-26.4382616690608,2
SM:232_S156_R1_001,232_S156_R1_001,232_19-148B-12,232,171,1,9,19,232,19,148B,1613,12,1622-19Bx1613-19,1622-19B,1613-19,148B_12,Plant#12,1613-19_1622-19B,1613-19,1622-19B,19,26.4121896452888,8.62583931736481,-40.2243507680777,2
SM:233_S167_R1_001,233_S167_R1_001,233_19-154B-2,233,172,1,10,1,233,19,154B,1613,2,1622-19Kx1613-19,1622-19K,1613-19,154B_2,Plant#2,1613-19_1622-19K,1613-19,1622-19K,19,19.0417421410666,-6.64467339137368,-27.7917079681876,2
SM:234_S179_R1_001,234_S179_R1_001,234_1-2B-2,234,173,1,10,2,234,1,2B,1613,2,1622-1Kx1613-1,1622-1K,1613-1,2B_2,Plant#2,1613-1_1622-1K,1613-1,1622-1K,1,-22.1648211245782,-53.5389872079166,-24.4138561449868,1
SM:235_S191_R1_001,235_S191_R1_001,235_2-8B-1,235,174,1,10,3,235,2,8B,1613,1,1622-2Kx1613-2,1622-2K,1613-2,8B_1,Plant#1,1613-2_1622-2K,1613-2,1622-2K,2,-0.262122789969144,-21.4260184909718,-31.6279556110703,1
SM:236_S203_R1_001,236_S203_R1_001,236_20-162B-2,236,175,1,10,4,236,20,162B,1613,2,1622-20Ix1613-20,1622-20I,1613-20,162B_2,Plant#2,1613-20_1622-20I,1613-20,1622-20I,20,-1.71507471969282,31.6097956044183,6.37134157524699,2
SM:238_S215_R1_001,238_S215_R1_001,238_20-161B-8,238,176,1,10,5,238,20,161B,1613,8,1622-20Hx1613-20,1622-20H,1613-20,161B_8,plant#8,1613-20_1622-20H,1613-20,1622-20H,20,28.0993133976931,52.5258171890575,-35.0095376728626,2
SM:239_S133_R1_001,239_S133_R1_001,239_20-161B-9,239,177,1,10,6,239,20,161B,1613,9,1622-20Hx1613-20,1622-20H,1613-20,161B_9,Plant#9,1613-20_1622-20H,1613-20,1622-20H,20,10.73394728858,45.5531676664794,-0.763623828588871,2
SM:240_S145_R1_001,240_S145_R1_001,240_20-161B-10,240,178,1,10,7,240,20,161B,1613,10,1622-20Hx1613-20,1622-20H,1613-20,161B_10,Plant#10,1613-20_1622-20H,1613-20,1622-20H,20,12.9440544488542,50.1225475029987,-11.5483345063999,2
SM:241_S157_R1_001,241_S157_R1_001,241_20-161B-12,241,179,1,10,8,241,20,161B,1613,12,1622-20Hx1613-20,1622-20H,1613-20,161B_12,Plant#12,1613-20_1622-20H,1613-20,1622-20H,20,14.8622633814585,41.7087293866193,-2.27751283608561,2
SM:242_S168_R1_001,242_S168_R1_001,242_20-164B-1,242,180,1,10,9,242,20,164B,1613,1,1622-20Kx1613-20,1622-20K,1613-20,164B_1,Plant#1,1613-20_1622-20K,1613-20,1622-20K,20,20.5427769165047,14.8573487352488,56.1800627234213,2
SM:243_S180_R1_001,243_S180_R1_001,243_21-168B-1,243,181,1,10,10,243,21,168B,1613,1,1622-21Cx1613-21,1622-21C,1613-21,168B_1,Plant#1,1613-21_1622-21C,1613-21,1622-21C,21,2.55085598249,-23.0096280410366,-14.1731466901267,1
SM:244_S192_R1_001,244_S192_R1_001,244_21-168B-2,244,182,1,10,11,244,21,168B,1613,2,1622-21Cx1613-21,1622-21C,1613-21,168B_2,Plant#2,1613-21_1622-21C,1613-21,1622-21C,21,10.6915036336652,4.70303850383097,-27.2952670053284,2
SM:245_S204_R1_001,245_S204_R1_001,245_21-169B-1,245,183,1,10,12,245,21,169B,1613,1,1622-21Gx1613-21,1622-21G,1613-21,169B_1,Plant#1,1613-21_1622-21G,1613-21,1622-21G,21,7.99979119290161,-24.7111671820909,32.8611708161158,2
SM:247_S216_R1_001,247_S216_R1_001,247_22-176B-1,247,184,1,10,13,247,22,176B,1613,1,1622-22Fx1613-22,1622-22F,1613-22,176B_1,Plant#1,1613-22_1622-22F,1613-22,1622-22F,22,28.254625422383,41.4634236234661,-33.5260231773678,2
SM:248_S134_R1_001,248_S134_R1_001,248_22-179B-1,248,185,1,10,14,248,22,179B,1613,1,1622-22Ix1613-22,1622-22I,1613-22,179B_1,Plant#1,1613-22_1622-22I,1613-22,1622-22I,22,27.8234650674558,39.5264240164474,-29.1608741966748,2
SM:249_S146_R1_001,249_S146_R1_001,249_22-173B-2,249,186,1,10,15,249,22,173B,1613,2,1622-22Bx1613-22,1622-22B,1613-22,173B_2,Plant#2,1613-22_1622-22B,1613-22,1622-22B,22,-44.9631637746699,37.1133993681461,5.82574060674804,3
SM:250_S158_R1_001,250_S158_R1_001,250_22-173B-,250,187,1,10,16,250,22,173B,1613,0,1622-22Bx1613-22,1622-22B,1613-22,173B_0,Plant#0,1613-22_1622-22B,1613-22,1622-22B,22,10.7360472193095,-2.17143627018797,12.9038147786228,2
SM:251_S169_R1_001,251_S169_R1_001,251_22-175B-2,251,188,1,10,17,251,22,175B,1613,2,1622-22Ex1613-22,1622-22E,1613-22,175B_2,Plant#2,1613-22_1622-22E,1613-22,1622-22E,22,21.8326828897439,7.30047353549497,47.8872399444595,2
SM:252_S181_R1_001,252_S181_R1_001,252_22-176B-2,252,189,1,10,18,252,22,176B,1613,2,1622-22Fx1613-22,1622-22F,1613-22,176B_2,Plant#2,1613-22_1622-22F,1613-22,1622-22F,22,-62.1867303087534,27.284986657915,10.4143523148053,3
SM:253_S193_R1_001,253_S193_R1_001,253_22-178B-1,253,190,1,10,19,253,22,178B,1613,1,1622-22Hx1613-22,1622-22H,1613-22,178B_1,Plant#1,1613-22_1622-22H,1613-22,1622-22H,22,21.9137514083535,19.1576573039201,-4.13081239094153,2
SM:255_S205_R1_001,255_S205_R1_001,255_23-184B-1,255,191,1,11,1,255,23,184B,1613,1,1622-23Dx1613-23,1622-23D,1613-23,184B_1,Plant#1,1613-23_1622-23D,1613-23,1622-23D,23,14.5532165922651,6.21027879199563,-10.1865273639034,2
SM:257_S217_R1_001,257_S217_R1_001,257_23-182B-10,257,192,1,11,2,257,23,182B,1613,10,1622-23Ax1613-23,1622-23A,1613-23,182B_10,Plant#10,1613-23_1622-23A,1613-23,1622-23A,23,-42.0863557943946,12.861050736469,3.96381326302114,3
SM:258_S103_R1_001,258_S103_R1_001,258_23-183B-9,258,193,1,11,3,258,23,183B,1613,9,1622-23Cx1613-23,1622-23C,1613-23,183B_9,Plant#9,1613-23_1622-23C,1613-23,1622-23C,23,18.2460826932069,-9.6140555777394,46.6915036032264,2
SM:263_S159_R1_001,263_S159_R1_001,263_25-188B-1,263,195,1,11,5,263,25,188B,1613,1,1622-25Cx1613-25,1622-25C,1613-25,188B_1,Plant#1,1613-25_1622-25C,1613-25,1622-25C,25,29.7082420980688,2.58229762901336,4.49417707920195,2
SM:264_S170_R1_001,264_S170_R1_001,264_26-194B-1,264,196,1,11,6,264,26,194B,1613,1,1622-26Cx1613-26,1622-26C,1613-26,194B_1,Plant#1,1613-26_1622-26C,1613-26,1622-26C,26,-70.019836606801,33.7064477188157,18.0628749080947,3
SM:265_S182_R1_001,265_S182_R1_001,265_26-195B-1,265,197,1,11,7,265,26,195B,1613,1,1622-26Dx1613-26,1622-26D,1613-26,195B_1,Plant#1,1613-26_1622-26D,1613-26,1622-26D,26,24.6047750331684,32.5314658970768,-29.0473212536235,2
SM:266_S194_R1_001,266_S194_R1_001,266_26-198B-1,266,198,1,11,8,266,26,198B,1613,1,1622-26Gx1613-26,1622-26G,1613-26,198B_1,Plant#1,1613-26_1622-26G,1613-26,1622-26G,26,17.2967766801467,9.18891268524287,50.0901337160877,2
SM:267_S206_R1_001,267_S206_R1_001,267_26-193B-1,267,199,1,11,9,267,26,193B,1613,1,1622-26Bx1613-26,1622-26B,1613-26,193B_1,Plant#1,1613-26_1622-26B,1613-26,1622-26B,26,18.5508616049111,0.00147150499292423,19.6551058942371,2
SM:268_S218_R1_001,268_S218_R1_001,268_26-194B-2,268,200,1,11,10,268,26,194B,1613,2,1622-26Cx1613-26,1622-26C,1613-26,194B_2,Plant#2,1613-26_1622-26C,1613-26,1622-26C,26,0.553224635324331,12.6607549827649,21.4069186374503,2
SM:269_S136_R1_001,269_S136_R1_001,269_26-194B-9,269,201,1,11,11,269,26,194B,1613,9,1622-26Cx1613-26,1622-26C,1613-26,194B_9,Plant#9,1613-26_1622-26C,1613-26,1622-26C,26,5.62826599182634,0.663818766437824,57.6587423258141,2
SM:271_S148_R1_001,271_S148_R1_001,271_26-195B-10,271,202,1,11,12,271,26,195B,1613,10,1622-26Dx1613-26,1622-26D,1613-26,195B_10,Plant#10,1613-26_1622-26D,1613-26,1622-26D,26,-50.751425131593,28.398860710658,20.7422466677186,3
SM:272_S160_R1_001,272_S160_R1_001,272_26-195B-15,272,203,1,11,13,272,26,195B,1613,15,1622-26Dx1613-26,1622-26D,1613-26,195B_15,Plant#15,1613-26_1622-26D,1613-26,1622-26D,26,23.6662403264135,46.9898861617686,-24.0056274410986,2
SM:273_S171_R1_001,273_S171_R1_001,273_26-195B-12,273,204,1,11,14,273,26,195B,1613,12,1622-26Dx1613-26,1622-26D,1613-26,195B_12,Plant#12,1613-26_1622-26D,1613-26,1622-26D,26,17.4128611123586,-2.91404394581174,4.58926776267613,2
SM:274_S183_R1_001,274_S183_R1_001,274_26-196B-2,274,205,1,11,15,274,26,196B,1613,2,1622-26Ex1613-26,1622-26E,1613-26,196B_2,Plant#2,1613-26_1622-26E,1613-26,1622-26E,26,20.424301200736,41.9928488129944,-11.1985976769282,2
SM:275_S195_R1_001,275_S195_R1_001,275_26-196B-,275,206,1,11,16,275,26,196B,1613,0,1622-26Ex1613-26,1622-26E,1613-26,196B_0,Plant#0,1613-26_1622-26E,1613-26,1622-26E,26,-5.38880419804579,-45.2351594891549,-5.7767646757854,1
SM:280_S207_R1_001,280_S207_R1_001,280_29-217B-1,280,207,1,11,17,280,29,217B,1613,1,1622-29Ix1613-29,1622-29I,1613-29,217B_1,Plant#1,1613-29_1622-29I,1613-29,1622-29I,29,26.0555110519022,9.0283163103938,-18.6595131368156,2
SM:282_S219_R1_001,282_S219_R1_001,282_29-214B-2,282,208,1,11,18,282,29,214B,1613,2,1622-29Dx1613-29,1622-29D,1613-29,214B_2,Plant#2,1613-29_1622-29D,1613-29,1622-29D,29,30.0888864484598,20.8375939704384,-10.2795098519424,2
SM:284_S137_R1_001,284_S137_R1_001,284_2-3B-1,284,209,1,11,19,284,2,3B,1613,1,1622-2Cx1613-2,1622-2C,1613-2,3B_1,Plant#1,1613-2_1622-2C,1613-2,1622-2C,2,30.9343366119461,41.5551506267202,-23.3392615948464,2
SM:285_S149_R1_001,285_S149_R1_001,285_2-3B-2,285,210,1,12,1,285,2,3B,1613,2,1622-2Cx1613-2,1622-2C,1613-2,3B_2,Plant#2,1613-2_1622-2C,1613-2,1622-2C,2,32.8696116621963,34.9275866383824,-36.6429445886613,2
SM:286_S161_R1_001,286_S161_R1_001,286_2-4B-2-A,286,211,1,12,2,286,2,4B,1613,2-A,1622-2Dx1613-2,1622-2D,1613-2,4B_2-A,Plant#2,1613-2_1622-2D,1613-2,1622-2D,2,41.3972675682989,38.0156736847187,-23.7896985473274,2
SM:287_S172_R1_001,287_S172_R1_001,287_2-4B-2-B,287,212,1,12,3,287,2,4B,1613,2-B,1622-2Dx1613-2,1622-2D,1613-2,4B_2-B,Plant#2,1613-2_1622-2D,1613-2,1622-2D,2,7.40883303113853,23.3825085181831,-35.0887532865,2
SM:288_S184_R1_001,288_S184_R1_001,288_2-5B-2,288,213,1,12,4,288,2,5B,1613,2,1622-2Ex1613-2,1622-2E,1613-2,5B_2,Plant#2,1613-2_1622-2E,1613-2,1622-2E,2,36.277122878256,33.6201896593523,-15.4178076742005,2
SM:291_S196_R1_001,291_S196_R1_001,291_30-227B-1,291,214,1,12,5,291,30,227B,1613,1,1622-30Kx1613-30,1622-30K,1613-30,227B_1,Plant#1,1613-30_1622-30K,1613-30,1622-30K,30,27.7779184014344,-14.613490081905,10.6569369197063,2
SM:295_S208_R1_001,295_S208_R1_001,295_30-222B-2,295,215,1,12,6,295,30,222B,1613,2,1622-30Ex1613-30,1622-30E,1613-30,222B_2,Plant#2,1613-30_1622-30E,1613-30,1622-30E,30,20.6925583360727,-18.6392330727045,17.0355917978839,2
SM:296_S220_R1_001,296_S220_R1_001,296_30-223B-,296,216,1,12,7,296,30,223B,1613,0,1622-30Gx1613-30,1622-30G,1613-30,223B_0,Plant#0,1613-30_1622-30G,1613-30,1622-30G,30,32.3419561694835,-7.2717522592031,22.1817968204766,2
SM:297_S138_R1_001,297_S138_R1_001,297_30-224B-2,297,217,1,12,8,297,30,224B,1613,2,1622-30Hx1613-30,1622-30H,1613-30,224B_2,Plant#2,1613-30_1622-30H,1613-30,1622-30H,30,25.914089843099,-21.3230609788718,16.5931233461865,2
SM:298_S150_R1_001,298_S150_R1_001,298_30-227B-,298,218,1,12,9,298,30,227B,1613,0,1622-30Kx1613-30,1622-30K,1613-30,227B_0,Plant#0,1613-30_1622-30K,1613-30,1622-30K,30,10.4151186142651,-38.1170375897506,-12.073833654413,2
SM:299_S162_R1_001,299_S162_R1_001,299_30-228B-1,299,219,1,12,10,299,30,228B,1613,1,1622-30Lx1613-30,1622-30L,1613-30,228B_1,Plant#1,1613-30_1622-30L,1613-30,1622-30L,30,31.6758389672488,-2.78863355270527,25.5539958140476,2
SM:300_S173_R1_001,300_S173_R1_001,300_32-240B-1,300,220,1,12,11,300,32,240B,1613,1,1622-32Hx1613-32,1622-32H,1613-32,240B_1,Plant#1,1613-32_1622-32H,1613-32,1622-32H,32,27.0766217902695,11.5997048454711,-9.08844433790996,2
SM:302_S185_R1_001,302_S185_R1_001,302_32-244B-1,302,221,1,12,12,302,32,244B,1613,1,1622-32Lx1613-32,1622-32L,1613-32,244B_1,Plant#1,1613-32_1622-32L,1613-32,1622-32L,32,28.8231046352701,4.53160555341632,51.9345722051308,2
SM:303_S197_R1_001,303_S197_R1_001,303_3-11B-2,303,222,1,12,13,303,3,11B,1613,2,1622-3Cx1613-3,1622-3C,1613-3,11B_2,Plant#2,1613-3_1622-3C,1613-3,1622-3C,3,30.6549677617357,15.7637441975027,8.70021158713165,2
SM:304_S209_R1_001,304_S209_R1_001,304_3-11B-1,304,223,1,12,14,304,3,11B,1613,1,1622-3Cx1613-3,1622-3C,1613-3,11B_1,Plant#1,1613-3_1622-3C,1613-3,1622-3C,3,-35.0753762783031,32.769144345334,-22.3067984798739,3
SM:305_S221_R1_001,305_S221_R1_001,305_3-13B-2,305,224,1,12,15,305,3,13B,1613,2,1622-3Fx1613-3,1622-3F,1613-3,13B_2,Plant#2,1613-3_1622-3F,1613-3,1622-3F,3,34.8131602967996,55.4366178427206,-46.3133590749409,2
SM:306_S139_R1_001,306_S139_R1_001,306_3-13B-9,306,225,1,12,16,306,3,13B,1613,9,1622-3Fx1613-3,1622-3F,1613-3,13B_9,Plant#9,1613-3_1622-3F,1613-3,1622-3F,3,26.1216295923151,33.3583154269263,-41.2053469059234,2
SM:307_S151_R1_001,307_S151_R1_001,307_3-16B-2,307,226,1,12,17,307,3,16B,1613,2,1622-3Jx1613-3,1622-3J,1613-3,16B_2,Plant#2,1613-3_1622-3J,1613-3,1622-3J,3,27.7711944020495,21.032271877625,-4.53342536452225,2
SM:308_S163_R1_001,308_S163_R1_001,308_3-16B-11,308,227,1,12,18,308,3,16B,1613,11,1622-3Jx1613-3,1622-3J,1613-3,16B_11,Plant#11,1613-3_1622-3J,1613-3,1622-3J,3,12.3422024810865,13.6787777049786,-15.5253432662518,2
SM:309_S174_R1_001,309_S174_R1_001,309_3-17B-2,309,228,1,12,19,309,3,17B,1613,2,1622-3Kx1613-3,1622-3K,1613-3,17B_2,Plant#2,1613-3_1622-3K,1613-3,1622-3K,3,27.350525109424,30.994716330549,-20.4896035826121,2
SM:311_S186_R1_001,311_S186_R1_001,311_4-19B-1,311,229,1,13,1,311,4,19B,1613,1,1622-4Cx1613-4,1622-4C,1613-4,19B_1,Plant#1,1613-4_1622-4C,1613-4,1622-4C,4,18.5308875759345,5.70101672117425,-8.59235386721056,2
SM:312_S198_R1_001,312_S198_R1_001,312_4-21B-8,312,230,1,13,2,312,4,21B,1613,8,1622-4Ex1613-4,1622-4E,1613-4,21B_8,plant#8,1613-4_1622-4E,1613-4,1622-4E,4,19.8014022238894,-4.62839192798477,5.31030163794978,2
SM:314_S210_R1_001,314_S210_R1_001,314_4-24B-8,314,231,1,13,3,314,4,24B,1613,8,1622-4Hx1613-4,1622-4H,1613-4,24B_8,plant#8,1613-4_1622-4H,1613-4,1622-4H,4,-50.0871042950298,30.2467524122861,12.0317675187131,3
SM:315_S222_R1_001,315_S222_R1_001,315_4-25B-2,315,232,1,13,4,315,4,25B,1613,2,1622-4Jx1613-4,1622-4J,1613-4,25B_2,Plant#2,1613-4_1622-4J,1613-4,1622-4J,4,40.6018948744796,21.8105255831824,-9.09744304497508,2
SM:316_S140_R1_001,316_S140_R1_001,316_4-25B-1,316,233,1,13,5,316,4,25B,1613,1,1613-4x1622-4J,1622-4J,1613-4,25B_1,Plant#1,1622-4J_1613-4,1613-4,1622-4J,4,23.7927452214324,-0.727774421251869,0.481797782012596,2
SM:318_S152_R1_001,318_S152_R1_001,318_4-27B-1,318,234,1,13,6,318,4,27B,1613,1,1622-4Lx1613-4,1622-4L,1613-4,27B_1,Plant#1,1613-4_1622-4L,1613-4,1622-4L,4,29.6969488919844,12.5620051666324,62.4792758535173,2
SM:319_S164_R1_001,319_S164_R1_001,319_5-34B-1,319,235,1,13,7,319,5,34B,1613,1,1622-5Ix1613-5,1622-5I,1613-5,34B_1,Plant#1,1613-5_1622-5I,1613-5,1622-5I,5,-4.5714990452667,-50.6424408636385,34.1135007270947,1
SM:320_S175_R1_001,320_S175_R1_001,320_5-30B-1,320,236,1,13,8,320,5,30B,1613,1,1622-5Dx1613-5,1622-5D,1613-5,30B_1,Plant#1,1613-5_1622-5D,1613-5,1622-5D,5,-42.1559587052349,3.45597868320196,51.2809906635191,3
SM:321_S187_R1_001,321_S187_R1_001,321_5-31B-1,321,237,1,13,9,321,5,31B,1613,1,1622-5Ex1613-5,1622-5E,1613-5,31B_1,Plant#1,1613-5_1622-5E,1613-5,1622-5E,5,13.3518533036865,-25.1280102311745,35.481788420013,2
SM:322_S199_R1_001,322_S199_R1_001,322_5-31B-2,322,238,1,13,10,322,5,31B,1613,2,1622-5Ex1613-5,1622-5E,1613-5,31B_2,Plant#2,1613-5_1622-5E,1613-5,1622-5E,5,21.6193248588888,-8.15087376037194,48.9251595964552,2
SM:324_S211_R1_001,324_S211_R1_001,324_5-33B-1,324,239,1,13,11,324,5,33B,1613,1,1622-5Gx1613-5,1622-5G,1613-5,33B_1,Plant#1,1613-5_1622-5G,1613-5,1622-5G,5,28.1569293731101,0.25574757772162,28.0082678165106,2
SM:325_S223_R1_001,325_S223_R1_001,325_5-33B-2,325,240,1,13,12,325,5,33B,1613,2,1622-5Gx1613-5,1622-5G,1613-5,33B_2,Plant#2,1613-5_1622-5G,1613-5,1622-5G,5,6.89397754868232,-15.1637805883901,34.7532186526881,2
SM:326_S224_R1_001,326_S224_R1_001,326_6-47B-1,326,241,1,13,13,326,6,47B,1613,1,1622-6Lx1613-6,1622-6L,1613-6,47B_1,Plant#1,1613-6_1622-6L,1613-6,1622-6L,6,-61.1866995184193,32.2769924630083,-2.88889791247084,3
SM:327_S236_R1_001,327_S236_R1_001,327_6-41B-1,327,242,1,13,14,327,6,41B,1613,1,1622-6Dx1613-6,1622-6D,1613-6,41B_1,Plant#1,1613-6_1622-6D,1613-6,1622-6D,6,10.0875240443258,10.6705200436248,-14.5324725770192,2
SM:330_S259_R1_001,330_S259_R1_001,330_6-43B-10,330,244,1,13,16,330,6,43B,1613,10,1622-6Gx1613-6,1622-6G,1613-6,43B_10,Plant#10,1613-6_1622-6G,1613-6,1622-6G,6,3.49599497316047,-6.63267869736741,-27.3537574098896,2
SM:331_S128_R1_001,331_S128_R1_001,331_6-44B-1,331,245,1,13,17,331,6,44B,1613,1,1622-6Hx1613-6,1622-6H,1613-6,44B_1,Plant#1,1613-6_1622-6H,1613-6,1622-6H,6,10.4142531481065,26.0271749716867,-41.009342116642,2
SM:333_S294_R1_001,333_S294_R1_001,333_6-47B-2,333,247,1,13,19,333,6,47B,1613,2,1622-6Lx1613-6,1622-6L,1613-6,47B_2,Plant#2,1613-6_1622-6L,1613-6,1622-6L,6,19.3980479853393,-7.26156579048029,34.9269226196533,2
SM:334_S306_R1_001,334_S306_R1_001,334_7-57B-1,334,248,1,14,1,334,7,57B,1613,1,1622-7Lx1613-7,1622-7L,1613-7,57B_1,Plant#1,1613-7_1622-7L,1613-7,1622-7L,7,33.1726932403434,11.4278464176249,2.78308327884412,2
SM:335_S225_R1_001,335_S225_R1_001,335_7-48B-1,335,249,1,14,2,335,7,48B,1613,1,1622-7Ax1613-7,1622-7A,1613-7,48B_1,Plant#1,1613-7_1622-7A,1613-7,1622-7A,7,30.8843254585305,24.2486669087169,3.54278449796796,2
SM:337_S237_R1_001,337_S237_R1_001,337_9-72B-1,337,250,1,14,3,337,9,72B,1613,1,1622-9Ix1613-9,1622-9I,1613-9,72B_1,Plant#1,1613-9_1622-9I,1613-9,1622-9I,9,30.2267095632418,6.92994705917318,1.86836161780469,2
SM:338_S248_R1_001,338_S248_R1_001,338_9-67B-1,338,251,1,14,4,338,9,67B,1613,1,1622-9Dx1613-9,1622-9D,1613-9,67B_1,Plant#1,1613-9_1622-9D,1613-9,1622-9D,9,-19.2087994446507,-50.3169968597705,-29.375603726995,1
SM:339_S260_R1_001,339_S260_R1_001,339_9-69B-1,339,252,1,14,5,339,9,69B,1613,1,1622-9Fx1613-9,1622-9F,1613-9,69B_1,Plant#1,1613-9_1622-9F,1613-9,1622-9F,9,31.4749333866188,2.81510226599953,-8.26225567614996,2
SM:342_S272_R1_001,342_S272_R1_001,342_9-70B-,342,253,1,14,6,342,9,70B,1613,0,1622-9Gx1613-9,1622-9G,1613-9,70B_0,Plant#0,1613-9_1622-9G,1613-9,1622-9G,9,30.4653945946872,12.686314901957,-2.69818090292275,2
SM:343_S283_R1_001,343_S283_R1_001,343_10D-77A-7,343,254,1,14,7,343,10D,77A,1622,7,1613-10x1622-10D,1613-10,1622-10D,77A_7,Plant#7,1613-10_1622-10D,1613-10,1622-10D,10,-1.21064065420902,-11.8345400935263,4.29535329375536,2
SM:344_S295_R1_001,344_S295_R1_001,344_11B-82A-4,344,255,1,14,8,344,11B,82A,1622,4,1613-11x1622-11B,1613-11,1622-11B,82A_4,Plant#4,1613-11_1622-11B,1613-11,1622-11B,11,4.38977593965439,-16.2963684465073,2.31829812987522,2
SM:350_S307_R1_001,350_S307_R1_001,350_14C-104A-4,350,256,1,14,9,350,14C,104A,1622,4,1613-14x1622-14C,1613-14,1622-14C,104A_4,Plant#4,1613-14_1622-14C,1613-14,1622-14C,14,25.7083944016519,-6.2258382056094,-0.324398985410792,2
SM:351_S226_R1_001,351_S226_R1_001,351_14E-105A-4,351,257,1,14,10,351,14E,105A,1622,4,1613-14x1622-14E,1613-14,1622-14E,105A_4,Plant#4,1613-14_1622-14E,1613-14,1622-14E,14,29.6466996629916,20.9105769912745,9.64268622543908,2
SM:353_S238_R1_001,353_S238_R1_001,353_14F-106A-3,353,258,1,14,11,353,14F,106A,1622,3,1613-14x1622-14F,1613-14,1622-14F,106A_3,Plant#3,1613-14_1622-14F,1613-14,1622-14F,14,30.2011012493402,34.8836315281213,-13.9724116307631,2
SM:354_S249_R1_001,354_S249_R1_001,354_15I-114A-4,354,259,1,14,12,354,15I,114A,1622,4,1613-15x1622-15I,1613-15,1622-15I,114A_4,Plant#4,1613-15_1622-15I,1613-15,1622-15I,15,-83.7996635522091,-7.68781827242996,-13.1812025267312,3
SM:355_S261_R1_001,355_S261_R1_001,355_15A-108A-6,355,260,1,14,13,355,15A,108A,1622,6,1613-15x1622-15A,1613-15,1622-15A,108A_6,Plant#6,1613-15_1622-15A,1613-15,1622-15A,15,-148.847386638537,27.7693470723494,7.22669586044412,3
SM:356_S273_R1_001,356_S273_R1_001,356_15A-108A-3,356,261,1,14,14,356,15A,108A,1622,3,1613-15x1622-15A,1613-15,1622-15A,108A_3,Plant#3,1613-15_1622-15A,1613-15,1622-15A,15,-49.5482783712192,22.3450614950122,46.6911426381942,3
SM:357_S284_R1_001,357_S284_R1_001,357_15A-108A-7,357,262,1,14,15,357,15A,108A,1622,7,1613-15x1622-15A,1613-15,1622-15A,108A_7,Plant#7,1613-15_1622-15A,1613-15,1622-15A,15,-17.0870154136998,16.680903113254,50.3880720428386,3
SM:358_S296_R1_001,358_S296_R1_001,358_15A-108A-4,358,263,1,14,16,358,15A,108A,1622,4,1613-15x1622-15A,1613-15,1622-15A,108A_4,Plant#4,1613-15_1622-15A,1613-15,1622-15A,15,-124.816148269831,29.4071151993892,2.86757328440626,3
SM:360_S308_R1_001,360_S308_R1_001,360_15F-112A-3,360,264,1,14,17,360,15F,112A,1622,3,1613-15x1622-15F,1613-15,1622-15F,112A_3,Plant#3,1613-15_1622-15F,1613-15,1622-15F,15,-54.3670768135078,38.6458284896116,-25.9533870968657,3
SM:361_S227_R1_001,361_S227_R1_001,361_15F-112A-6,361,265,1,14,18,361,15F,112A,1622,6,1613-15x1622-15F,1613-15,1622-15F,112A_6,Plant#6,1613-15_1622-15F,1613-15,1622-15F,15,-108.065589204115,45.6689107073994,2.90430463896784,3
SM:362_S239_R1_001,362_S239_R1_001,362_15F-112A-7,362,266,1,14,19,362,15F,112A,1622,7,1613-15x1622-15F,1613-15,1622-15F,112A_7,Plant#7,1613-15_1622-15F,1613-15,1622-15F,15,-137.045123940629,35.020098306205,2.99354217923299,3
SM:363_S250_R1_001,363_S250_R1_001,363_15F-112A-5,363,267,1,15,1,363,15F,112A,1622,5,1613-15x1622-15F,1613-15,1622-15F,112A_5,Plant#5,1613-15_1622-15F,1613-15,1622-15F,15,-103.928898496902,48.2707883537897,25.4425149178222,3
SM:364_S262_R1_001,364_S262_R1_001,364_15G-113A-4,364,268,1,15,2,364,15G,113A,1622,4,1613-15x1622-15G,1613-15,1622-15G,113A_4,Plant#4,1613-15_1622-15G,1613-15,1622-15G,15,-58.0243202431408,1.89275741833949,-9.9291274919674,3
SM:366_S274_R1_001,366_S274_R1_001,366_17F-130A-5,366,269,1,15,3,366,17F,130A,1622,5,1613-17x1622-17F,1613-17,1622-17F,130A_5,Plant#5,1613-17_1622-17F,1613-17,1622-17F,17,-49.150496817197,10.7015942956514,17.3968673055227,3
SM:367_S285_R1_001,367_S285_R1_001,367_17F-130A-6,367,270,1,15,4,367,17F,130A,1622,6,1613-17x1622-17F,1613-17,1622-17F,130A_6,Plant#6,1613-17_1622-17F,1613-17,1622-17F,17,5.13307225406012,-20.2127460076983,6.33342304416218,2
SM:368_S297_R1_001,368_S297_R1_001,368_17H-132A-6,368,271,1,15,5,368,17H,132A,1622,6,1613-17x1622-17H,1613-17,1622-17H,132A_6,Plant#6,1613-17_1622-17H,1613-17,1622-17H,17,17.4399500022652,-8.67788328141492,5.31687035784661,2
SM:369_S309_R1_001,369_S309_R1_001,369_17H-132A-4,369,272,1,15,6,369,17H,132A,1622,4,1613-17x1622-17H,1613-17,1622-17H,132A_4,Plant#4,1613-17_1622-17H,1613-17,1622-17H,17,-27.0421653378316,-73.5378532545332,-26.1144496616234,1
SM:370_S228_R1_001,370_S228_R1_001,370_18C-139A-4,370,273,1,15,7,370,18C,139A,1622,4,1613-18x1622-18C,1613-18,1622-18C,139A_4,Plant#4,1613-18_1622-18C,1613-18,1622-18C,18,3.04635109341674,-43.9796922332968,-48.8361946736891,1
SM:371_S240_R1_001,371_S240_R1_001,371_18C-139A-6,371,274,1,15,8,371,18C,139A,1622,6,1613-18x1622-18C,1613-18,1622-18C,139A_6,Plant#6,1613-18_1622-18C,1613-18,1622-18C,18,-29.1263100133331,-67.2329233441887,-29.9313837036483,1
SM:372_S251_R1_001,372_S251_R1_001,372_18D-140A-6,372,275,1,15,9,372,18D,140A,1622,6,1613-18x1622-18D,1613-18,1622-18D,140A_6,Plant#6,1613-18_1622-18D,1613-18,1622-18D,18,-15.1865366590643,-52.8371353516541,-7.48868968637149,1
SM:373_S263_R1_001,373_S263_R1_001,373_18D-140A-7,373,276,1,15,10,373,18D,140A,1622,7,1613-18x1622-18D,1613-18,1622-18D,140A_7,Plant#7,1613-18_1622-18D,1613-18,1622-18D,18,-11.7382160134418,-57.5497622830473,-22.2679779871032,1
SM:374_S275_R1_001,374_S275_R1_001,374_18D-140A-4,374,277,1,15,11,374,18D,140A,1622,4,1613-18x1622-18D,1613-18,1622-18D,140A_4,Plant#4,1613-18_1622-18D,1613-18,1622-18D,18,-5.10114378079846,-35.0743323210184,-4.57071723715825,1
SM:375_S286_R1_001,375_S286_R1_001,375_18F-142A-3,375,278,1,15,12,375,18F,142A,1622,3,1613-18x1622-18F,1613-18,1622-18F,142A_3,Plant#3,1613-18_1622-18F,1613-18,1622-18F,18,3.2309802882858,-45.7601113830038,-13.4246806893947,1
SM:376_S298_R1_001,376_S298_R1_001,376_18F-142A-4,376,279,1,15,13,376,18F,142A,1622,4,1613-18x1622-18F,1613-18,1622-18F,142A_4,Plant#4,1613-18_1622-18F,1613-18,1622-18F,18,-26.0682609763783,-46.1495004044114,-19.9345114983789,1
SM:378_S310_R1_001,378_S310_R1_001,378_19B-148A-3,378,280,1,15,14,378,19B,148A,1622,3,1613-19x1622-19B,1613-19,1622-19B,148A_3,Plant#3,1613-19_1622-19B,1613-19,1622-19B,19,27.5802366668719,4.47292262277732,13.1269873577233,2
SM:379_S229_R1_001,379_S229_R1_001,379_19C-149A-7,379,281,1,15,15,379,19C,149A,1622,7,1613-19x1622-19C,1613-19,1622-19C,149A_7,Plant#7,1613-19_1622-19C,1613-19,1622-19C,19,21.0323022287018,18.7439603381252,-43.8925657726786,2
SM:380_S241_R1_001,380_S241_R1_001,380_19C-149A-4,380,282,1,15,16,380,19C,149A,1622,4,1613-19x1622-19C,1613-19,1622-19C,149A_4,Plant#4,1613-19_1622-19C,1613-19,1622-19C,19,9.3063390884466,18.5677893542845,-53.9595581055831,2
SM:381_S252_R1_001,381_S252_R1_001,381_19C-149A-5,381,283,1,15,17,381,19C,149A,1622,5,1613-19x1622-19C,1613-19,1622-19C,149A_5,Plant#5,1613-19_1622-19C,1613-19,1622-19C,19,31.227317673086,14.2964937243824,-24.2771922829706,2
SM:382_S264_R1_001,382_S264_R1_001,382_19J-153A-6,382,284,1,15,18,382,19J,153A,1622,6,1613-19x1622-19J,1613-19,1622-19J,153A_6,Plant#6,1613-19_1622-19J,1613-19,1622-19J,19,25.5204400807951,14.0598416095351,-40.5122877646245,2
SM:383_S276_R1_001,383_S276_R1_001,383_19J-153A-5,383,285,1,15,19,383,19J,153A,1622,5,1613-19x1622-19J,1613-19,1622-19J,153A_5,Plant#5,1613-19_1622-19J,1613-19,1622-19J,19,30.3726145796292,8.97964360280456,-45.2887804318451,2
SM:384_S287_R1_001,384_S287_R1_001,384_19K-154A-3,384,286,1,16,1,384,19K,154A,1622,3,1613-19x1622-19K,1613-19,1622-19K,154A_3,Plant#3,1613-19_1622-19K,1613-19,1622-19K,19,25.0199103026449,25.3298529142613,-63.7358020184764,2
SM:385_S299_R1_001,385_S299_R1_001,385_19K-154A-5,385,287,1,16,2,385,19K,154A,1622,5,1613-19x1622-19K,1613-19,1622-19K,154A_5,Plant#5,1613-19_1622-19K,1613-19,1622-19K,19,28.7679111664893,12.3018488386587,-26.9204755167071,2
SM:386_S311_R1_001,386_S311_R1_001,386_2D-4A-4,386,288,1,16,3,386,2D,4A,1622,4,1613-2x1622-2D,1613-2,1622-2D,4A_4,Plant#4,1613-2_1622-2D,1613-2,1622-2D,2,-37.6729839421281,54.724037673919,-32.9847133202377,3
SM:387_S230_R1_001,387_S230_R1_001,387_2D-4A-3,387,289,1,16,4,387,2D,4A,1622,3,1613-2x1622-2D,1613-2,1622-2D,4A_3,Plant#3,1613-2_1622-2D,1613-2,1622-2D,2,16.8668278284691,21.8005065657853,-33.205226017813,2
SM:389_S242_R1_001,389_S242_R1_001,389_20H-161A-3,389,290,1,16,5,389,20H,161A,1622,3,1613-20x1622-20H,1613-20,1622-20H,161A_3,Plant#3,1613-20_1622-20H,1613-20,1622-20H,20,13.8611572458367,49.5652104645154,1.17592419793326,2
SM:390_S253_R1_001,390_S253_R1_001,390_20H-161A-6,390,291,1,16,6,390,20H,161A,1622,6,1613-20x1622-20H,1613-20,1622-20H,161A_6,Plant#6,1613-20_1622-20H,1613-20,1622-20H,20,8.52293703231714,47.1273713561885,2.54152008865902,2
SM:391_S265_R1_001,391_S265_R1_001,391_20H-161A-7,391,292,1,16,7,391,20H,161A,1622,7,1613-20x1622-20H,1613-20,1622-20H,161A_7,Plant#7,1613-20_1622-20H,1613-20,1622-20H,20,23.892209045474,8.57319009753244,54.3199808403131,2
SM:392_S277_R1_001,392_S277_R1_001,392_21I-170A-4,392,293,1,16,8,392,21I,170A,1622,4,1613-21x1622-21I,1613-21,1622-21I,170A_4,Plant#4,1613-21_1622-21I,1613-21,1622-21I,21,27.9420783840102,-5.83802513980413,60.4272905372943,2
SM:393_S288_R1_001,393_S288_R1_001,393_21A-166A-3,393,294,1,16,9,393,21A,166A,1622,3,1613-21x1622-21A,1613-21,1622-21A,166A_3,Plant#3,1613-21_1622-21A,1613-21,1622-21A,21,-5.5796291894612,-34.3563709021345,-3.79575194985954,1
SM:397_S300_R1_001,397_S300_R1_001,397_22F-176A-4,397,295,1,16,10,397,22F,176A,1622,4,1613-22x1622-22F,1613-22,1622-22F,176A_4,Plant#4,1613-22_1622-22F,1613-22,1622-22F,22,20.7092033936613,16.3099626720066,-1.27213325948435,2
SM:400_S312_R1_001,400_S312_R1_001,400_22F-176A-7,400,296,1,16,11,400,22F,176A,1622,7,1613-22x1622-22F,1613-22,1622-22F,176A_7,Plant#7,1613-22_1622-22F,1613-22,1622-22F,22,32.6870011371587,-16.9859746055001,97.0784524773739,2
SM:401_S231_R1_001,401_S231_R1_001,401_22F-176A-3,401,297,1,16,12,401,22F,176A,1622,3,1613-22x1622-22F,1613-22,1622-22F,176A_3,Plant#3,1613-22_1622-22F,1613-22,1622-22F,22,28.3128003371358,23.5076964550824,-3.63905614053275,2
SM:402_S243_R1_001,402_S243_R1_001,402_22G-177A-3,402,298,1,16,13,402,22G,177A,1622,3,1613-22x1622-22G,1613-22,1622-22G,177A_3,Plant#3,1613-22_1622-22G,1613-22,1622-22G,22,25.7496786275477,15.5230078977717,-13.5398885408341,2
SM:404_S254_R1_001,404_S254_R1_001,404_23A-182A-4,404,299,1,16,14,404,23A,182A,1622,4,1613-23x1622-23A,1613-23,1622-23A,182A_4,Plant#4,1613-23_1622-23A,1613-23,1622-23A,23,9.63494766798595,-6.66772173980608,-6.03439450918289,2
SM:405_S266_R1_001,405_S266_R1_001,405_23D-184A-6,405,300,1,16,15,405,23D,184A,1622,6,1613-23x1622-23D,1613-23,1622-23D,184A_6,Plant#6,1613-23_1622-23D,1613-23,1622-23D,23,-17.4178557970216,-8.02323682154493,-20.2242786939494,1
SM:406_S278_R1_001,406_S278_R1_001,406_23D-184A-7,406,301,1,16,16,406,23D,184A,1622,7,1613-23x1622-23D,1613-23,1622-23D,184A_7,Plant#7,1613-23_1622-23D,1613-23,1622-23D,23,-13.1931707093084,-58.7461107084141,-23.5057839268001,1
SM:408_S289_R1_001,408_S289_R1_001,408_23F-186A-7,408,302,1,16,17,408,23F,186A,1622,7,1613-23x1622-23F,1613-23,1622-23F,186A_7,Plant#7,1613-23_1622-23F,1613-23,1622-23F,23,18.7642834119832,5.28309999639579,-0.600703942181727,2
SM:409_S301_R1_001,409_S301_R1_001,409_26A-192A-4,409,303,1,16,18,409,26A,192A,1622,4,1613-26x1622-26A,1613-26,1622-26A,192A_4,Plant#4,1613-26_1622-26A,1613-26,1622-26A,26,-51.8485953647406,39.8543952837471,21.4525624714495,3
SM:410_S313_R1_001,410_S313_R1_001,410_26D-195A-3,410,304,1,16,19,410,26D,195A,1622,3,1613-26x1622-26D,1613-26,1622-26D,195A_3,Plant#3,1613-26_1622-26D,1613-26,1622-26D,26,7.95647044419659,-3.24878884688866,20.2594580623181,2
SM:411_S232_R1_001,411_S232_R1_001,411_26D-195A-4,411,305,1,17,1,411,26D,195A,1622,4,1613-26x1622-26D,1613-26,1622-26D,195A_4,Plant#4,1613-26_1622-26D,1613-26,1622-26D,26,1.2059163366024,8.65464243298297,16.8523908386272,2
SM:413_S244_R1_001,413_S244_R1_001,413_26D-195A-8,413,306,1,17,2,413,26D,195A,1622,8,1613-26x1622-26D,1613-26,1622-26D,195A_8,Plant#8,1613-26_1622-26D,1613-26,1622-26D,26,10.7012433351623,3.94291991921262,5.99929787459115,2
SM:414_S255_R1_001,414_S255_R1_001,414_26E-196A-5,414,307,1,17,3,414,26E,196A,1622,5,1613-26x1622-26E,1613-26,1622-26E,196A_5,Plant#5,1613-26_1622-26E,1613-26,1622-26E,26,25.1684414892597,-4.19368803316537,29.6265760482542,2
SM:416_S267_R1_001,416_S267_R1_001,416_26E-196A-4,416,308,1,17,4,416,26E,196A,1622,4,1613-26x1622-26E,1613-26,1622-26E,196A_4,Plant#4,1613-26_1622-26E,1613-26,1622-26E,26,1.09336203417814,-37.0260704359794,-2.51295528018221,1
SM:420_S279_R1_001,420_S279_R1_001,420_28B-204A-5,420,309,1,17,5,420,28B,204A,1622,5,1613-28x1622-28B,1613-28,1622-28B,204A_5,Plant#5,1613-28_1622-28B,1613-28,1622-28B,28,23.393696699482,-10.981076164748,4.98393634093928,2
SM:421_S290_R1_001,421_S290_R1_001,421_28D-206A-3,421,310,1,17,6,421,28D,206A,1622,3,1613-28x1622-28D,1613-28,1622-28D,206A_3,Plant#3,1613-28_1622-28D,1613-28,1622-28D,28,-52.761760660883,10.5808460009407,17.5124808908377,3
SM:422_S302_R1_001,422_S302_R1_001,422_28D-206A-6,422,311,1,17,7,422,28D,206A,1622,6,1613-28x1622-28D,1613-28,1622-28D,206A_6,Plant#6,1613-28_1622-28D,1613-28,1622-28D,28,22.0587784816946,-4.53454443390104,5.48233267185559,2
SM:423_S314_R1_001,423_S314_R1_001,423_28D-206A-7,423,312,1,17,8,423,28D,206A,1622,7,1613-28x1622-28D,1613-28,1622-28D,206A_7,Plant#7,1613-28_1622-28D,1613-28,1622-28D,28,34.1276603149345,8.20793429565961,0.276129767073763,2
SM:425_S233_R1_001,425_S233_R1_001,425_28D-206A-4,425,313,1,17,9,425,28D,206A,1622,4,1613-28x1622-28D,1613-28,1622-28D,206A_4,Plant#4,1613-28_1622-28D,1613-28,1622-28D,28,15.7917672509236,-12.9573125295426,18.7122285666656,2
SM:427_S245_R1_001,427_S245_R1_001,427_29C-213A-5,427,314,1,17,10,427,29C,213A,1622,5,1613-29x1622-29C,1613-29,1622-29C,213A_5,Plant#5,1613-29_1622-29C,1613-29,1622-29C,29,11.7479680000155,-19.360229724682,3.67549676322101,2
SM:428_S256_R1_001,428_S256_R1_001,428_29C-213A-6,428,315,1,17,11,428,29C,213A,1622,6,1613-29x1622-29C,1613-29,1622-29C,213A_6,Plant#6,1613-29_1622-29C,1613-29,1622-29C,29,23.6171194851784,-10.759673206372,-4.57984192693632,2
SM:432_S268_R1_001,432_S268_R1_001,432_3J-16A-3,432,316,1,17,12,432,3J,16A,1622,3,1613-3x1622-3J,1613-3,1622-3J,16A_3,Plant#3,1613-3_1622-3J,1613-3,1622-3J,3,32.0297215384084,31.3089832135971,-12.8689984349435,2
SM:435_S280_R1_001,435_S280_R1_001,435_30A-218A-5,435,317,1,17,13,435,30A,218A,1622,5,1613-30x1622-30A,1613-30,1622-30A,218A_5,Plant#5,1613-30_1622-30A,1613-30,1622-30A,30,31.1656786014997,-0.311121323290473,17.6888036527022,2
SM:436_S291_R1_001,436_S291_R1_001,436_30B-219A-4,436,318,1,17,14,436,30B,219A,1622,4,1613-30x1622-30B,1613-30,1622-30B,219A_4,Plant#4,1613-30_1622-30B,1613-30,1622-30B,30,24.5075134567802,-8.02231208124818,10.6993516468386,2
SM:437_S303_R1_001,437_S303_R1_001,437_30B-219A-7,437,319,1,17,15,437,30B,219A,1622,7,1613-30x1622-30B,1613-30,1622-30B,219A_7,Plant#7,1613-30_1622-30B,1613-30,1622-30B,30,22.8003708441984,-9.42737153605798,15.1242300022588,2
SM:438_S315_R1_001,438_S315_R1_001,438_30L-228A-4,438,320,1,17,16,438,30L,228A,1622,4,1613-30x1622-30L,1613-30,1622-30L,228A_4,Plant#4,1613-30_1622-30L,1613-30,1622-30L,30,33.8547357386184,26.8747654543509,-17.7211778457465,2
SM:439_S234_R1_001,439_S234_R1_001,439_30L-228A-3,439,321,1,17,17,439,30L,228A,1622,3,1613-30x1622-30L,1613-30,1622-30L,228A_3,Plant#3,1613-30_1622-30L,1613-30,1622-30L,30,28.3010257696882,6.14835106155975,-17.6148762827118,2
SM:440_S246_R1_001,440_S246_R1_001,440_31A-229A-3,440,322,1,17,18,440,31A,229A,1622,3,1613-31x1622-31A,1613-31,1622-31A,229A_3,Plant#3,1613-31_1622-31A,1613-31,1622-31A,31,4.20321400180126,-12.9676015541275,17.2286214175775,2
SM:441_S257_R1_001,441_S257_R1_001,441_31F-232A-5,441,323,1,17,19,441,31F,232A,1622,5,1613-31x1622-31F,1613-31,1622-31F,232A_5,Plant#5,1613-31_1622-31F,1613-31,1622-31F,31,5.00018568749731,4.6862359359177,10.5374103327863,2
SM:442_S269_R1_001,442_S269_R1_001,442_31F-232A-6,442,324,1,18,1,442,31F,232A,1622,6,1613-31x1622-31F,1613-31,1622-31F,232A_6,Plant#6,1613-31_1622-31F,1613-31,1622-31F,31,2.61403803925847,-6.39964732305725,3.52296849429283,2
SM:446_S281_R1_001,446_S281_R1_001,446_5I-34A-4,446,325,1,18,2,446,5I,34A,1622,4,1613-5x1622-5I,1613-5,1622-5I,34A_4,Plant#4,1613-5_1622-5I,1613-5,1622-5I,5,27.9747389793931,1.72000753016713,50.9616182846605,2
SM:447_S292_R1_001,447_S292_R1_001,447_5B-29A-3,447,326,1,18,3,447,5B,29A,1622,3,1613-5x1622-5B,1613-5,1622-5B,29A_3,Plant#3,1613-5_1622-5B,1613-5,1622-5B,5,22.8371838952623,-9.44684370271035,51.9376464332239,2
SM:449_S304_R1_001,449_S304_R1_001,449_5E-31A-5,449,327,1,18,4,449,5E,31A,1622,5,1613-5x1622-5E,1613-5,1622-5E,31A_5,Plant#5,1613-5_1622-5E,1613-5,1622-5E,5,22.9748586719335,-10.7436046698426,48.7290448135095,2
SM:450_S316_R1_001,450_S316_R1_001,450_5E-31A-6,450,328,1,18,5,450,5E,31A,1622,6,1613-5x1622-5E,1613-5,1622-5E,31A_6,Plant#6,1613-5_1622-5E,1613-5,1622-5E,5,16.0867163891365,-16.1706961982512,48.6780234965679,2
SM:451_S235_R1_001,451_S235_R1_001,451_5E-31A-7,451,329,1,18,6,451,5E,31A,1622,7,1613-5x1622-5E,1613-5,1622-5E,31A_7,Plant#7,1613-5_1622-5E,1613-5,1622-5E,5,30.8456562477069,3.31858013731386,36.5039581507278,2
SM:452_S247_R1_001,452_S247_R1_001,452_5I-34A-3,452,330,1,18,7,452,5I,34A,1622,3,1613-5x1622-5I,1613-5,1622-5I,34A_3,Plant#3,1613-5_1622-5I,1613-5,1622-5I,5,29.8459411988374,-2.14521889082548,46.8390373530885,2
SM:453_S258_R1_001,453_S258_R1_001,453_6B-39A-6,453,331,1,18,8,453,6B,39A,1622,6,1613-6x1622-6B,1613-6,1622-6B,39A_6,Plant#6,1613-6_1622-6B,1613-6,1622-6B,6,-2.28063774439653,2.22530221461267,-9.10832579871149,2
SM:454_S270_R1_001,454_S270_R1_001,454_6B-39A-4,454,332,1,18,9,454,6B,39A,1622,4,1613-6x1622-6B,1613-6,1622-6B,39A_4,Plant#4,1613-6_1622-6B,1613-6,1622-6B,6,0.984382872018458,2.0675122420066,-10.2040748192066,2
SM:456_S282_R1_001,456_S282_R1_001,456_6H-44A-4,456,333,1,18,10,456,6H,44A,1622,4,1613-6x1622-6H,1613-6,1622-6H,44A_4,Plant#4,1613-6_1622-6H,1613-6,1622-6H,6,6.15570606559157,13.8219662362242,-28.6422927650589,2
SM:457_S293_R1_001,457_S293_R1_001,457_7A-48A-3,457,334,1,18,11,457,7A,48A,1622,3,1613-7x1622-7A,1613-7,1622-7A,48A_3,Plant#3,1613-7_1622-7A,1613-7,1622-7A,7,23.3658527153465,19.9749872945158,1.19777155360587,2
SM:459_S305_R1_001,459_S305_R1_001,459_9G-70A-4,459,335,1,18,12,459,9G,70A,1622,4,1613-9x1622-9G,1613-9,1622-9G,70A_4,Plant#4,1613-9_1622-9G,1613-9,1622-9G,9,34.0362622204586,-9.52011489426399,37.0154914104148,2
SM:461_S317_R1_001,461_S317_R1_001,461_10-76B-7,461,336,1,18,13,461,10,76B,1613,7,1622-10Cx1613-10,1622-10C,1613-10,76B_7,Plant#7,1613-10_1622-10C,1613-10,1622-10C,10,-9.45406740537911,-15.7078397788245,-13.2284018580493,1
SM:464_S329_R1_001,464_S329_R1_001,464_10-77B-5,464,338,1,18,15,464,10,77B,1613,5,1622-10Dx1613-10,1622-10D,1613-10,77B_5,Plant#5,1613-10_1622-10D,1613-10,1622-10D,10,16.7651333203744,14.6201030656278,-35.8636206749096,2
SM:465_S341_R1_001,465_S341_R1_001,465_10-77B-6,465,339,1,18,16,465,10,77B,1613,6,1622-10Dx1613-10,1622-10D,1613-10,77B_6,Plant#6,1613-10_1622-10D,1613-10,1622-10D,10,2.90927951881515,-0.794676919018399,-6.87514275348728,2
SM:466_S353_R1_001,466_S353_R1_001,466_10-77B-4,466,340,1,18,17,466,10,77B,1613,4,1622-10Dx1613-10,1622-10D,1613-10,77B_4,Plant#4,1613-10_1622-10D,1613-10,1622-10D,10,17.3289440815064,2.13796012444801,-0.279225832711007,2
SM:467_S365_R1_001,467_S365_R1_001,467_10-79B-4,467,341,1,18,18,467,10,79B,1613,4,1622-10Fx1613-10,1622-10F,1613-10,79B_4,Plant#4,1613-10_1622-10F,1613-10,1622-10F,10,-85.5430809220185,13.4171988768989,0.787839124178263,3
SM:469_S377_R1_001,469_S377_R1_001,469_10-81B-7,469,342,1,18,19,469,10,81B,1613,7,1622-10Kx1613-10,1622-10K,1613-10,81B_7,Plant#7,1613-10_1622-10K,1613-10,1622-10K,10,-6.48141183234184,-26.3400090496875,-7.3644569134983,2
SM:470_S388_R1_001,470_S388_R1_001,470_10-81B-5,470,343,1,19,1,470,10,81B,1613,5,1622-10Kx1613-10,1622-10K,1613-10,81B_5,Plant#5,1613-10_1622-10K,1613-10,1622-10K,10,-5.69499047679328,-22.6997592133621,-6.89913603984734,1
SM:475_S400_R1_001,475_S400_R1_001,475_11-86B-7,475,344,1,19,2,475,11,86B,1613,7,1622-11Fx1613-11,1622-11F,1613-11,86B_7,Plant#7,1613-11_1622-11F,1613-11,1622-11F,11,10.7566151547182,-6.11593801527463,0.117762074013381,2
SM:476_S318_R1_001,476_S318_R1_001,476_11-86B-5,476,345,1,19,3,476,11,86B,1613,5,1622-11Fx1613-11,1622-11F,1613-11,86B_5,Plant#5,1613-11_1622-11F,1613-11,1622-11F,11,10.9769471598926,2.00438184874865,-24.7618709291689,2
SM:477_S330_R1_001,477_S330_R1_001,477_11-86B-4,477,346,1,19,4,477,11,86B,1613,4,1622-11Fx1613-11,1622-11F,1613-11,86B_4,Plant#4,1613-11_1622-11F,1613-11,1622-11F,11,11.2685718244979,-8.06083647982697,1.12685903855352,2
SM:478_S342_R1_001,478_S342_R1_001,478_13-102B-4,478,347,1,19,5,478,13,102B,1613,4,1622-13Ix1613-13,1622-13I,1613-13,102B_4,Plant#4,1613-13_1622-13I,1613-13,1622-13I,13,18.6173671318173,-15.608216330474,18.5000344538962,2
SM:479_S354_R1_001,479_S354_R1_001,479_13-99B-4,479,348,1,19,6,479,13,99B,1613,4,1622-13Fx1613-13,1622-13F,1613-13,99B_4,Plant#4,1613-13_1622-13F,1613-13,1622-13F,13,5.95960360024893,-11.070489010071,5.43656552226901,2
SM:480_S366_R1_001,480_S366_R1_001,480_13-99B-3,480,349,1,19,7,480,13,99B,1613,3,1622-13Fx1613-13,1622-13F,1613-13,99B_3,Plant#3,1613-13_1622-13F,1613-13,1622-13F,13,19.7605933727826,-7.62124915568136,10.0038799327226,2
SM:481_S378_R1_001,481_S378_R1_001,481_13-100B-3,481,350,1,19,8,481,13,100B,1613,3,1622-13Gx1613-13,1622-13G,1613-13,100B_3,Plant#3,1613-13_1622-13G,1613-13,1622-13G,13,25.1421412341807,0.665730560222166,11.1939575930247,2
SM:482_S389_R1_001,482_S389_R1_001,482_13-101B-5,482,351,1,19,9,482,13,101B,1613,5,1622-13Hx1613-13,1622-13H,1613-13,101B_5,Plant#5,1613-13_1622-13H,1613-13,1622-13H,13,17.2319285780402,-3.55333916300424,8.77690138316239,2
SM:483_S401_R1_001,483_S401_R1_001,483_14-103B-4,483,352,1,19,10,483,14,103B,1613,4,1622-14Ax1613-14,1622-14A,1613-14,103B_4,Plant#4,1613-14_1622-14A,1613-14,1622-14A,14,25.0607285449926,0.0202130463074606,-15.6742207331308,2
SM:485_S319_R1_001,485_S319_R1_001,485_14-103B-7,485,353,1,19,11,485,14,103B,1613,7,1622-14Ax1613-14,1622-14A,1613-14,103B_7,Plant#7,1613-14_1622-14A,1613-14,1622-14A,14,19.2950364168175,11.2932356431934,3.62978813973132,2
SM:486_S331_R1_001,486_S331_R1_001,486_14-103B-5,486,354,1,19,12,486,14,103B,1613,5,1622-14Ax1613-14,1622-14A,1613-14,103B_5,Plant#5,1613-14_1622-14A,1613-14,1622-14A,14,12.9044998024169,-11.92304981748,-6.55267659194431,2
SM:487_S343_R1_001,487_S343_R1_001,487_15-108B-6,487,355,1,19,13,487,15,108B,1613,6,1622-15Ax1613-15,1622-15A,1613-15,108B_6,Plant#6,1613-15_1622-15A,1613-15,1622-15A,15,-88.831771440474,43.5010868300515,21.0460938832701,3
SM:488_S355_R1_001,488_S355_R1_001,488_15-108B-7,488,356,1,19,14,488,15,108B,1613,7,1622-15Ax1613-15,1622-15A,1613-15,108B_7,Plant#7,1613-15_1622-15A,1613-15,1622-15A,15,-46.3809036491451,7.92139957480538,14.4757518081947,3
SM:489_S367_R1_001,489_S367_R1_001,489_15-108B-4,489,357,1,19,15,489,15,108B,1613,4,1622-15Ax1613-15,1622-15A,1613-15,108B_4,Plant#4,1613-15_1622-15A,1613-15,1622-15A,15,-52.8408417289217,23.5101298383709,-9.94814292382801,3
SM:490_S379_R1_001,490_S379_R1_001,490_15-108B-3,490,358,1,19,16,490,15,108B,1613,3,1622-15Ax1613-15,1622-15A,1613-15,108B_3,Plant#3,1613-15_1622-15A,1613-15,1622-15A,15,-55.8835478689853,31.0212056608628,15.18954991819,3
SM:492_S390_R1_001,492_S390_R1_001,492_15-108B-5,492,359,1,19,17,492,15,108B,1613,5,1622-15Ax1613-15,1622-15A,1613-15,108B_5,Plant#5,1613-15_1622-15A,1613-15,1622-15A,15,-46.5334370232892,27.4080650751162,2.13006337933259,3
SM:493_S402_R1_001,493_S402_R1_001,493_15-112B-5,493,360,1,19,18,493,15,112B,1613,5,1622-15Fx1613-15,1622-15F,1613-15,112B_5,Plant#5,1613-15_1622-15F,1613-15,1622-15F,15,-110.321280888551,46.8539435886687,18.087442737822,3
SM:494_S320_R1_001,494_S320_R1_001,494_15-112B-4,494,361,1,19,19,494,15,112B,1613,4,1622-15Fx1613-15,1622-15F,1613-15,112B_4,Plant#4,1613-15_1622-15F,1613-15,1622-15F,15,-100.674283740107,36.5212434547664,7.36933465271132,3
SM:495_S332_R1_001,495_S332_R1_001,495_15-113B-3,495,362,1,20,1,495,15,113B,1613,3,1622-15Gx1613-15,1622-15G,1613-15,113B_3,Plant#3,1613-15_1622-15G,1613-15,1622-15G,15,-88.0776390966547,40.4609003846462,2.03901018576674,3
SM:496_S344_R1_001,496_S344_R1_001,496_15-113B-5,496,363,1,20,2,496,15,113B,1613,5,1622-15Gx1613-15,1622-15G,1613-15,113B_5,Plant#5,1613-15_1622-15G,1613-15,1622-15G,15,-103.854517803722,39.5154963568383,12.696434041749,3
SM:498_S356_R1_001,498_S356_R1_001,498_16-124B-4,498,364,1,20,3,498,16,124B,1613,4,1622-16Ix1613-16,1622-16I,1613-16,124B_4,Plant#4,1613-16_1622-16I,1613-16,1622-16I,16,-82.0673063976619,-11.1933096220586,-17.7579188888925,3
SM:499_S46_R1_001,499_S46_R1_001,499_16-119B-7,499,365,1,20,4,499,16,119B,1613,7,1622-16Cx1613-16,1622-16C,1613-16,119B_7,Plant#7,1613-16_1622-16C,1613-16,1622-16C,16,-28.0842563223266,-40.378064465121,-13.343007907379,1
SM:502_S380_R1_001,502_S380_R1_001,502_17-133B-3,502,366,1,20,5,502,17,133B,1613,3,1622-17Ix1613-17,1622-17I,1613-17,133B_3,Plant#3,1613-17_1622-17I,1613-17,1622-17I,17,17.8180999500901,12.5750338723468,-0.837726003334996,2
SM:503_S391_R1_001,503_S391_R1_001,503_17-133B-5,503,367,1,20,6,503,17,133B,1613,5,1622-17Ix1613-17,1622-17I,1613-17,133B_5,Plant#5,1613-17_1622-17I,1613-17,1622-17I,17,5.6816772732605,-16.5926974685629,12.5099871148209,2
SM:504_S403_R1_001,504_S403_R1_001,504_18-139B-5,504,368,1,20,7,504,18,139B,1613,5,1622-18Cx1613-18,1622-18C,1613-18,139B_5,Plant#5,1613-18_1622-18C,1613-18,1622-18C,18,-63.3396106040785,-37.2894575846492,-18.4731374156443,1
SM:505_S321_R1_001,505_S321_R1_001,505_18-139B-6,505,369,1,20,8,505,18,139B,1613,6,1622-18Cx1613-18,1622-18C,1613-18,139B_6,Plant#6,1613-18_1622-18C,1613-18,1622-18C,18,-30.0175025657686,-109.574177232714,-42.1446216004241,1
SM:506_S333_R1_001,506_S333_R1_001,506_18-139B-7,506,370,1,20,9,506,18,139B,1613,7,1622-18Cx1613-18,1622-18C,1613-18,139B_7,Plant#7,1613-18_1622-18C,1613-18,1622-18C,18,-37.1710694296144,-95.890727836694,-43.8645251838698,1
SM:507_S345_R1_001,507_S345_R1_001,507_18-139B-4,507,371,1,20,10,507,18,139B,1613,4,1622-18Cx1613-18,1622-18C,1613-18,139B_4,Plant#4,1613-18_1622-18C,1613-18,1622-18C,18,-2.08050939435154,-53.6051893405671,-30.6560897440277,1
SM:508_S357_R1_001,508_S357_R1_001,508_18-139B-3,508,372,1,20,11,508,18,139B,1613,3,1622-18Cx1613-18,1622-18C,1613-18,139B_3,Plant#3,1613-18_1622-18C,1613-18,1622-18C,18,2.76235856345796,-72.2371771444737,-34.1907487906465,1
SM:509_S369_R1_001,509_S369_R1_001,509_18-140B-3,509,373,1,20,12,509,18,140B,1613,3,1622-18Dx1613-18,1622-18D,1613-18,140B_3,Plant#3,1613-18_1622-18D,1613-18,1622-18D,18,1.20800529474421,-33.2425051005293,-20.2060234538693,1
SM:510_S381_R1_001,510_S381_R1_001,510_18-147B-4,510,374,1,20,13,510,18,147B,1613,4,1622-18Lx1613-18,1622-18L,1613-18,147B_4,Plant#4,1613-18_1622-18L,1613-18,1622-18L,18,-9.41171976708319,-52.2353953660838,-15.0368907916066,1
SM:511_S392_R1_001,511_S392_R1_001,511_18-147B-3,511,375,1,20,14,511,18,147B,1613,3,1622-18Lx1613-18,1622-18L,1613-18,147B_3,Plant#3,1613-18_1622-18L,1613-18,1622-18L,18,-20.1630342879767,-91.6025924301789,-29.7435781125034,1
SM:512_S404_R1_001,512_S404_R1_001,512_19-148B-4,512,376,1,20,15,512,19,148B,1613,4,1622-19Bx1613-19,1622-19B,1613-19,148B_4,Plant#4,1613-19_1622-19B,1613-19,1622-19B,19,37.4386287354923,16.2868506982179,-42.3324046354157,2
SM:513_S322_R1_001,513_S322_R1_001,513_19-153B-3,513,377,1,20,16,513,19,153B,1613,3,1622-19Jx1613-19,1622-19J,1613-19,153B_3,Plant#3,1613-19_1622-19J,1613-19,1622-19J,19,-49.7365590912658,28.7819769164048,-29.7026340092156,3
SM:514_S334_R1_001,514_S334_R1_001,514_15-153B-4,514,378,1,20,17,514,15,153B,1613,4,1622-19Jx1613-19,1622-19J,1613-19,153B_4,Plant#4,1613-19_1622-19J,1613-19,1622-19J,19,26.8251075645375,3.82936757971121,-57.4715901361114,2
SM:515_S346_R1_001,515_S346_R1_001,515_20-160B-4,515,379,1,20,18,515,20,160B,1613,4,1622-20Gx1613-20,1622-20G,1613-20,160B_4,Plant#4,1613-20_1622-20G,1613-20,1622-20G,20,25.3718541520601,36.6318256878281,1.63156725563186,2
SM:518_S358_R1_001,518_S358_R1_001,518_20-161B-3,518,380,1,20,19,518,20,161B,1613,3,1622-20Hx1613-20,1622-20H,1613-20,161B_3,Plant#3,1613-20_1622-20H,1613-20,1622-20H,20,11.0203917180877,30.8652406047032,-5.31862237366855,2
SM:519_S370_R1_001,519_S370_R1_001,519_20-164B-5,519,381,1,21,1,519,20,164B,1613,5,1622-20Kx1613-20,1622-20K,1613-20,164B_5,Plant#5,1613-20_1622-20K,1613-20,1622-20K,20,16.8650712164033,17.212739171438,-8.48482560774113,2
SM:521_S382_R1_001,521_S382_R1_001,521_21-169B-3,521,382,1,21,2,521,21,169B,1613,3,1622-21Gx1613-21,1622-21G,1613-21,169B_3,Plant#3,1613-21_1622-21G,1613-21,1622-21G,21,-3.35348007388603,-14.7951748262956,-11.800271532428,2
SM:522_S393_R1_001,522_S393_R1_001,522_21-169B-4,522,383,1,21,3,522,21,169B,1613,4,1622-21Gx1613-21,1622-21G,1613-21,169B_4,Plant#4,1613-21_1622-21G,1613-21,1622-21G,21,-25.5008871157388,-57.8919983486342,-22.5980186140234,1
SM:524_S405_R1_001,524_S405_R1_001,524_21-169B-7,524,384,1,21,4,524,21,169B,1613,7,1622-21Gx1613-21,1622-21G,1613-21,169B_7,Plant#7,1613-21_1622-21G,1613-21,1622-21G,21,-17.2757120333962,-11.3543760175775,-11.3852839084648,1
SM:525_S323_R1_001,525_S323_R1_001,525_21-171B-4,525,385,1,21,5,525,21,171B,1613,4,1622-21Kx1613-21,1622-21K,1613-21,171B_4,Plant#4,1613-21_1622-21K,1613-21,1622-21K,21,-6.81508915781657,-34.0670616437888,-21.7608443649837,1
SM:527_S335_R1_001,527_S335_R1_001,527_22-179B-3,527,386,1,21,6,527,22,179B,1613,3,1622-22Ix1613-22,1622-22I,1613-22,179B_3,Plant#3,1613-22_1622-22I,1613-22,1622-22I,22,25.2453732012727,18.6312401673095,-12.7793601891395,2
SM:528_S347_R1_001,528_S347_R1_001,528_22-176B-3,528,387,1,21,7,528,22,176B,1613,3,1622-22Fx1613-22,1622-22F,1613-22,176B_3,Plant#3,1613-22_1622-22F,1613-22,1622-22F,22,23.933649199925,3.80843893849828,44.1175292798559,2
SM:529_S359_R1_001,529_S359_R1_001,529_22-176B-4,529,388,1,21,8,529,22,176B,1613,4,1622-22Fx1613-22,1622-22F,1613-22,176B_4,Plant#4,1613-22_1622-22F,1613-22,1622-22F,22,23.4423936467163,13.8482411773813,-3.28715388707172,2
SM:530_S371_R1_001,530_S371_R1_001,530_22-176B-5,530,389,1,21,9,530,22,176B,1613,5,1622-22Fx1613-22,1622-22F,1613-22,176B_5,Plant#5,1613-22_1622-22F,1613-22,1622-22F,22,23.1141498574591,8.07082132641284,8.69261288129697,2
SM:532_S383_R1_001,532_S383_R1_001,532_22-178B-4,532,390,1,21,10,532,22,178B,1613,4,1622-22Hx1613-22,1622-22H,1613-22,178B_4,Plant#4,1613-22_1622-22H,1613-22,1622-22H,22,-51.6842668400878,30.6935112233448,6.05985718214008,3
SM:533_S394_R1_001,533_S394_R1_001,533_22-178B-3,533,391,1,21,11,533,22,178B,1613,3,1622-22Hx1613-22,1622-22H,1613-22,178B_3,Plant#3,1613-22_1622-22H,1613-22,1622-22H,22,-39.315119788841,29.9483838898038,8.31653574288468,3
SM:535_S406_R1_001,535_S406_R1_001,535_22-178B-6,535,392,1,21,12,535,22,178B,1613,6,1622-22Hx1613-22,1622-22H,1613-22,178B_6,Plant#6,1613-22_1622-22H,1613-22,1622-22H,22,-44.6625732264724,41.6116120753158,12.0630779661706,3
SM:536_S324_R1_001,536_S324_R1_001,536_23-182B-4,536,393,1,21,13,536,23,182B,1613,4,1622-23Ax1613-23,1622-23A,1613-23,182B_4,Plant#4,1613-23_1622-23A,1613-23,1622-23A,23,19.8675370989083,16.8278803631714,-7.99947590566295,2
SM:537_S336_R1_001,537_S336_R1_001,537_23-182B-6,537,394,1,21,14,537,23,182B,1613,6,1622-23Ax1613-23,1622-23A,1613-23,182B_6,Plant#6,1613-23_1622-23A,1613-23,1622-23A,23,0.885211027917924,-28.105143587391,13.4038000125947,2
SM:540_S348_R1_001,540_S348_R1_001,540_23-183B-3,540,395,1,21,15,540,23,183B,1613,3,1622-23Cx1613-23,1622-23C,1613-23,183B_3,Plant#3,1613-23_1622-23C,1613-23,1622-23C,23,5.61153220179199,-10.8100256543838,-3.67135687018456,2
SM:542_S360_R1_001,542_S360_R1_001,542_23-184B-4,542,396,1,21,16,542,23,184B,1613,4,1622-23Dx1613-23,1622-23D,1613-23,184B_4,Plant#4,1613-23_1622-23D,1613-23,1622-23D,23,-0.92966892483268,-3.55513126875566,-2.56895950421838,2
SM:543_S372_R1_001,543_S372_R1_001,543_23-184B-3,543,397,1,21,17,543,23,184B,1613,3,1622-23Dx1613-23,1622-23D,1613-23,184B_3,Plant#3,1613-23_1622-23D,1613-23,1622-23D,23,-6.04204068629529,-19.4392051930129,-14.0895996026179,1
SM:544_S384_R1_001,544_S384_R1_001,544_23-184B-7,544,398,1,21,18,544,23,184B,1613,7,1622-23Dx1613-23,1622-23D,1613-23,184B_7,Plant#7,1613-23_1622-23D,1613-23,1622-23D,23,8.99581508504102,-5.0477551217156,-11.1183551595809,2
SM:548_S395_R1_001,548_S395_R1_001,548_26-194B-8,548,399,1,21,19,548,26,194B,1613,8,1622-26Cx1613-26,1622-26C,1613-26,194B_8,Plant#8,1613-26_1622-26C,1613-26,1622-26C,26,-15.8402393767425,-10.4695875510701,4.20233507957824,2
SM:549_S407_R1_001,549_S407_R1_001,549_26-195B-4,549,400,1,22,1,549,26,195B,1613,4,1622-26Dx1613-26,1622-26D,1613-26,195B_4,Plant#4,1613-26_1622-26D,1613-26,1622-26D,26,-44.7370854866861,27.5799227682594,17.610095289829,3
SM:550_S325_R1_001,550_S325_R1_001,550_26-196B-4,550,401,1,22,2,550,26,196B,1613,4,1622-26Ex1613-26,1622-26E,1613-26,196B_4,Plant#4,1613-26_1622-26E,1613-26,1622-26E,26,22.0193740731508,5.35314875935906,17.1626030874334,2
SM:551_S337_R1_001,551_S337_R1_001,551_26-196B-5,551,402,1,22,3,551,26,196B,1613,5,1622-26Ex1613-26,1622-26E,1613-26,196B_5,Plant#5,1613-26_1622-26E,1613-26,1622-26E,26,-15.8475734672625,-15.4327137828845,-8.59912490591742,1
SM:552_S349_R1_001,552_S349_R1_001,552_26-196B-6-A,552,403,1,22,4,552,26,196B,1613,6-A,1622-26Ex1613-26,1622-26E,1613-26,196B_6-A,Plant#6,1613-26_1622-26E,1613-26,1622-26E,26,16.252423978141,6.11444366179288,59.1526128151284,2
SM:553_S361_R1_001,553_S361_R1_001,553_26-196B-6-B,553,404,1,22,5,553,26,196B,1613,6-B,1622-26Ex1613-26,1622-26E,1613-26,196B_6-B,Plant#6,1613-26_1622-26E,1613-26,1622-26E,26,-45.3745480570188,22.5557840708851,18.4772616426116,3
SM:555_S373_R1_001,555_S373_R1_001,555_26-201B-4,555,405,1,22,6,555,26,201B,1613,4,1622-26Jx1613-26,1622-26J,1613-26,201B_4,Plant#4,1613-26_1622-26J,1613-26,1622-26J,26,15.5029249331262,6.89480807084275,57.6422858805576,2
SM:557_S396_R1_001,557_S396_R1_001,557_26-201B-3,557,407,1,22,8,557,26,201B,1613,3,1622-26Jx1613-26,1622-26J,1613-26,201B_3,Plant#3,1613-26_1622-26J,1613-26,1622-26J,26,-48.7295129331157,31.3465597123496,12.0164292644093,3
SM:558_S408_R1_001,558_S408_R1_001,558_28-206B-5,558,408,1,22,9,558,28,206B,1613,5,1622-28Dx1613-28,1622-28D,1613-28,206B_5,Plant#5,1613-28_1622-28D,1613-28,1622-28D,28,6.891739161149,-9.2729050836671,4.62482234157095,2
SM:559_S326_R1_001,559_S326_R1_001,559_28-206B-7,559,409,1,22,10,559,28,206B,1613,7,1622-28Dx1613-28,1622-28D,1613-28,206B_7,Plant#7,1613-28_1622-28D,1613-28,1622-28D,28,25.3216935840877,-6.40539523933168,47.0779448735847,2
SM:561_S338_R1_001,561_S338_R1_001,561_28-211B-3,561,410,1,22,11,561,28,211B,1613,3,1622-28Kx1613-28,1622-28K,1613-28,211B_3,Plant#3,1613-28_1622-28K,1613-28,1622-28K,28,19.9136176360151,-5.18095297083442,2.95205397961383,2
SM:564_S350_R1_001,564_S350_R1_001,564_2-5B-5-B,564,411,1,22,12,564,2,5B,1613,5-B,1622-2Ex1613-2,1622-2E,1613-2,5B_5-B,Plant#5,1613-2_1622-2E,1613-2,1622-2E,2,31.7195094570014,51.9553002637938,-53.9876301378324,2
SM:565_S362_R1_001,565_S362_R1_001,565_2-5B-5-A,565,412,1,22,13,565,2,5B,1613,5-A,1622-2Ex1613-2,1622-2E,1613-2,5B_5-A,Plant#5,1613-2_1622-2E,1613-2,1622-2E,2,-22.1207515885484,39.0286392664217,-23.5801089756509,3
SM:570_S374_R1_001,570_S374_R1_001,570_30-218B-4,570,413,1,22,14,570,30,218B,1613,4,1622-30Ax1613-30,1622-30A,1613-30,218B_4,Plant#4,1613-30_1622-30A,1613-30,1622-30A,30,23.8495712074842,3.18313154715128,9.30897628789669,2
SM:572_S385_R1_001,572_S385_R1_001,572_20-223B-4,572,414,1,22,15,572,20,223B,1613,4,1622-30Gx1613-30,1622-30G,1613-30,223B_4,Plant#4,1613-30_1622-30G,1613-30,1622-30G,30,24.0941678399665,18.4271387063262,-15.5028482758816,2
SM:575_S397_R1_001,575_S397_R1_001,575_30-227B-5,575,415,1,22,16,575,30,227B,1613,5,1622-30Kx1613-30,1622-30K,1613-30,227B_5,Plant#5,1613-30_1622-30K,1613-30,1622-30K,30,28.3118444481292,-15.4491049242593,37.0268965000842,2
SM:576_S409_R1_001,576_S409_R1_001,576_30-227B-6,576,416,1,22,17,576,30,227B,1613,6,1622-30Kx1613-30,1622-30K,1613-30,227B_6,Plant#6,1613-30_1622-30K,1613-30,1622-30K,30,-34.9107741239378,13.7577077713875,19.6258392573848,3
SM:577_S327_R1_001,577_S327_R1_001,577_31-231B-3,577,417,1,22,18,577,31,231B,1613,3,1622-31Dx1613-31,1622-31D,1613-31,231B_3,Plant#3,1613-31_1622-31D,1613-31,1622-31D,31,8.79692617450544,-1.0749632904551,42.4160849695738,2
SM:581_S339_R1_001,581_S339_R1_001,581_3-10B-4,581,418,1,22,19,581,3,10B,1613,4,1622-3Bx1613-3,1622-3B,1613-3,10B_4,Plant#4,1613-3_1622-3B,1613-3,1622-3B,3,32.6820779429821,37.6053099884261,-61.332426526381,2
SM:582_S351_R1_001,582_S351_R1_001,582_3-10B-3,582,419,1,23,1,582,3,10B,1613,3,1622-3Bx1613-3,1622-3B,1613-3,10B_3,Plant#3,1613-3_1622-3B,1613-3,1622-3B,3,31.317306485475,42.3158973014827,-21.7165943528711,2
SM:584_S363_R1_001,584_S363_R1_001,584_3-11B-5,584,420,1,23,2,584,3,11B,1613,5,1622-3Cx1613-3,1622-3C,1613-3,11B_5,Plant#5,1613-3_1622-3C,1613-3,1622-3C,3,24.8305585704544,30.0705443892855,-37.9506375694688,2
SM:585_S375_R1_001,585_S375_R1_001,585_3-11B-7,585,421,1,23,3,585,3,11B,1613,7,1622-3Cx1613-3,1622-3C,1613-3,11B_7,Plant#7,1613-3_1622-3C,1613-3,1622-3C,3,41.5345349833768,56.3326923345818,-54.5814677046663,2
SM:586_S386_R1_001,586_S386_R1_001,586_3-13B-3,586,422,1,23,4,586,3,13B,1613,3,1622-3Fx1613-3,1622-3F,1613-3,13B_3,Plant#3,1613-3_1622-3F,1613-3,1622-3F,3,-34.7111638430574,49.6055485537482,-33.4873136848959,3
SM:587_S398_R1_001,587_S398_R1_001,587_3-16B-5,587,423,1,23,5,587,3,16B,1613,5,1622-3Jx1613-3,1622-3J,1613-3,16B_5,Plant#5,1613-3_1622-3J,1613-3,1622-3J,3,24.3322807170539,-2.27991894021817,-5.30301593956219,2
SM:588_S410_R1_001,588_S410_R1_001,588_3-16B-4,588,424,1,23,6,588,3,16B,1613,4,1622-3Jx1613-3,1622-3J,1613-3,16B_4,Plant#4,1613-3_1622-3J,1613-3,1622-3J,3,13.777644275263,19.2809613978144,-7.52285026921292,2
SM:593_S328_R1_001,593_S328_R1_001,593_5-31B-7,593,425,1,23,7,593,5,31B,1613,7,1622-5Ex1613-5,1622-5E,1613-5,31B_7,Plant#7,1613-5_1622-5E,1613-5,1622-5E,5,25.221206575226,-23.9458569204579,91.0682929813665,2
SM:594_S340_R1_001,594_S340_R1_001,594_5-31B-4,594,426,1,23,8,594,5,31B,1613,4,1622-5Ex1613-5,1622-5E,1613-5,31B_4,Plant#4,1613-5_1622-5E,1613-5,1622-5E,5,29.4942841267181,-20.4782241550023,50.5267399818319,2
SM:596_S352_R1_001,596_S352_R1_001,596_6-38B-7,596,427,1,23,9,596,6,38B,1613,7,1622-6Ax1613-6,1622-6A,1613-6,38B_7,Plant#7,1613-6_1622-6A,1613-6,1622-6A,6,22.7717855647585,18.9014374793671,-4.60500539162294,2
SM:598_S364_R1_001,598_S364_R1_001,598_6-41B-6,598,428,1,23,10,598,6,41B,1613,6,1622-6Dx1613-6,1622-6D,1613-6,41B_6,Plant#6,1613-6_1622-6D,1613-6,1622-6D,6,8.37460670751577,15.7271659296854,-28.2687686554022,2
SM:599_S376_R1_001,599_S376_R1_001,599_6-43B-3,599,429,1,23,11,599,6,43B,1613,3,1622-6Gx1613-6,1622-6G,1613-6,43B_3,Plant#3,1613-6_1622-6G,1613-6,1622-6G,6,-59.2924582736262,15.2578881790729,-14.3205837048353,3
SM:600_S387_R1_001,600_S387_R1_001,600_7-48B-4,600,430,1,23,12,600,7,48B,1613,4,1622-7Ax1613-7,1622-7A,1613-7,48B_4,Plant#4,1613-7_1622-7A,1613-7,1622-7A,7,3.98222528044496,-36.3409460163617,-16.4857770611214,1
SM:601_S399_R1_001,601_S399_R1_001,601_7-48B-3,601,431,1,23,13,601,7,48B,1613,3,1622-7Ax1613-7,1622-7A,1613-7,48B_3,Plant#3,1613-7_1622-7A,1613-7,1622-7A,7,30.7655706019623,14.1984203975424,-1.37103161618254,2
SM:603_S411_R1_001,603_S411_R1_001,603_7-49B-3,603,436,1,23,18,603,7,49B,1613,3,1622-7Bx1613-7,1622-7B,1613-7,49B_3,Plant#3,1613-7_1622-7B,1613-7,1622-7B,7,25.8196281726074,24.9984793201172,-28.3621658501145,2
SM:605_S457_R1_001,605_S457_R1_001,605_9-69B-3,605,432,1,23,14,605,9,69B,1613,3,1622-9Fx1613-9,1622-9F,1613-9,69B_3,Plant#3,1613-9_1622-9F,1613-9,1622-9F,9,27.2499151618277,36.1198298069814,-41.2989623881114,2
SM:607_S469_R1_001,607_S469_R1_001,607_9-70B-4,607,433,1,23,15,607,9,70B,1613,4,1622-9Gx1613-9,1622-9G,1613-9,70B_4,Plant#4,1613-9_1622-9G,1613-9,1622-9G,9,-4.46976179804447,1.20939300299446,-5.31442653017825,2
SM:608_S481_R1_001,608_S481_R1_001,608_23F-186A-2,608,434,1,23,16,608,23F,186A,1622,2,1613-23x1622-23F,1613-23,1622-23F,186A_2,Plant#2,1613-23_1622-23F,1613-23,1622-23F,23,29.5728357507533,-16.4222797458107,10.0549831908698,2
SM:609_S492_R1_001,609_S492_R1_001,609_29B-212A-2,609,435,1,23,17,609,29B,212A,1622,2,1613-29x1622-29B,1613-29,1622-29B,212A_2,Plant#2,1613-29_1622-29B,1613-29,1622-29B,29,33.2677060312543,14.7074356207962,1.655437038222,2
