Taxa,PL,Acc_roza2019,yes,Repeated,Number,sm,VCF
100A_S461_R1_001,4,100A,yes,NR,100A,SM:,SM:100A_S461_R1_001
100_S86_R1_001,4,100,yes,NR,100,SM:,SM:100_S86_R1_001
101A_S473_R1_001,4,101A,yes,NR,101A,SM:,SM:101A_S473_R1_001
102A_S485_R1_001,4,102A,yes,NR,102A,SM:,SM:102A_S485_R1_001
103A_S496_R1_001,4,103A,yes,NR,103A,SM:,SM:103A_S496_R1_001
104_S109_R1_001,4,104,yes,NR,104,SM:,SM:104_S109_R1_001
107_S121_R1_001,4,107,yes,NR,107,SM:,SM:107_S121_R1_001
108_S40_R1_001,4,108,yes,NR,108,SM:,SM:108_S40_R1_001
10A_S412_R1_001,4,10A,yes,NR,10A,SM:,SM:10A_S412_R1_001
111_S51_R1_001,4,111,yes,NR,111,SM:,SM:111_S51_R1_001
112A_S426_R1_001,4,112A,yes,NR,112A,SM:,SM:112A_S426_R1_001
112_S63_R1_001,4,112,yes,NR,112,SM:,SM:112_S63_R1_001
113_S75_R1_001,4,113,yes,NR,113,SM:,SM:113_S75_R1_001
115_S87_R1_001,4,115,yes,NR,115,SM:,SM:115_S87_R1_001
116_S98_R1_001,4,116,yes,NR,116,SM:,SM:116_S98_R1_001
117_S110_R1_001,4,117,yes,NR,117,SM:,SM:117_S110_R1_001
118_S122_R1_001,4,118,yes,NR,118,SM:,SM:118_S122_R1_001
119A_S414_R1_001,4,119A,yes,NR,119A,SM:,SM:119A_S414_R1_001
121_S64_R1_001,4,121,yes,NR,121,SM:,SM:121_S64_R1_001
123_S76_R1_001,4,123,yes,NR,123,SM:,SM:123_S76_R1_001
124_S88_R1_001,4,124,yes,NR,124,SM:,SM:124_S88_R1_001
125_S99_R1_001,4,125,yes,NR,125,SM:,SM:125_S99_R1_001
126_S111_R1_001,4,126,yes,NR,126,SM:,SM:126_S111_R1_001
128_S123_R1_001,4,128,yes,NR,128,SM:,SM:128_S123_R1_001
129_S41_R1_001,4,129,yes,NR,129,SM:,SM:129_S41_R1_001
12_S468_R1_001,4,12,yes,NR,12,SM:,SM:12_S468_R1_001
130_S53_R1_001,4,130,yes,NR,130,SM:,SM:130_S53_R1_001
131_S65_R1_001,4,131,yes,NR,131,SM:,SM:131_S65_R1_001
133_S77_R1_001,4,133,yes,NR,133,SM:,SM:133_S77_R1_001
134_S89_R1_001,4,134,yes,NR,134,SM:,SM:134_S89_R1_001
135_S100_R1_001,4,135,yes,NR,135,SM:,SM:135_S100_R1_001
138B_S438_R1_001,4,138B,yes,NR,138B,SM:,SM:138B_S438_R1_001
138_S112_R1_001,4,138,yes,NR,138,SM:,SM:138_S112_R1_001
13_S16_R1_001,4,13,yes,NR,13,SM:,SM:13_S16_R1_001
140_S124_R1_001,4,140,yes,NR,140,SM:,SM:140_S124_R1_001
141_S42_R1_001,4,141,yes,NR,141,SM:,SM:141_S42_R1_001
143_S54_R1_001,4,143,yes,NR,143,SM:,SM:143_S54_R1_001
144_S66_R1_001,4,144,yes,NR,144,SM:,SM:144_S66_R1_001
145_S78_R1_001,4,145,yes,NR,145,SM:,SM:145_S78_R1_001
146_S90_R1_001,4,146,yes,NR,146,SM:,SM:146_S90_R1_001
147_S101_R1_001,4,147,yes,NR,147,SM:,SM:147_S101_R1_001
149_S113_R1_001,4,149,yes,NR,149,SM:,SM:149_S113_R1_001
14_S20_R1_001,4,14,yes,NR,14,SM:,SM:14_S20_R1_001
150_S125_R1_001,4,150,yes,NR,150,SM:,SM:150_S125_R1_001
151_S43_R1_001,4,151,yes,NR,151,SM:,SM:151_S43_R1_001
152_S55_R1_001,4,152,yes,NR,152,SM:,SM:152_S55_R1_001
153_S67_R1_001,4,153,yes,NR,153,SM:,SM:153_S67_R1_001
155_S79_R1_001,4,155,yes,NR,155,SM:,SM:155_S79_R1_001
156_S91_R1_001,4,156,yes,NR,156,SM:,SM:156_S91_R1_001
157_S102_R1_001,4,157,yes,NR,157,SM:,SM:157_S102_R1_001
158_S114_R1_001,4,158,yes,NR,158,SM:,SM:158_S114_R1_001
15B_S424_R1_001,4,15B,yes,NR,15B,SM:,SM:15B_S424_R1_001
15_S24_R1_001,4,15,yes,NR,15,SM:,SM:15_S24_R1_001
1608-02_S479_R1_001,4,1608-02,yes,NR,1608-02,SM:,SM:1608-02_S479_R1_001
1608-05_S431_R1_001,4,1608-05,yes,NR,1608-05,SM:,SM:1608-05_S431_R1_001
1608-14_S455_R1_001,4,1608-14,yes,NR,1608-14,SM:,SM:1608-14_S455_R1_001
1608-15_S52_R1_001,4,1608-15,yes,NR,1608-15,SM:,SM:1608-15_S52_R1_001
1608-19_S443_R1_001,4,1608-19,yes,NR,1608-19,SM:,SM:1608-19_S443_R1_001
1608-23_S467_R1_001,4,1608-23,yes,NR,1608-23,SM:,SM:1608-23_S467_R1_001
1608-24_S478_R1_001,4,1608-24,yes,NR,1608-24,SM:,SM:1608-24_S478_R1_001
160_S126_R1_001,4,160,yes,NR,160,SM:,SM:160_S126_R1_001
1613-02_S465_R1_001,4,1613-02,yes,NR,1613-02,SM:,SM:1613-02_S465_R1_001
1613-08_S419_R1_001,4,1613-08,yes,NR,1613-08,SM:,SM:1613-08_S419_R1_001
1613-10_S477_R1_001,4,1613-10,yes,NR,1613-10,SM:,SM:1613-10_S477_R1_001
1613-11_S489_R1_001,4,1613-11,yes,NR,1613-11,SM:,SM:1613-11_S489_R1_001
1613-12_S430_R1_001,4,1613-12,yes,NR,1613-12,SM:,SM:1613-12_S430_R1_001
1613-20_S454_R1_001,4,1613-20,yes,NR,1613-20,SM:,SM:1613-20_S454_R1_001
1613-21_S418_R1_001,4,1613-21,yes,NR,1613-21,SM:,SM:1613-21_S418_R1_001
1613-22_S466_R1_001,4,1613-22,yes,NR,1613-22,SM:,SM:1613-22_S466_R1_001
1613-23_S442_R1_001,4,1613-23,yes,NR,1613-23,SM:,SM:1613-23_S442_R1_001
1613-29_H07_S501_R1_001,4,1613-29_H07,yes,R,1613-29_H07,SM:,SM:1613-29_H07_S501_R1_001
1613-29_S500_R1_001,4,1613-29,yes,R,1613-29,SM:,SM:1613-29_S500_R1_001
161_S44_R1_001,4,161,yes,NR,161,SM:,SM:161_S44_R1_001
1622-12B_S490_R1_001,4,1622-12B,yes,NR,1622-12B,SM:,SM:1622-12B_S490_R1_001
163_S56_R1_001,4,163,yes,NR,163,SM:,SM:163_S56_R1_001
164_S68_R1_001,4,164,yes,NR,164,SM:,SM:164_S68_R1_001
166B_S450_R1_001,4,166B,yes,NR,166B,SM:,SM:166B_S450_R1_001
166_S80_R1_001,4,166,yes,NR,166,SM:,SM:166_S80_R1_001
168_S92_R1_001,4,168,yes,NR,168,SM:,SM:168_S92_R1_001
169_S10_R1_001,4,169,yes,NR,169,SM:,SM:169_S10_R1_001
16_S28_R1_001,4,16,yes,NR,16,SM:,SM:16_S28_R1_001
170B_S462_R1_001,4,170B,yes,NR,170B,SM:,SM:170B_S462_R1_001
170_S115_R1_001,4,170,yes,NR,170,SM:,SM:170_S115_R1_001
172A_S474_R1_001,4,172A,yes,NR,172A,SM:,SM:172A_S474_R1_001
172_S127_R1_001,4,172,yes,NR,172,SM:,SM:172_S127_R1_001
173_S45_R1_001,4,173,yes,NR,173,SM:,SM:173_S45_R1_001
175_S57_R1_001,4,175,yes,NR,175,SM:,SM:175_S57_R1_001
176_S69_R1_001,4,176,yes,NR,176,SM:,SM:176_S69_R1_001
178_S81_R1_001,4,178,yes,NR,178,SM:,SM:178_S81_R1_001
17_S480_R1_001,4,17,yes,NR,17,SM:,SM:17_S480_R1_001
180B_S486_R1_001,4,180B,yes,NR,180B,SM:,SM:180B_S486_R1_001
183_S93_R1_001,4,183,yes,NR,183,SM:,SM:183_S93_R1_001
184_S104_R1_001,4,184,yes,NR,184,SM:,SM:184_S104_R1_001
185B_S497_R1_001,4,185B,yes,NR,185B,SM:,SM:185B_S497_R1_001
186_S116_R1_001,4,186,yes,NR,186,SM:,SM:186_S116_R1_001
187_S15_R1_001,4,187,yes,NR,187,SM:,SM:187_S15_R1_001
188_S5_R1_001,4,188,yes,NR,188,SM:,SM:188_S5_R1_001
189_S58_R1_001,4,189,yes,NR,189,SM:,SM:189_S58_R1_001
18_S32_R1_001,4,18,yes,NR,18,SM:,SM:18_S32_R1_001
190_S70_R1_001,4,190,yes,NR,190,SM:,SM:190_S70_R1_001
191_S82_R1_001,4,191,yes,NR,191,SM:,SM:191_S82_R1_001
193_S94_R1_001,4,193,yes,NR,193,SM:,SM:193_S94_R1_001
194_S105_R1_001,4,194,yes,NR,194,SM:,SM:194_S105_R1_001
195_S117_R1_001,4,195,yes,NR,195,SM:,SM:195_S117_R1_001
196_S129_R1_001,4,196,yes,NR,196,SM:,SM:196_S129_R1_001
198_S130_R1_001,4,198,yes,NR,198,SM:,SM:198_S130_R1_001
199_S141_R1_001,4,199,yes,NR,199,SM:,SM:199_S141_R1_001
19_S2_R1_001,4,19,yes,NR,19,SM:,SM:19_S2_R1_001
1_S502_R1_001,4,1,yes,NR,1,SM:,SM:1_S502_R1_001
200B_S415_R1_001,4,200B,yes,NR,200B,SM:,SM:200B_S415_R1_001
200_S153_R1_001,4,200,yes,NR,200,SM:,SM:200_S153_R1_001
201A_S427_R1_001,4,201A,yes,NR,201A,SM:,SM:201A_S427_R1_001
201_S165_R1_001,4,201,yes,NR,201,SM:,SM:201_S165_R1_001
202B_S439_R1_001,4,202B,yes,NR,202B,SM:,SM:202B_S439_R1_001
203A_S451_R1_001,4,203A,yes,NR,203A,SM:,SM:203A_S451_R1_001
203B_S463_R1_001,4,203B,yes,NR,203B,SM:,SM:203B_S463_R1_001
204B_S475_R1_001,4,204B,yes,NR,204B,SM:,SM:204B_S475_R1_001
204_S176_R1_001,4,204,yes,NR,204,SM:,SM:204_S176_R1_001
206_S188_R1_001,4,206,yes,NR,206,SM:,SM:206_S188_R1_001
207A_S498_R1_001,4,207A,yes,NR,207A,SM:,SM:207A_S498_R1_001
207B_S416_R1_001,4,207B,yes,NR,207B,SM:,SM:207B_S416_R1_001
207_S200_R1_001,4,207,yes,NR,207,SM:,SM:207_S200_R1_001
208B_S428_R1_001,4,208B,yes,NR,208B,SM:,SM:208B_S428_R1_001
208_S212_R1_001,4,208,yes,NR,208,SM:,SM:208_S212_R1_001
209B_S440_R1_001,4,209B,yes,NR,209B,SM:,SM:209B_S440_R1_001
20_S7_R1_001,4,20,yes,NR,20,SM:,SM:20_S7_R1_001
210A_S452_R1_001,4,210A,yes,NR,210A,SM:,SM:210A_S452_R1_001
210_S131_R1_001,4,210,yes,NR,210,SM:,SM:210_S131_R1_001
211A_S464_R1_001,4,211A,yes,NR,211A,SM:,SM:211A_S464_R1_001
211_S142_R1_001,4,211,yes,NR,211,SM:,SM:211_S142_R1_001
212A_S476_R1_001,4,212A,yes,NR,212A,SM:,SM:212A_S476_R1_001
212B_S488_R1_001,4,212B,yes,NR,212B,SM:,SM:212B_S488_R1_001
212_S154_R1_001,4,212,yes,NR,212,SM:,SM:212_S154_R1_001
213_S35_R1_001,4,213,yes,NR,213,SM:,SM:213_S35_R1_001
214_S177_R1_001,4,214,yes,NR,214,SM:,SM:214_S177_R1_001
215_S189_R1_001,4,215,yes,NR,215,SM:,SM:215_S189_R1_001
217_S201_R1_001,4,217,yes,NR,217,SM:,SM:217_S201_R1_001
219_S132_R1_001,4,219,yes,NR,219,SM:,SM:219_S132_R1_001
220_S143_R1_001,4,220,yes,NR,220,SM:,SM:220_S143_R1_001
221B_S499_R1_001,4,221B,yes,NR,221B,SM:,SM:221B_S499_R1_001
223_S155_R1_001,4,223,yes,NR,223,SM:,SM:223_S155_R1_001
224_S166_R1_001,4,224,yes,NR,224,SM:,SM:224_S166_R1_001
225_S178_R1_001,4,225,yes,NR,225,SM:,SM:225_S178_R1_001
226_S190_R1_001,4,226,yes,NR,226,SM:,SM:226_S190_R1_001
227_S202_R1_001,4,227,yes,NR,227,SM:,SM:227_S202_R1_001
229_S214_R1_001,4,229,yes,NR,229,SM:,SM:229_S214_R1_001
22_S12_R1_001,4,22,yes,NR,22,SM:,SM:22_S12_R1_001
230_S503_R1_001,4,230,yes,NR,230,SM:,SM:230_S503_R1_001
231_S144_R1_001,4,231,yes,NR,231,SM:,SM:231_S144_R1_001
232_S156_R1_001,4,232,yes,NR,232,SM:,SM:232_S156_R1_001
233_S167_R1_001,4,233,yes,NR,233,SM:,SM:233_S167_R1_001
234_S179_R1_001,4,234,yes,NR,234,SM:,SM:234_S179_R1_001
235_S191_R1_001,4,235,yes,NR,235,SM:,SM:235_S191_R1_001
236B_S417_R1_001,4,236B,yes,NR,236B,SM:,SM:236B_S417_R1_001
236_S203_R1_001,4,236,yes,NR,236,SM:,SM:236_S203_R1_001
238_S215_R1_001,4,238,yes,NR,238,SM:,SM:238_S215_R1_001
239_S133_R1_001,4,239,yes,NR,239,SM:,SM:239_S133_R1_001
23_S17_R1_001,4,23,yes,NR,23,SM:,SM:23_S17_R1_001
240_S145_R1_001,4,240,yes,NR,240,SM:,SM:240_S145_R1_001
241A_S429_R1_001,4,241A,yes,NR,241A,SM:,SM:241A_S429_R1_001
241_S157_R1_001,4,241,yes,NR,241,SM:,SM:241_S157_R1_001
242A_S441_R1_001,4,242A,yes,NR,242A,SM:,SM:242A_S441_R1_001
242_S168_R1_001,4,242,yes,NR,242,SM:,SM:242_S168_R1_001
243_S180_R1_001,4,243,yes,NR,243,SM:,SM:243_S180_R1_001
244_S192_R1_001,4,244,yes,NR,244,SM:,SM:244_S192_R1_001
245_S204_R1_001,4,245,yes,NR,245,SM:,SM:245_S204_R1_001
247_S216_R1_001,4,247,yes,NR,247,SM:,SM:247_S216_R1_001
248_S134_R1_001,4,248,yes,NR,248,SM:,SM:248_S134_R1_001
249_S146_R1_001,4,249,yes,NR,249,SM:,SM:249_S146_R1_001
24_S21_R1_001,4,24,yes,NR,24,SM:,SM:24_S21_R1_001
250_S158_R1_001,4,250,yes,NR,250,SM:,SM:250_S158_R1_001
251_S169_R1_001,4,251,yes,NR,251,SM:,SM:251_S169_R1_001
252_S181_R1_001,4,252,yes,NR,252,SM:,SM:252_S181_R1_001
253_S193_R1_001,4,253,yes,NR,253,SM:,SM:253_S193_R1_001
255_S205_R1_001,4,255,yes,NR,255,SM:,SM:255_S205_R1_001
257_S217_R1_001,4,257,yes,NR,257,SM:,SM:257_S217_R1_001
258_A07_S135_R1_001,4,'258_A07,yes,R,258_A07,SM:,SM:258_A07_S135_R1_001
258_S103_R1_001,4,258,yes,R,258,SM:,SM:258_S103_R1_001
25_S25_R1_001,4,25,yes,NR,25,SM:,SM:25_S25_R1_001
263_S159_R1_001,4,263,yes,NR,263,SM:,SM:263_S159_R1_001
264_S170_R1_001,4,264,yes,NR,264,SM:,SM:264_S170_R1_001
265_S182_R1_001,4,265,yes,NR,265,SM:,SM:265_S182_R1_001
266_S194_R1_001,4,266,yes,NR,266,SM:,SM:266_S194_R1_001
267_S206_R1_001,4,267,yes,NR,267,SM:,SM:267_S206_R1_001
268_S218_R1_001,4,268,yes,NR,268,SM:,SM:268_S218_R1_001
269_S136_R1_001,4,269,yes,NR,269,SM:,SM:269_S136_R1_001
26_S29_R1_001,4,26,yes,NR,26,SM:,SM:26_S29_R1_001
271_S148_R1_001,4,271,yes,NR,271,SM:,SM:271_S148_R1_001
272_S160_R1_001,4,272,yes,NR,272,SM:,SM:272_S160_R1_001
273_S171_R1_001,4,273,yes,NR,273,SM:,SM:273_S171_R1_001
274_S183_R1_001,4,274,yes,NR,274,SM:,SM:274_S183_R1_001
275_S195_R1_001,4,275,yes,NR,275,SM:,SM:275_S195_R1_001
27_S491_R1_001,4,27,yes,NR,27,SM:,SM:27_S491_R1_001
280_S207_R1_001,4,280,yes,NR,280,SM:,SM:280_S207_R1_001
282_S219_R1_001,4,282,yes,NR,282,SM:,SM:282_S219_R1_001
284_S137_R1_001,4,284,yes,NR,284,SM:,SM:284_S137_R1_001
285_S149_R1_001,4,285,yes,NR,285,SM:,SM:285_S149_R1_001
286_S161_R1_001,4,286,yes,NR,286,SM:,SM:286_S161_R1_001
287_S172_R1_001,4,287,yes,NR,287,SM:,SM:287_S172_R1_001
288_S184_R1_001,4,288,yes,NR,288,SM:,SM:288_S184_R1_001
291_S196_R1_001,4,291,yes,NR,291,SM:,SM:291_S196_R1_001
295_S208_R1_001,4,295,yes,NR,295,SM:,SM:295_S208_R1_001
296_S220_R1_001,4,296,yes,NR,296,SM:,SM:296_S220_R1_001
297_S138_R1_001,4,297,yes,NR,297,SM:,SM:297_S138_R1_001
298_S150_R1_001,4,298,yes,NR,298,SM:,SM:298_S150_R1_001
299_S162_R1_001,4,299,yes,NR,299,SM:,SM:299_S162_R1_001
29_S3_R1_001,4,29,yes,NR,29,SM:,SM:29_S3_R1_001
2_S420_R1_001,4,2,yes,NR,2,SM:,SM:2_S420_R1_001
300_S173_R1_001,4,300,yes,NR,300,SM:,SM:300_S173_R1_001
302_S185_R1_001,4,302,yes,NR,302,SM:,SM:302_S185_R1_001
303_S197_R1_001,4,303,yes,NR,303,SM:,SM:303_S197_R1_001
304_S209_R1_001,4,304,yes,NR,304,SM:,SM:304_S209_R1_001
305_S221_R1_001,4,305,yes,NR,305,SM:,SM:305_S221_R1_001
306_S139_R1_001,4,306,yes,NR,306,SM:,SM:306_S139_R1_001
307_S151_R1_001,4,307,yes,NR,307,SM:,SM:307_S151_R1_001
308_S163_R1_001,4,308,yes,NR,308,SM:,SM:308_S163_R1_001
309_S174_R1_001,4,309,yes,NR,309,SM:,SM:309_S174_R1_001
30_S8_R1_001,4,30,yes,NR,30,SM:,SM:30_S8_R1_001
311_S186_R1_001,4,311,yes,NR,311,SM:,SM:311_S186_R1_001
312_S198_R1_001,4,312,yes,NR,312,SM:,SM:312_S198_R1_001
314_S210_R1_001,4,314,yes,NR,314,SM:,SM:314_S210_R1_001
315_S222_R1_001,4,315,yes,NR,315,SM:,SM:315_S222_R1_001
316_S140_R1_001,4,316,yes,NR,316,SM:,SM:316_S140_R1_001
318_S152_R1_001,4,318,yes,NR,318,SM:,SM:318_S152_R1_001
319_S164_R1_001,4,319,yes,NR,319,SM:,SM:319_S164_R1_001
320_S175_R1_001,4,320,yes,NR,320,SM:,SM:320_S175_R1_001
321_S187_R1_001,4,321,yes,NR,321,SM:,SM:321_S187_R1_001
322_S199_R1_001,4,322,yes,NR,322,SM:,SM:322_S199_R1_001
324_S211_R1_001,4,324,yes,NR,324,SM:,SM:324_S211_R1_001
325_S223_R1_001,4,325,yes,NR,325,SM:,SM:325_S223_R1_001
326_S224_R1_001,4,326,yes,NR,326,SM:,SM:326_S224_R1_001
327_S236_R1_001,4,327,yes,NR,327,SM:,SM:327_S236_R1_001
32B_S436_R1_001,4,32B,yes,NR,32B,SM:,SM:32B_S436_R1_001
330_S259_R1_001,4,330,yes,NR,330,SM:,SM:330_S259_R1_001
331_E01_S271_R1_001,4,'331_E01,yes,R,'331_E01,SM:,SM:331_E01_S271_R1_001
331_S128_R1_001,4,331,yes,R,331,SM:,SM:331_S128_R1_001
333_S294_R1_001,4,333,yes,NR,333,SM:,SM:333_S294_R1_001
334_S306_R1_001,4,334,yes,NR,334,SM:,SM:334_S306_R1_001
335_S225_R1_001,4,335,yes,NR,335,SM:,SM:335_S225_R1_001
337_S237_R1_001,4,337,yes,NR,337,SM:,SM:337_S237_R1_001
338_S248_R1_001,4,338,yes,NR,338,SM:,SM:338_S248_R1_001
339_S260_R1_001,4,339,yes,NR,339,SM:,SM:339_S260_R1_001
342_S272_R1_001,4,342,yes,NR,342,SM:,SM:342_S272_R1_001
343_S283_R1_001,4,343,yes,NR,343,SM:,SM:343_S283_R1_001
344_S295_R1_001,4,344,yes,NR,344,SM:,SM:344_S295_R1_001
34_S434_R1_001,4,34,yes,NR,34,SM:,SM:34_S434_R1_001
350_S307_R1_001,4,350,yes,NR,350,SM:,SM:350_S307_R1_001
351_S226_R1_001,4,351,yes,NR,351,SM:,SM:351_S226_R1_001
353_S238_R1_001,4,353,yes,NR,353,SM:,SM:353_S238_R1_001
354_S249_R1_001,4,354,yes,NR,354,SM:,SM:354_S249_R1_001
355_S261_R1_001,4,355,yes,NR,355,SM:,SM:355_S261_R1_001
356_S273_R1_001,4,356,yes,NR,356,SM:,SM:356_S273_R1_001
357_S284_R1_001,4,357,yes,NR,357,SM:,SM:357_S284_R1_001
358_S296_R1_001,4,358,yes,NR,358,SM:,SM:358_S296_R1_001
35_S446_R1_001,4,35,yes,NR,35,SM:,SM:35_S446_R1_001
360_S308_R1_001,4,360,yes,NR,360,SM:,SM:360_S308_R1_001
361_S227_R1_001,4,361,yes,NR,361,SM:,SM:361_S227_R1_001
362_S239_R1_001,4,362,yes,NR,362,SM:,SM:362_S239_R1_001
363_S250_R1_001,4,363,yes,NR,363,SM:,SM:363_S250_R1_001
364_S262_R1_001,4,364,yes,NR,364,SM:,SM:364_S262_R1_001
366_S274_R1_001,4,366,yes,NR,366,SM:,SM:366_S274_R1_001
367_S285_R1_001,4,367,yes,NR,367,SM:,SM:367_S285_R1_001
368_S297_R1_001,4,368,yes,NR,368,SM:,SM:368_S297_R1_001
369_S309_R1_001,4,369,yes,NR,369,SM:,SM:369_S309_R1_001
36_S458_R1_001,4,36,yes,NR,36,SM:,SM:36_S458_R1_001
370_S228_R1_001,4,370,yes,NR,370,SM:,SM:370_S228_R1_001
371_S240_R1_001,4,371,yes,NR,371,SM:,SM:371_S240_R1_001
372_S251_R1_001,4,372,yes,NR,372,SM:,SM:372_S251_R1_001
373_S263_R1_001,4,373,yes,NR,373,SM:,SM:373_S263_R1_001
374_S275_R1_001,4,374,yes,NR,374,SM:,SM:374_S275_R1_001
375_S286_R1_001,4,375,yes,NR,375,SM:,SM:375_S286_R1_001
376_S298_R1_001,4,376,yes,NR,376,SM:,SM:376_S298_R1_001
378_S310_R1_001,4,378,yes,NR,378,SM:,SM:378_S310_R1_001
379_S229_R1_001,4,379,yes,NR,379,SM:,SM:379_S229_R1_001
37_S423_R1_001,4,37,yes,NR,37,SM:,SM:37_S423_R1_001
380_S241_R1_001,4,380,yes,NR,380,SM:,SM:380_S241_R1_001
381_S252_R1_001,4,381,yes,NR,381,SM:,SM:381_S252_R1_001
382_S264_R1_001,4,382,yes,NR,382,SM:,SM:382_S264_R1_001
383_S276_R1_001,4,383,yes,NR,383,SM:,SM:383_S276_R1_001
384_S287_R1_001,4,384,yes,NR,384,SM:,SM:384_S287_R1_001
385_S299_R1_001,4,385,yes,NR,385,SM:,SM:385_S299_R1_001
386_S311_R1_001,4,386,yes,NR,386,SM:,SM:386_S311_R1_001
387_S230_R1_001,4,387,yes,NR,387,SM:,SM:387_S230_R1_001
389_S242_R1_001,4,389,yes,NR,389,SM:,SM:389_S242_R1_001
38_S435_R1_001,4,38,yes,NR,38,SM:,SM:38_S435_R1_001
390_S253_R1_001,4,390,yes,NR,390,SM:,SM:390_S253_R1_001
391_S265_R1_001,4,391,yes,NR,391,SM:,SM:391_S265_R1_001
392_S277_R1_001,4,392,yes,NR,392,SM:,SM:392_S277_R1_001
393_S288_R1_001,4,393,yes,NR,393,SM:,SM:393_S288_R1_001
397_S300_R1_001,4,397,yes,NR,397,SM:,SM:397_S300_R1_001
39_S447_R1_001,4,39,yes,NR,39,SM:,SM:39_S447_R1_001
3_S432_R1_001,4,3,yes,NR,3,SM:,SM:3_S432_R1_001
400_S312_R1_001,4,400,yes,NR,400,SM:,SM:400_S312_R1_001
401_S231_R1_001,4,401,yes,NR,401,SM:,SM:401_S231_R1_001
402_S243_R1_001,4,402,yes,NR,402,SM:,SM:402_S243_R1_001
404_S254_R1_001,4,404,yes,NR,404,SM:,SM:404_S254_R1_001
405_S266_R1_001,4,405,yes,NR,405,SM:,SM:405_S266_R1_001
406_S278_R1_001,4,406,yes,NR,406,SM:,SM:406_S278_R1_001
408_S289_R1_001,4,408,yes,NR,408,SM:,SM:408_S289_R1_001
409_S301_R1_001,4,409,yes,NR,409,SM:,SM:409_S301_R1_001
40_S459_R1_001,4,40,yes,NR,40,SM:,SM:40_S459_R1_001
410_S313_R1_001,4,410,yes,NR,410,SM:,SM:410_S313_R1_001
411_S232_R1_001,4,411,yes,NR,411,SM:,SM:411_S232_R1_001
413_S244_R1_001,4,413,yes,NR,413,SM:,SM:413_S244_R1_001
414_S255_R1_001,4,414,yes,NR,414,SM:,SM:414_S255_R1_001
416_S267_R1_001,4,416,yes,NR,416,SM:,SM:416_S267_R1_001
41_S470_R1_001,4,41,yes,NR,41,SM:,SM:41_S470_R1_001
420_S279_R1_001,4,420,yes,NR,420,SM:,SM:420_S279_R1_001
421_S290_R1_001,4,421,yes,NR,421,SM:,SM:421_S290_R1_001
422_S302_R1_001,4,422,yes,NR,422,SM:,SM:422_S302_R1_001
423_S314_R1_001,4,423,yes,NR,423,SM:,SM:423_S314_R1_001
425_S233_R1_001,4,425,yes,NR,425,SM:,SM:425_S233_R1_001
427_S245_R1_001,4,427,yes,NR,427,SM:,SM:427_S245_R1_001
428_S256_R1_001,4,428,yes,NR,428,SM:,SM:428_S256_R1_001
42_S482_R1_001,4,42,yes,NR,42,SM:,SM:42_S482_R1_001
432_S268_R1_001,4,432,yes,NR,432,SM:,SM:432_S268_R1_001
435_S280_R1_001,4,435,yes,NR,435,SM:,SM:435_S280_R1_001
436_S291_R1_001,4,436,yes,NR,436,SM:,SM:436_S291_R1_001
437_S303_R1_001,4,437,yes,NR,437,SM:,SM:437_S303_R1_001
438_S315_R1_001,4,438,yes,NR,438,SM:,SM:438_S315_R1_001
439_S234_R1_001,4,439,yes,NR,439,SM:,SM:439_S234_R1_001
43_S493_R1_001,4,43,yes,NR,43,SM:,SM:43_S493_R1_001
440_S246_R1_001,4,440,yes,NR,440,SM:,SM:440_S246_R1_001
441_S257_R1_001,4,441,yes,NR,441,SM:,SM:441_S257_R1_001
442_S269_R1_001,4,442,yes,NR,442,SM:,SM:442_S269_R1_001
446_S281_R1_001,4,446,yes,NR,446,SM:,SM:446_S281_R1_001
447_S292_R1_001,4,447,yes,NR,447,SM:,SM:447_S292_R1_001
449_S304_R1_001,4,449,yes,NR,449,SM:,SM:449_S304_R1_001
44_S505_R1_001,4,44,yes,NR,44,SM:,SM:44_S505_R1_001
450_S316_R1_001,4,450,yes,NR,450,SM:,SM:450_S316_R1_001
451_S235_R1_001,4,451,yes,NR,451,SM:,SM:451_S235_R1_001
452_S247_R1_001,4,452,yes,NR,452,SM:,SM:452_S247_R1_001
453_S258_R1_001,4,453,yes,NR,453,SM:,SM:453_S258_R1_001
454_S270_R1_001,4,454,yes,NR,454,SM:,SM:454_S270_R1_001
456_S282_R1_001,4,456,yes,NR,456,SM:,SM:456_S282_R1_001
457_S293_R1_001,4,457,yes,NR,457,SM:,SM:457_S293_R1_001
459_S305_R1_001,4,459,yes,NR,459,SM:,SM:459_S305_R1_001
45_S471_R1_001,4,45,yes,NR,45,SM:,SM:45_S471_R1_001
461_S317_R1_001,4,461,yes,NR,461,SM:,SM:461_S317_R1_001
464_S329_R1_001,4,464,yes,NR,464,SM:,SM:464_S329_R1_001
465_S341_R1_001,4,465,yes,NR,465,SM:,SM:465_S341_R1_001
466_S353_R1_001,4,466,yes,NR,466,SM:,SM:466_S353_R1_001
467_S365_R1_001,4,467,yes,NR,467,SM:,SM:467_S365_R1_001
469_S377_R1_001,4,469,yes,NR,469,SM:,SM:469_S377_R1_001
46_S483_R1_001,4,46,yes,NR,46,SM:,SM:46_S483_R1_001
470_S388_R1_001,4,470,yes,NR,470,SM:,SM:470_S388_R1_001
475_S400_R1_001,4,475,yes,NR,475,SM:,SM:475_S400_R1_001
476_S318_R1_001,4,476,yes,NR,476,SM:,SM:476_S318_R1_001
477969_S453_R1_001,4,477969,yes,NR,477969,SM:,SM:477969_S453_R1_001
477_S330_R1_001,4,477,yes,NR,477,SM:,SM:477_S330_R1_001
478_S342_R1_001,4,478,yes,NR,478,SM:,SM:478_S342_R1_001
479_S354_R1_001,4,479,yes,NR,479,SM:,SM:479_S354_R1_001
47_S494_R1_001,4,47,yes,NR,47,SM:,SM:47_S494_R1_001
480_S366_R1_001,4,480,yes,NR,480,SM:,SM:480_S366_R1_001
481_S378_R1_001,4,481,yes,NR,481,SM:,SM:481_S378_R1_001
482_S389_R1_001,4,482,yes,NR,482,SM:,SM:482_S389_R1_001
483_S401_R1_001,4,483,yes,NR,483,SM:,SM:483_S401_R1_001
485_S319_R1_001,4,485,yes,NR,485,SM:,SM:485_S319_R1_001
486_S331_R1_001,4,486,yes,NR,486,SM:,SM:486_S331_R1_001
487_S343_R1_001,4,487,yes,NR,487,SM:,SM:487_S343_R1_001
488_S355_R1_001,4,488,yes,NR,488,SM:,SM:488_S355_R1_001
489_S367_R1_001,4,489,yes,NR,489,SM:,SM:489_S367_R1_001
48_S13_R1_001,4,48,yes,NR,48,SM:,SM:48_S13_R1_001
490_S379_R1_001,4,490,yes,NR,490,SM:,SM:490_S379_R1_001
492_S390_R1_001,4,492,yes,NR,492,SM:,SM:492_S390_R1_001
493_S402_R1_001,4,493,yes,NR,493,SM:,SM:493_S402_R1_001
494_S320_R1_001,4,494,yes,NR,494,SM:,SM:494_S320_R1_001
495_S332_R1_001,4,495,yes,NR,495,SM:,SM:495_S332_R1_001
496_S344_R1_001,4,496,yes,NR,496,SM:,SM:496_S344_R1_001
498_S356_R1_001,4,498,yes,NR,498,SM:,SM:498_S356_R1_001
499_E04_S368_R1_001,4,'499_E04,yes,R,499_E04,SM:,SM:499_E04_S368_R1_001
499_S46_R1_001,4,499,yes,R,499,SM:,SM:499_S46_R1_001
49_S18_R1_001,4,49,yes,NR,49,SM:,SM:49_S18_R1_001
4_S444_R1_001,4,4,yes,NR,4,SM:,SM:4_S444_R1_001
502_S380_R1_001,4,502,yes,NR,502,SM:,SM:502_S380_R1_001
503_S391_R1_001,4,503,yes,NR,503,SM:,SM:503_S391_R1_001
504_S403_R1_001,4,504,yes,NR,504,SM:,SM:504_S403_R1_001
505_S321_R1_001,4,505,yes,NR,505,SM:,SM:505_S321_R1_001
506_C10_S445_R1_001,4,'506_C10,yes,R,506_C10,SM:,SM:506_C10_S445_R1_001
506_S333_R1_001,4,506,yes,R,506,SM:,SM:506_S333_R1_001
507_S345_R1_001,4,507,yes,NR,507,SM:,SM:507_S345_R1_001
508_S357_R1_001,4,508,yes,NR,508,SM:,SM:508_S357_R1_001
509_S369_R1_001,4,509,yes,NR,509,SM:,SM:509_S369_R1_001
50_S22_R1_001,4,50,yes,NR,50,SM:,SM:50_S22_R1_001
510_S381_R1_001,4,510,yes,NR,510,SM:,SM:510_S381_R1_001
511_S392_R1_001,4,511,yes,NR,511,SM:,SM:511_S392_R1_001
512_S404_R1_001,4,512,yes,NR,512,SM:,SM:512_S404_R1_001
513_S322_R1_001,4,513,yes,NR,513,SM:,SM:513_S322_R1_001
514_S334_R1_001,4,514,yes,NR,514,SM:,SM:514_S334_R1_001
515_S346_R1_001,4,515,yes,NR,515,SM:,SM:515_S346_R1_001
518_S358_R1_001,4,518,yes,NR,518,SM:,SM:518_S358_R1_001
519_S370_R1_001,4,519,yes,NR,519,SM:,SM:519_S370_R1_001
51_S26_R1_001,4,51,yes,NR,51,SM:,SM:51_S26_R1_001
521_S382_R1_001,4,521,yes,NR,521,SM:,SM:521_S382_R1_001
522_S393_R1_001,4,522,yes,NR,522,SM:,SM:522_S393_R1_001
524_S405_R1_001,4,524,yes,NR,524,SM:,SM:524_S405_R1_001
525_S323_R1_001,4,525,yes,NR,525,SM:,SM:525_S323_R1_001
527_S335_R1_001,4,527,yes,NR,527,SM:,SM:527_S335_R1_001
528_S347_R1_001,4,528,yes,NR,528,SM:,SM:528_S347_R1_001
529_S359_R1_001,4,529,yes,NR,529,SM:,SM:529_S359_R1_001
52_S30_R1_001,4,52,yes,NR,52,SM:,SM:52_S30_R1_001
530_S371_R1_001,4,530,yes,NR,530,SM:,SM:530_S371_R1_001
532_S383_R1_001,4,532,yes,NR,532,SM:,SM:532_S383_R1_001
533_A10_S421_R1_001,4,'533_A10,yes,R,533_A10,SM:,SM:533_A10_S421_R1_001
533_S394_R1_001,4,533,yes,R,533,SM:,SM:533_S394_R1_001
535_S406_R1_001,4,535,yes,NR,535,SM:,SM:535_S406_R1_001
536_S324_R1_001,4,536,yes,NR,536,SM:,SM:536_S324_R1_001
537_S336_R1_001,4,537,yes,NR,537,SM:,SM:537_S336_R1_001
53_S34_R1_001,4,53,yes,NR,53,SM:,SM:53_S34_R1_001
540_S348_R1_001,4,540,yes,NR,540,SM:,SM:540_S348_R1_001
542_S360_R1_001,4,542,yes,NR,542,SM:,SM:542_S360_R1_001
543_S372_R1_001,4,543,yes,NR,543,SM:,SM:543_S372_R1_001
544_S384_R1_001,4,544,yes,NR,544,SM:,SM:544_S384_R1_001
548_S395_R1_001,4,548,yes,NR,548,SM:,SM:548_S395_R1_001
549_S407_R1_001,4,549,yes,NR,549,SM:,SM:549_S407_R1_001
54_S4_R1_001,4,54,yes,NR,54,SM:,SM:54_S4_R1_001
550_S325_R1_001,4,550,yes,NR,550,SM:,SM:550_S325_R1_001
551_S337_R1_001,4,551,yes,NR,551,SM:,SM:551_S337_R1_001
552_S349_R1_001,4,552,yes,NR,552,SM:,SM:552_S349_R1_001
553_S361_R1_001,4,553,yes,NR,553,SM:,SM:553_S361_R1_001
555_S373_R1_001,4,555,yes,NR,555,SM:,SM:555_S373_R1_001
557_S396_R1_001,4,557,yes,NR,557,SM:,SM:557_S396_R1_001
558_S408_R1_001,4,558,yes,NR,558,SM:,SM:558_S408_R1_001
559_S326_R1_001,4,559,yes,NR,559,SM:,SM:559_S326_R1_001
55_S9_R1_001,4,55,yes,NR,55,SM:,SM:55_S9_R1_001
561_S338_R1_001,4,561,yes,R,561,SM:,SM:561_S338_R1_001
561_S_006_S433_R1_001,4,'561_S_006,yes,R,561_S_006,SM:,SM:561_S_006_S433_R1_001
564_S350_R1_001,4,564,yes,NR,564,SM:,SM:564_S350_R1_001
565_S362_R1_001,4,565,yes,NR,565,SM:,SM:565_S362_R1_001
56_S14_R1_001,4,56,yes,NR,56,SM:,SM:56_S14_R1_001
570_S374_R1_001,4,570,yes,NR,570,SM:,SM:570_S374_R1_001
572_S385_R1_001,4,572,yes,NR,572,SM:,SM:572_S385_R1_001
575_S397_R1_001,4,575,yes,NR,575,SM:,SM:575_S397_R1_001
576_S409_R1_001,4,576,yes,NR,576,SM:,SM:576_S409_R1_001
577_S327_R1_001,4,577,yes,NR,577,SM:,SM:577_S327_R1_001
57_S19_R1_001,4,57,yes,NR,57,SM:,SM:57_S19_R1_001
581_S339_R1_001,4,581,yes,NR,581,SM:,SM:581_S339_R1_001
582_S351_R1_001,4,582,yes,NR,582,SM:,SM:582_S351_R1_001
584_S363_R1_001,4,584,yes,NR,584,SM:,SM:584_S363_R1_001
585_S375_R1_001,4,585,yes,NR,585,SM:,SM:585_S375_R1_001
586_S386_R1_001,4,586,yes,NR,586,SM:,SM:586_S386_R1_001
587_S398_R1_001,4,587,yes,NR,587,SM:,SM:587_S398_R1_001
588_S410_R1_001,4,588,yes,NR,588,SM:,SM:588_S410_R1_001
593_S328_R1_001,4,593,yes,NR,593,SM:,SM:593_S328_R1_001
594_S340_R1_001,4,594,yes,NR,594,SM:,SM:594_S340_R1_001
596_S352_R1_001,4,596,yes,NR,596,SM:,SM:596_S352_R1_001
598_S364_R1_001,4,598,yes,NR,598,SM:,SM:598_S364_R1_001
599_S376_R1_001,4,599,yes,NR,599,SM:,SM:599_S376_R1_001
59_S23_R1_001,4,59,yes,NR,59,SM:,SM:59_S23_R1_001
5_S1_R1_001,4,5,yes,NR,5,SM:,SM:5_S1_R1_001
600_S387_R1_001,4,600,yes,NR,600,SM:,SM:600_S387_R1_001
601_S399_R1_001,4,601,yes,NR,601,SM:,SM:601_S399_R1_001
603_S411_R1_001,4,603,yes,NR,603,SM:,SM:603_S411_R1_001
605_S457_R1_001,4,605,yes,NR,605,SM:,SM:605_S457_R1_001
607_S469_R1_001,4,607,yes,NR,607,SM:,SM:607_S469_R1_001
608_S481_R1_001,4,608,yes,NR,608,SM:,SM:608_S481_R1_001
609_S492_R1_001,4,609,yes,NR,609,SM:,SM:609_S492_R1_001
60_S27_R1_001,4,60,yes,NR,60,SM:,SM:60_S27_R1_001
62_S31_R1_001,4,62,yes,NR,62,SM:,SM:62_S31_R1_001
63_S36_R1_001,4,63,yes,NR,63,SM:,SM:63_S36_R1_001
64_S47_R1_001,4,64,yes,NR,64,SM:,SM:64_S47_R1_001
65_S59_R1_001,4,65,yes,NR,65,SM:,SM:65_S59_R1_001
66_S71_R1_001,4,66,yes,NR,66,SM:,SM:66_S71_R1_001
67A_S448_R1_001,4,67A,yes,NR,67A,SM:,SM:67A_S448_R1_001
67_S83_R1_001,4,67,yes,NR,67,SM:,SM:67_S83_R1_001
68A_S460_R1_001,4,68A,yes,NR,68A,SM:,SM:68A_S460_R1_001
68_S95_R1_001,4,68,yes,NR,68,SM:,SM:68_S95_R1_001
69_S106_R1_001,4,69,yes,NR,69,SM:,SM:69_S106_R1_001
6_S6_R1_001,4,6,yes,NR,6,SM:,SM:6_S6_R1_001
70_S118_R1_001,4,70,yes,NR,70,SM:,SM:70_S118_R1_001
72_S37_R1_001,4,72,yes,NR,72,SM:,SM:72_S37_R1_001
74B_S472_R1_001,4,74B,yes,NR,74B,SM:,SM:74B_S472_R1_001
74_S48_R1_001,4,74,yes,NR,74,SM:,SM:74_S48_R1_001
76_S60_R1_001,4,76,yes,NR,76,SM:,SM:76_S60_R1_001
77_S72_R1_001,4,77,yes,NR,77,SM:,SM:77_S72_R1_001
79_S84_R1_001,4,79,yes,NR,79,SM:,SM:79_S84_R1_001
7_S456_R1_001,4,7,yes,NR,7,SM:,SM:7_S456_R1_001
81_S96_R1_001,4,81,yes,NR,81,SM:,SM:81_S96_R1_001
82_S107_R1_001,4,82,yes,NR,82,SM:,SM:82_S107_R1_001
83A_S484_R1_001,4,83A,yes,NR,83A,SM:,SM:83A_S484_R1_001
83B_S495_R1_001,4,83B,yes,NR,83B,SM:,SM:83B_S495_R1_001
83_S119_R1_001,4,83,yes,NR,83,SM:,SM:83_S119_R1_001
84A_S413_R1_001,4,84A,yes,NR,84A,SM:,SM:84A_S413_R1_001
84B_S425_R1_001,4,84B,yes,NR,84B,SM:,SM:84B_S425_R1_001
85_S38_R1_001,4,85,yes,NR,85,SM:,SM:85_S38_R1_001
87_S49_R1_001,4,87,yes,NR,87,SM:,SM:87_S49_R1_001
88_S61_R1_001,4,88,yes,NR,88,SM:,SM:88_S61_R1_001
89_S73_R1_001,4,89,yes,NR,89,SM:,SM:89_S73_R1_001
90_S85_R1_001,4,90,yes,NR,90,SM:,SM:90_S85_R1_001
92_S97_R1_001,4,92,yes,NR,92,SM:,SM:92_S97_R1_001
93_S108_R1_001,4,93,yes,NR,93,SM:,SM:93_S108_R1_001
94_S120_R1_001,4,94,yes,NR,94,SM:,SM:94_S120_R1_001
95B_S437_R1_001,4,95B,yes,NR,95B,SM:,SM:95B_S437_R1_001
95_S39_R1_001,4,95,yes,NR,95,SM:,SM:95_S39_R1_001
96_S50_R1_001,4,96,yes,NR,96,SM:,SM:96_S50_R1_001
97_S62_R1_001,4,97,yes,NR,97,SM:,SM:97_S62_R1_001
98A_S449_R1_001,4,98A,yes,NR,98A,SM:,SM:98A_S449_R1_001
98_S74_R1_001,4,98,yes,NR,98,SM:,SM:98_S74_R1_001
9_S11_R1_001,4,9,yes,NR,9,SM:,SM:9_S11_R1_001
